GrB WER CER EER NHU EHU CHU SMI CMI NCMI NMI WON EON WSU CSU ESU LSC NR SB SMR WB NCGeB CON
19721220 55.2 0.3 0 0 7 19.5 9.5 5 6.6 5.1 5.1 0 0 24.1 22.2 8.1 75.9 NA 52.2 97.8 13 40.2 0.2
19721221 57.1 0.3 0 0 6.7 18.4 9.2 5 6.3 5.2 7.6 0 0.1 24 21.5 8.1 67.9 NA 52.2 95.5 12.3 38.3 0.5
19721222 58.7 0.3 0 0 6.5 16.7 8.9 5 6.3 5.3 10.1 0 0.1 23 21.2 8 60.2 NA 52 92.8 11.4 35.9 0.8
19721223 59.4 0.2 0 0 6.2 15.2 8.4 5 5.9 5.4 12.1 0 0.2 21.7 20.2 7.8 50.7 NA 52 90.4 10.6 33 1
19721224 60 0.2 0 0 5.9 13.6 8.1 5 5.9 5.6 14.6 0 0.2 21.7 19.6 7.8 45.9 NA 51.8 87 9.7 31.1 1.3
19721225 61.9 0.1 0 0 0.8 8.3 3.2 5 5.6 5.7 17 0 0.3 17.8 15.4 3.1 37.9 NA 49.6 84.7 4.6 28.7 1.5
19721226 63.6 0.1 0 0 0.6 6.7 2.9 5 5.3 5.8 19.5 0 0.4 17.6 15 3.2 30.1 NA 49.4 82 3.7 26.6 1.8
19721227 64.2 0 0 0 0.2 5.1 2.4 5 5.3 5.9 21.5 0 0.4 15.6 14.1 2.8 20.7 NA 49.4 79.7 2.9 23.4 2.1
19721228 64.8 0 0 0 0 3.5 2.1 5 5 6 24 0 0.5 15.4 13.3 2.8 12.8 NA 49.2 76.3 2 21.3 2.3
19721229 64.4 3.3 0.1 0 0.2 4.5 1.6 5 5 5.9 22 0 1.5 13.9 13.9 4.1 17.2 NA 46 80.5 4.5 27.9 2.3
19721230 64.5 6.6 0.2 0 0.4 5.4 1.3 5 5 5.8 19.4 0 2.4 12 14.1 5.3 19.7 NA 43.1 85 7.1 33.9 2.2
19721231 66 9.8 0.4 0 0.4 7.3 0.9 0 0 0.9 14.7 0 3.4 10.5 14.7 6.4 24.1 NA 40.4 87.9 11.7 40.2 2.2
19730101 66 13.1 0.5 0 0.6 8.3 0.6 0 0 0.8 12.1 0 4.3 8.7 14.9 7.6 26.6 NA 37.6 92.3 14.3 46.2 2.1
19730102 65.6 16.4 0.6 0 0.7 9.3 0.1 0 0 0.7 10.1 0 5.3 7.2 15.5 8.9 31.1 NA 34.3 96.6 16.8 52.8 2.1
19730103 68 26.3 1.6 0.9 2.2 9.8 1.8 1 0.6 1.4 16 4.3 9.5 11.7 18.2 9.4 31.7 NA 42.7 97 25.5 51.6 3.2
19730104 74.7 37.7 2.8 2.7 4 10.3 3.9 1.9 1.1 2 22.3 6.5 14.5 17.6 20.8 9.8 31.4 NA 50.7 97.7 33.7 50.8 4.8
19730105 77.1 47.5 3.8 3.6 5.5 10.8 5.7 2.9 1.7 2.8 28.3 10.8 18.7 22.2 23.4 10.3 32 NA 59.1 98.1 42.3 49.6 6
19730106 80.8 56.3 9 9.5 11.3 13.7 11.5 7.9 6.6 8.2 37.3 18 26.7 28.7 28.7 15 30.7 NA 65.4 98.5 54.6 46.6 11.7
19730107 83.1 66.2 10 10.4 12.7 14.2 13.3 8.9 7.1 9 43.3 22.3 30.9 33.2 31.3 15.5 31.3 NA 73.7 98.9 63.3 45.4 12.9
19730108 89.9 77.6 11.1 12.2 14.5 14.7 15.3 9.9 7.7 9.6 49.5 24.5 35.9 39.1 34 15.9 31 NA 81.7 99.6 71.5 44.6 14.5
19730109 92.3 87.4 12.2 13.1 16 15.2 17.1 10.8 8.2 10.3 55.5 28.8 40.1 43.7 36.6 16.4 31.7 NA 90.1 100 80.1 43.4 15.7
19730110 93.5 87.3 15.9 14.2 16.4 13.5 16.6 15 9.1 9.5 51.1 26.1 39.1 43.2 34.1 15.5 42 NA 88.6 100 81.3 42.3 15.2
19730111 94.8 86.7 19.3 15.3 17.9 11.8 16.2 17.9 9.7 8.9 48.6 23.9 38.1 40.7 31.2 14.7 50 NA 87.7 100 84.8 41.6 14.5
19730112 96.1 86.5 23 16.4 18.4 10.1 15.8 22.1 10.6 8 44.2 21.2 37.1 40.3 28.6 13.8 60.3 NA 86.2 100 86 40.6 14
19730113 96.1 86.6 25.2 13.3 15.7 7.3 12.6 22.9 7.2 2.7 38 15.7 33.2 36.5 23.4 9.3 66.3 NA 84.6 95.4 87.3 36.7 9.4
19730114 97.4 86.5 28.9 14.4 16.1 5.6 12.2 27.1 8.1 1.8 33.6 13 32.1 36 20.8 8.4 76.6 NA 83.1 95.4 88.4 35.6 8.9
19730115 98.7 85.9 32.3 15.5 17.6 3.9 11.8 30 8.7 1.2 31.1 10.8 31.2 33.5 17.9 7.7 84.6 NA 82.2 95.4 91.9 35 8.3
19730116 100 85.8 36 16.6 18 2.2 11.4 34.1 9.6 0.4 26.8 8.1 30.1 33.1 15.4 6.7 94.9 NA 80.7 95.4 93.1 33.9 7.8
19730117 97.5 80 31.5 13.9 15.9 2 10.1 29 8.2 0.3 25.2 7.3 30.4 30.2 15.3 6.8 94.7 NA 74.8 95.4 83.4 33 7
19730118 95.9 74.8 26.6 12.4 13 1.5 8.6 23.9 6.7 0.3 23.6 5.7 30.6 26.9 15 7.3 94.5 NA 68.9 95.4 73.3 32.2 5.5
19730119 93.5 69.1 22.1 9.7 10.9 1.3 7.4 18.8 5.3 0.2 22.1 4.9 30.8 24 15 7.3 94.4 NA 63 95.3 63.5 31.3 4.7
19730120 91 63.4 16.5 6.9 8.3 0.9 4 15.4 4.3 0.2 20.9 3.2 30.3 21.9 13.5 7.2 92.2 NA 58.4 95.2 52.7 30.5 3.1
19730121 88.6 57.6 11.9 4.2 6.2 0.7 2.7 10.2 2.9 0.1 19.4 2.4 30.5 19 13.5 7.3 92.1 NA 52.5 95.2 43 29.7 2.3
19730122 86.9 52.4 7.1 2.7 3.3 0.2 1.3 5.1 1.4 0.1 17.8 0.8 30.7 15.8 13.1 7.7 91.9 NA 46.7 95.1 32.9 28.8 0.8
19730123 84.5 46.6 2.5 0 1.1 0 0 0 0 0.1 16.3 0 31 12.8 13.1 7.8 91.7 NA 40.8 95.1 23.2 28 0
19730124 84.9 45.9 3.2 0.8 3 0.7 1 0 0 4.3 28.4 2 38.6 13.6 13.8 9.5 91.9 NA 46 95.1 33.7 31.4 1.6
19730125 85.6 43.5 3.7 1.6 4.8 0.7 2 0 0 7.7 38 5.6 44.5 14.4 14.8 11.3 92.1 NA 51.3 95.2 42.2 33.4 3.1
19730126 86 42.8 4.4 2.4 6.7 1.4 2.9 0 0 11.9 50.2 7.6 52.2 15.2 15.6 13.1 92.3 NA 56.6 95.2 52.8 36.9 4.7
19730127 85.9 43.4 9.5 7.7 8 1.4 3.8 0 0 16 60.9 11.4 58.7 16.3 16.7 14.6 89.6 NA 61.8 99.9 61.5 41.7 6.6
19730128 86.3 42.7 10.2 8.5 9.9 2.1 4.7 0 0 20.3 73 13.4 66.3 17.1 17.5 16.3 89.8 NA 67.1 99.9 72.1 45.1 8.2
19730129 87 40.3 10.6 9.3 11.7 2.1 5.7 0 0 23.6 82.7 17 72.2 17.9 18.5 18.1 89.9 NA 72.4 100 80.6 47.1 9.8
19730130 87.4 39.6 11.3 10.1 13.6 2.8 6.7 0 0 27.9 94.8 19 79.9 18.7 19.2 19.8 90.1 NA 77.7 100 91.1 50.6 11.4
19730131 88.7 34.7 10.7 9.3 12.7 2.1 6.1 0 0 23.7 80.5 17 76.1 17.7 18.4 18.4 82.3 NA 76.7 100 89.6 49.8 10.8
19730201 89.8 30 10 8.7 12 2.2 5.7 0 0 20.8 70.5 13.4 72 17.6 17.1 16.7 71.8 NA 76.9 100 87.1 48.5 9.8
19730202 91.1 25.1 9.4 7.9 11.1 1.5 5.1 0 0 16.6 56.3 11.4 68.2 16.6 16.2 15.3 64 NA 75.9 100 85.6 47.7 9.2
19730203 92.2 19.4 9.1 7.1 10.2 1.5 6.8 0 0 15.2 45 7.6 65.9 16.5 14.6 13.9 55.6 NA 75.1 100 86.4 46.4 8.2
19730204 93.5 14.6 8.5 6.3 9.3 0.8 6.3 0 0 11 30.7 5.6 62.1 15.5 13.7 12.5 47.8 NA 74.1 100 85 45.6 7.6
19730205 94.7 9.9 7.9 5.8 8.6 0.8 5.8 0 0 8.2 20.7 2 58 15.4 12.5 10.7 37.3 NA 74.3 100 82.4 44.2 6.6
19730206 95.9 5 7.2 5 7.7 0.1 5.2 0 0 4 6.5 0 54.2 14.4 11.6 9.3 29.4 NA 73.3 100 80.9 43.5 6
19730207 95.9 15.1 18.1 12.7 9.4 2.1 10.9 0.4 0 4 13.6 0 55.8 16 12.1 11.4 39.9 NA 70.9 100 83.9 50.4 5.8
19730208 95.5 30 29.6 19.7 10.5 4.2 16 0.8 0 4 24.4 0 58.8 16.9 12.7 12.9 47.7 NA 67.7 100 86.1 57.1 5.7
19730209 95.5 40.1 40.5 27.4 12.2 6.3 21.7 1.3 0 4 31.5 0 60.4 18.5 13.2 15 58.2 NA 65.3 100 89 64.1 5.5
19730210 96.8 55.1 51.7 34.3 17.2 12.3 28.7 6.4 5 5.9 41.9 5 63.3 22.4 18 20.3 66.5 NA 63.6 100 90.5 69.7 10
19730211 96.8 65.2 62.5 42 18.9 14.4 34.4 6.8 5 5.9 49.1 5 64.9 24 18.5 22.4 77 NA 61.2 100 93.4 76.6 9.7
19730212 96.4 80 74.1 49.1 20.1 16.4 39.5 7.3 5 5.9 59.9 5 67.9 24.9 19.1 23.9 84.8 NA 58 100 95.7 83.3 9.7
19730213 96.4 90.1 84.9 56.7 21.8 18.5 45.2 7.7 5 5.9 67 5 69.5 26.5 19.6 26 95.3 NA 55.5 100 98.6 90.3 9.5
19730214 96.4 90.1 86.1 61.4 23.7 25.8 46 9.7 6 5.8 66.1 13.9 72 27 23.4 27.1 95.2 NA 58.8 100 98.6 91 15.4
19730215 98.2 91.5 87.1 65.2 25.4 31.7 45.6 11.1 6.6 5.8 67.6 26.5 74.3 27.4 26.3 27.8 95.3 NA 61 100 98 92 23.2
19730216 98.2 91.5 88.3 69.9 27.3 39 46.3 13.1 7.6 5.7 66.7 35.4 76.9 27.9 30.1 28.9 95.3 NA 64.2 100 98 92.6 29.1
19730217 98.2 95.1 91.6 74.7 29.6 46.4 47.3 14.9 8.2 5.6 65.6 47 79.2 27.9 33.3 29 99.7 NA 67.2 100 98 93.2 35.9
19730218 98.2 95.1 92.8 79.4 31.5 53.7 48.1 16.9 9.2 5.6 64.7 56 81.7 28.4 37.1 30.1 99.6 NA 70.5 100 98 93.9 41.8
19730219 100 96.4 93.8 83.2 33.3 59.6 47.6 18.3 9.8 5.5 66.2 68.5 84.1 28.8 40 30.8 99.7 NA 72.7 100 97.5 94.8 49.6
19730220 100 96.4 95 87.8 35.2 66.9 48.4 20.3 10.8 5.5 65.3 77.4 86.6 29.3 43.8 31.9 99.7 NA 75.9 100 97.5 95.5 55.5
19730221 100 96.1 95 89.4 38.5 66 48 21.1 10.5 8.3 69.4 70.8 86.3 36.2 47.9 36.6 99.6 NA 74.9 100 97.5 94.9 51.2
19730222 100 95.9 95 90.3 43.1 65.3 48.2 22.1 10.3 11.9 73.6 64.2 86.5 45.1 53 40.4 99.3 NA 74.2 100 98.4 94.4 47.3
19730223 100 95.6 95 91.8 46.4 64.4 47.8 23 10 14.7 77.7 57.6 86.1 51.9 57 45.1 99.2 NA 73.3 100 98.4 93.9 43
19730224 100 94.1 95.2 96 50.2 64 47.4 24.7 10 18.6 83.2 52.1 85 60.8 61.6 49.5 95 NA 72.5 100 98.7 93.6 37
19730225 100 93.8 95.2 97.6 53.6 63.1 46.9 25.5 9.7 21.4 87.2 45.5 84.7 67.7 65.7 54.2 94.9 NA 71.6 100 98.7 93 32.8
19730226 100 93.6 95.2 98.4 58.2 62.4 47.2 26.6 9.5 25 91.5 38.9 84.9 76.6 70.8 58.1 94.6 NA 70.9 100 99.6 92.5 28.8
19730227 100 93.3 95.2 100 61.5 61.5 46.7 27.4 9.2 27.8 95.6 32.3 84.6 83.4 74.8 62.8 94.5 NA 69.9 100 99.6 91.9 24.6
19730228 100 87.5 91 89.8 60.4 56.2 44.4 24.1 8.5 25.8 92.3 28.1 76.2 82.8 72.3 60.4 92.1 NA 72.7 100 98.3 92.1 21.3
19730301 100 82.2 86.7 83.1 59.2 49.5 41.6 21.5 8.1 23.4 89.9 23.3 69.7 82.1 69.2 58.8 86.6 NA 75.7 99.9 96.7 92.2 18
19730302 100 76.4 82.5 73 58 44.2 39.2 18.2 7.4 21.4 86.7 19.1 61.3 81.6 66.6 56.5 84.2 NA 78.4 99.9 95.4 92.4 14.7
19730303 100 70.9 78.7 64.6 56.9 37.5 37 14.2 6.8 18.6 82.3 18.1 54.9 83.4 64 55.1 77.7 NA 80 99.9 93.6 92.8 14.8
19730304 100 65 74.4 54.4 55.8 32.2 34.6 10.9 6.1 16.6 79.1 14 46.5 82.9 61.4 52.7 75.3 NA 82.8 99.9 92.3 93 11.5
19730305 100 59.8 70.2 47.7 54.6 25.5 31.8 8.3 5.7 14.3 76.7 9.2 40 82.2 58.3 51.2 69.8 NA 85.8 99.9 90.7 93.1 8.3
19730306 100 53.9 65.9 37.5 53.4 20.2 29.4 5 5 12.2 73.4 5 31.7 81.6 55.8 48.8 67.4 NA 88.5 99.9 89.4 93.3 5
19730307 98.7 46 56.7 33.7 49 18.4 26.3 5 5 11 63.2 5 28.2 72.7 52.6 46.3 59.1 NA 80.4 99.9 85.5 88.6 5
19730308 92.9 40.3 48.9 28.5 42.6 17.5 23.8 5 5 9.9 53.7 5 25.2 67 49.3 44.4 46.6 NA 71.8 99.9 85.1 85.6 5
19730309 91.6 32.3 39.8 24.6 38.2 15.6 20.7 5 5 8.7 43.5 5 21.8 58.1 46.1 41.9 38.3 NA 63.7 99.8 81.2 80.9 5
19730310 90.8 23.4 28.7 18.9 31.4 13.8 17.8 0 0 3.5 35 0 15.7 52.3 42.7 38.7 29.1 NA 57.4 99.7 80.8 77.3 0
19730311 89.6 15.4 19.6 15 27 11.9 14.7 0 0 2.4 24.7 0 12.3 43.4 39.4 36.1 20.8 NA 49.3 99.7 76.8 72.6 0
19730312 83.7 9.7 11.8 9.8 20.6 11 12.2 0 0 1.2 15.2 0 9.3 37.7 36.2 34.2 8.3 NA 40.7 99.7 76.5 69.6 0
19730313 82.5 1.7 2.6 6 16.2 9.2 9 0 0 0 5 0 5.8 28.8 33 31.7 0 NA 32.6 99.6 72.6 64.9 0
19730314 75.6 1.4 2.2 5.3 15.5 8.8 8.4 0 0 0 4.9 0 5.4 30.9 31.1 28.7 0 NA 28.9 99.6 68.9 66.3 0
19730315 69.1 1.3 2 4.6 14.1 8.2 8 0 0 0 4 0 5.3 32.1 28.6 25.1 0 NA 25.2 99.5 63.4 67 0
19730316 62.2 1.1 1.6 3.9 13.4 7.9 7.4 0 0 0 3.9 0 4.7 32.9 26.5 21.3 0 NA 21.5 99.5 59.7 68.3 0
19730317 55.6 0.9 1.3 3.2 12 7.5 7 0 0 0 3.1 0 4.3 34.7 24.1 18.4 0 NA 17.9 99.5 56.8 69.8 0
19730318 44.5 0.7 1 2.1 7.2 2.2 1.7 0 0 0 2.9 0 3.5 33.4 18.6 11.3 0 NA 11 99.5 52.8 69 0
19730319 38 0.4 0.6 1.4 5.8 1.8 1 0 0 0 2.1 0 3.3 35.2 16.1 8.3 0 NA 7.3 99.4 47.3 70.6 0
19730320 31.1 0.3 0.3 0.7 5.1 1.2 0.7 0 0 0 1.9 0 2.8 35.4 14 4 0 NA 3.7 99.4 43.6 70.9 0
19730321 24.2 0 0 0 3.7 0.9 0 0 0 0 1.1 0 2.4 37.2 11.5 1 0 NA 0 99.4 38.1 72.3 0
19730322 20.9 0 0 0 3.2 0.7 0 0 0 0 0.9 0 2 33.7 10.8 0.8 0 NA 0 97.9 35.2 64.1 0
19730323 17.4 0 0 0 2.4 0.6 0 0 0 0 0.7 0 1.5 27.2 9.8 0.7 0 NA 0 93.4 33 56.1 0
19730324 14.9 0 0 0 1.9 0.4 0 0 0 0 0.6 0 1.2 23.6 9.1 0.5 0 NA 0 91.8 30.1 48.3 0
19730325 7.8 0 0 0 1.3 0.3 0 0 0 0 0.4 0 0.8 20.1 8.4 0.4 0 NA 0 90.1 24.2 38.8 0
19730326 4.2 0 0 0 0.6 0.1 0 0 0 0 0.2 0 0.4 13.5 7.4 0.3 0 NA 0 85.6 22 31 0
19730327 1 0 0 0 0 0 0 0 0 0 0 0 0 10 6.7 0.1 0 NA 0 84.1 19.1 22.6 0
19730328 0.9 0 0 0 0 0 0 0 0 0 0 0 0 8.6 6.4 0.1 0 NA 0 81.6 17.5 22 0
19730329 0.8 0 0 0 0 0 0 0 0 0 0 0 0 8.4 5.8 0.1 0 NA 0 78.9 16.4 21.7 0
19730330 0.7 0 0 0 0 0 0 0 0 0 0 0 0 7 5.4 0.1 0 NA 0 77.4 15.2 21.1 0
19730331 0.6 0 0 0 0 0 0 0 0 0 0 0 0 6.9 4.9 0.1 0 NA 0 74.9 14.2 20.5 0
19730401 0.5 0 0 0 0 0 0 0 0 0 0 0 0 5.5 4.5 0.1 0 NA 0 74.5 12.5 20.2 0
19730402 0.4 0 0 0 0 0.1 0 0 0 0 0 0 0 4 4.1 0 0 NA 0 71.8 10.7 19.6 0
19730403 0.3 0 0 0 0 0.1 0 0 0 0 0 0 0 3.9 3.5 0 0 NA 0 69.4 9.7 19 0
19730404 0.2 0 0 0 0 0.1 0 0 0 0 0 0 0 2.5 3.2 0 0 NA 0 67.8 8.5 18.4 0
19730405 0.1 0 0 0 0 0.1 0 0 0 0 0 0 0 2.3 2.6 0 0 NA 0 65.1 7.4 18.1 0
19730406 0 0 0 0 0 0.1 0 0 0 0 0 0 0 0.9 2.2 0 0 NA 0 62.6 5.8 17.5 0
19731231 19.5 18.3 5 6.9 0 0 0 5 5 5 5 5 8.8 21.8 16.4 5.1 76.9 NA 10.3 95.7 33.4 16.1 5.1
19740101 27.7 26.9 9.2 12.3 1.5 1.2 2.7 8.5 6 6.2 9.6 6.7 17.2 26.7 18.9 7.4 79.1 NA 18.7 95.7 39.3 20 6.5
19740102 36.5 35.3 11.4 15.4 3 2.3 5.5 11.2 6.9 6.8 12.3 10.2 22.3 29.8 20.9 8.8 81.3 NA 27.1 96.4 45.1 24.9 7.5
19740103 44.7 43.7 15.7 20.8 3.9 3.5 8.4 14.7 7.9 8 16.9 11.9 30.6 34.7 23.5 11.1 84.1 NA 35.6 97.2 51.3 28.2 8.9
19740104 53.6 52.2 19.2 25.9 5.3 4.6 11.1 18.2 8.9 8.6 19.6 13.7 35.8 39.7 26.2 13.4 86.3 NA 44.1 97.2 58.4 33 10.4
19740105 61.7 60.8 23.4 31.5 11.1 10.2 17.1 21.7 9.8 9.8 24.2 17.1 44.1 45.5 28.9 15.7 88.4 NA 52.5 98.4 64.4 38.8 12
19740106 65.8 65.8 25.5 34.2 12.6 11.3 19.8 23.2 9.9 10.4 26.5 18.8 48.3 47.9 30.2 16.9 90.6 NA 60.9 98.5 67.3 42.7 12.7
19740107 74.7 74.4 29.7 39.8 14.1 12.5 22.5 26.7 10.9 11.6 31 20.6 56.6 52.8 32.9 19.2 92.8 NA 69.3 98.5 74.4 47.5 14.2
19740108 82.9 82.7 33.2 44.8 14.9 13.6 25.5 30.2 11.9 12.2 33.8 22.3 61.8 57.7 35.5 21.5 95.6 NA 77.9 99.2 80.6 50.8 15.6
19740109 91.7 91.2 36.2 48.3 16.4 14.8 28.2 32.9 12.8 13.4 38.3 25.8 70 60.9 37.5 22.9 97.8 NA 86.3 100 86.4 55.7 16.6
19740110 99.9 99.7 39.6 53.3 17.9 15.9 30.9 36.4 13.8 14.1 41.1 27.5 75.2 65.8 40 25.2 100 NA 94.7 100 92.3 59.6 18
19740111 99.9 99.7 39 49.2 19.3 15.3 28.7 33.7 13.1 13.4 43.6 24 70 67 40.2 23.9 99.9 NA 94.6 100 93 61.3 16.8
19740112 99.9 98.2 39.3 43.6 19.9 14.8 27.2 30.3 11.7 12.7 44 20.6 64.3 66.1 40.5 22.4 99.9 NA 95.5 100 94.3 61 14.9
19740113 99.9 98.1 38.7 39.5 21.3 14.2 25 27.6 11 12 46.5 17.1 59.2 67.2 40.7 21 99.8 NA 95.4 100 95 62.7 13.7
19740114 99.9 93.1 37.6 33.4 22.4 13.5 23.4 24.7 10.1 10.8 47.2 15.4 50.8 66.1 40.4 19.1 97.7 NA 95.4 100 96.2 62.9 11.8
19740115 99.9 93.1 36.9 29.3 23.8 12.9 21.2 22 9.4 10.2 49.7 11.9 45.6 67.3 40.6 17.7 97.6 NA 95.2 100 96.9 64.6 10.6
19740116 99.9 91.6 37.2 23.8 24.4 12.4 19.7 18.6 8.1 9.4 50.2 8.5 39.9 66.4 40.8 16.2 97.6 NA 96.2 100 98.3 64.3 8.8
19740117 100 91.5 36.6 19.7 25.8 11.8 17.5 15.9 7.4 8.8 52.7 5 34.7 67.6 41.1 14.8 97.5 NA 96 100 99 66 7.5
19740118 100 83.7 31.4 17.8 24.6 11.3 15.6 14.4 7 9.2 58.8 5 36.4 60.6 39.1 15 96.7 NA 89.1 99.9 99 64.2 7.1
19740119 100 75 26.5 15.8 23.5 10.8 13.7 12.3 6.6 9.4 64.2 5 38 51.3 35.8 14.7 95.8 NA 82.2 99.9 95.7 62.3 6.6
19740120 100 67.3 21.9 14.6 22.4 10.3 12.3 10.8 6.3 9.8 70.8 5 40.1 44.4 33.9 14.9 95 NA 75.4 99.8 95.7 60.6 6.2
19740121 98.3 59.5 15.8 12.6 20.6 9.7 10.2 8.6 5.7 10 75.6 0 38.8 35.7 31.3 14.8 91.3 NA 66.4 99.7 94.7 58.1 1
19740122 98.3 50.8 10.9 10.7 19.6 9.2 8.3 7.2 5.4 10.3 81.2 0 40.4 26.6 28 14.6 90.4 NA 59.5 99.7 91.4 56.3 0.4
19740123 98.3 42.9 5.7 8.8 18.2 8.7 6.4 5 5 10.6 87.1 0 42.1 19.5 26 14.7 89.6 NA 52.5 99.6 91.4 54.4 0
19740124 97.4 39.9 5.6 8.1 18.1 8.4 6.4 5 5 10.6 83.6 0 40.6 20.3 26.2 14.2 83.6 NA 52.8 99.6 90 53.3 0
19740125 96.4 36.3 5.7 7.8 17.9 7.9 6.3 5 5 10.5 79.3 0 38.7 21.7 26.4 13.7 76.2 NA 53.2 99.7 90 52.2 0
19740126 95.1 33.3 5.7 7.2 17.8 7.6 6.3 5 5 10.2 74.6 0 37.2 22.6 26.6 13.1 70.2 NA 53.5 99.7 88.6 50.7 0
19740127 95.2 30.4 5.6 6.9 17.7 7.3 6.2 5 5 10.1 71 0 35.1 23.5 27.5 12.6 65.1 NA 54.2 99.8 89.6 49.6 0
19740128 94.2 22.6 0.7 1.6 17.5 6.8 6.1 5 5 9.8 65 0 33.7 24.2 27.3 11.6 54.9 NA 54.1 99.9 87.5 48.1 0
19740129 93.3 19.8 0.8 0.9 17.1 6.5 6.1 5 5 9.7 61.5 0 31.8 25.5 27.6 11.1 48.9 NA 54.4 99.9 87.4 47.1 0
19740130 91.9 16 0.8 0.6 17.1 6 6 5 5 9.4 56 0 30.3 26.4 27.7 10.5 41.5 NA 54.8 100 86.1 45.5 0
19740131 91 13.1 0.7 0 16.7 5.7 6 5 5 9.4 52.4 0 28.2 27.2 27.9 10 35.6 NA 55 100 84.7 44.3 0
19740201 92.3 21.9 5.8 8.2 18.8 6.4 6.4 8 5.4 10.3 56 0 33.5 34.2 29.2 12.2 44.6 NA 58.4 100 86.7 46.7 0.9
19740202 93.4 27.3 8.3 13.7 20.9 7.2 7.2 9.5 5.5 10.7 58 0 36.7 44.3 31.2 14.5 55.7 NA 61.8 100 88 49.1 1.4
19740203 94.8 36.1 13.4 21.9 23.1 7.9 7.6 12.5 5.9 11.6 61.5 0 42 51.2 32.5 16.7 64.8 NA 65.2 100 90 51.5 2.3
19740204 96.2 43.2 20.4 29.7 24 8.4 8 14 6.1 12.2 63.9 0 45.4 62.3 34.4 20.1 70.8 NA 67 100 94.4 55 2.8
19740205 97.6 52 25.4 37.9 26.1 9.1 8.4 17 6.5 13.1 67.5 0 50.7 69.3 35.6 22.3 79.9 NA 70.4 100 96.4 57.4 3.8
19740206 98.6 57.4 28 43.4 28.2 9.8 9.1 18.4 6.6 13.6 69.5 0 53.9 79.4 37.7 24.6 90.9 NA 73.8 100 97.8 59.8 4.2
19740207 100 66.2 33 51.6 30.3 10.6 9.5 21.4 7 14.5 73 0 59.2 86.3 39 26.8 100 NA 77.2 100 99.8 62.2 5.2
19740208 100 69.8 37.5 52.4 33.1 11.1 14.6 18.4 6.6 18.5 76.5 0 58.7 87.4 46.8 30.9 99.9 NA 80.9 100 99.8 66 5.3
19740209 100 72 44.2 53.8 36.3 11.4 19 17 6.5 22.8 79.4 0 57.7 88.5 52.2 34.7 99.9 NA 82.6 100 99.8 69.5 5
19740210 100 75.6 48.7 54.6 39 12 24 14 6.1 26.8 82.9 0 57.3 89.6 60.1 38.7 99.8 NA 86.3 100 99.8 73.3 5.1
19740211 100 79.8 54 56 41.7 12.7 28.5 12.5 5.9 31.2 88.2 5 57.3 93.4 66.2 42.6 99.7 NA 88.9 100 99.3 75.6 9.3
19740212 100 83.3 58.4 56.8 44.5 13.3 33.5 9.5 5.5 35.3 91.7 5 56.8 94.4 74 46.6 99.6 NA 92.6 100 99.3 79.5 9.5
19740213 100 85.5 65.2 58.2 47.6 13.6 38 8 5.4 39.5 94.5 5 55.8 95.6 79.4 50.4 99.6 NA 94.3 100 99.4 83 9.2
19740214 100 89.1 69.6 59 50.4 14.2 43 5 5 43.5 98 5 55.4 96.6 87.3 54.4 99.5 NA 98 100 99.4 86.8 9.3
19740215 100 89.8 72.8 61.2 51.8 14.2 43.6 7.6 6.8 42.8 98 5.5 56.8 96.6 88.8 53.4 98.3 NA 94.7 100 99.4 86 9.3
19740216 100 89 74.9 62.9 53.7 14.3 45.6 11.5 9.4 42 98 6 59.6 96.6 89.7 52.5 97.5 NA 92.6 100 99.4 85.7 9.5
19740217 100 89.7 78.1 65.1 55.1 14.3 46.2 14.2 11.1 41.2 98 6.6 61 96.6 91.2 51.4 96.3 NA 89.4 100 99.4 84.9 9.5
19740218 100 91.2 83.3 68.4 56.9 14.3 48 17.5 13.6 40.6 98.6 7.6 63.5 97 91.6 50.6 95.1 NA 86.9 100 99.5 84.5 9.7
19740219 100 91.9 86.5 70.6 58.3 14.3 48.6 20.1 15.4 39.8 98.6 8.1 64.9 97 93.1 49.6 93.9 NA 83.7 100 99.5 83.7 9.6
19740220 100 91.1 88.6 72.3 60.2 14.4 50.6 24 18 39 98.6 8.7 67.7 97 94.1 48.7 93.1 NA 81.6 100 99.5 83.4 9.9
19740221 100 91.8 91.8 74.5 61.6 14.4 51.2 26.6 19.8 38.3 98.6 9.2 69.1 97 95.6 47.6 91.9 NA 78.4 100 99.5 82.6 9.8
19740222 100 80.8 87.3 73.7 61.7 15.6 50.1 24.6 19.3 37.3 98.6 8.7 70.4 97 95.4 48.3 87.7 NA 79.2 100 97.7 83.9 9.3
19740223 100 71.4 83.6 76 62.1 16.7 49.5 21.6 17.9 36.1 98.6 8.1 71 96.6 95.3 49.2 88.1 NA 79.4 100 96.5 85.8 8.5
19740224 100 60.3 79 75.2 62.2 17.8 48.3 19.5 17.4 35.2 98.6 7.6 72.3 96.6 95.1 49.9 83.9 NA 80.3 100 94.7 87.1 8
19740225 99.9 52.2 75.7 76.3 62.5 19 47.3 17 16.3 34.7 99.4 6.6 74.2 95.5 93.1 50.3 79.7 NA 79.5 100 93.1 88.5 7.1
19740226 99.9 41.1 71.2 75.5 62.6 20.1 46.1 15 15.8 33.7 99.4 6 75.5 95.5 93 51 75.5 NA 80.4 100 91.3 89.9 6.6
19740227 99.9 31.7 67.5 77.9 63 21.2 45.6 12 14.4 32.5 99.4 5.5 76.1 95 92.8 51.9 75.9 NA 80.5 100 90.1 91.7 5.8
19740228 99.9 20.7 62.9 77.1 63.1 22.4 44.4 9.9 13.9 31.5 99.4 5 77.4 95 92.7 52.6 71.7 NA 81.4 100 88.3 93.1 5.3
19740301 99.9 19.6 54.3 70.4 55.8 21.2 40.2 9.1 12.5 27.5 91.9 5 69.8 91.6 89.7 49.7 64.5 NA 78.2 99.7 86.1 86.8 5.2
19740302 99.9 19.1 48.3 63.6 51 20 35.6 8.4 11.1 23.9 84.3 5 64.5 86.2 88.2 46.4 57.8 NA 76.3 99.5 84.4 81.6 5.2
19740303 99.9 18.1 39.6 57 43.8 18.8 31.3 7.6 9.7 19.9 76.8 5 57 82.9 85.2 43.5 50.6 NA 73.1 99.1 82.3 75.3 5.1
19740304 100 17 33.7 50.3 38.9 18.4 27.3 2.3 4.1 13.3 70.8 0 48.7 77.8 83.5 41 42.3 NA 72.1 98.8 79.8 67.6 0.1
19740305 100 15.9 25 43.7 31.6 17.2 23 1.5 2.8 9.3 63.2 0 41.2 74.5 80.4 38.1 35.1 NA 68.9 98.5 77.6 61.3 0.1
19740306 100 15.4 19 36.9 26.8 16 18.5 0.8 1.4 5.6 55.7 0 35.9 69.1 78.9 34.9 28.4 NA 67 98.3 75.9 56.1 0
19740307 100 14.4 10.3 30.2 19.6 14.9 14.2 0 0 1.7 48.2 0 28.3 65.7 75.9 31.9 21.2 NA 63.8 98 73.8 49.8 0
19740308 99.9 13.3 12.2 32.3 23.2 15.6 15.8 0 0 1.5 46.8 0 27.8 69.3 75.3 32 18.8 NA 63.9 98.2 76.9 56.1 0
19740309 99.9 11.6 15.1 36.7 26.4 16.3 18 0 0 1.5 46.6 0 27 75.2 75.1 33.9 16.1 NA 63.7 98.3 80.6 61.1 0
19740310 99.9 10.5 16.9 38.7 30.1 17 19.6 0 0 1.3 45.2 0 26.5 78.8 74.5 34 13.7 NA 63.8 98.5 83.7 67.5 0
19740311 99.8 8.9 18.5 40.8 35.2 17.1 21.9 5 5 5.8 46.4 5 28.2 82.9 73.8 34.8 12.5 NA 63.8 98.8 87.5 74.6 5
19740312 99.8 7.8 20.4 42.8 38.9 17.8 23.5 5 5 5.6 45 5 27.7 86.5 73.2 34.9 10.1 NA 63.9 99 90.7 81 5
19740313 99.8 6.1 23.2 47.2 42 18.5 25.7 5 5 5.7 44.8 5 26.9 92.4 73.1 36.8 7.4 NA 63.8 99.1 94.3 86 5
19740314 99.7 5 25.1 49.2 45.7 19.2 27.3 5 5 5.5 43.4 5 26.4 96 72.5 36.9 5 NA 63.8 99.3 97.5 92.4 5
19740315 99.8 5 21.6 41.7 44.5 17 25.2 5 5 5.7 42.4 5 25.2 96 75.5 37.6 5 NA 59.6 99.2 96.3 92.4 5
19740316 99.8 5 18.9 36.8 43.1 15.7 23.5 5 5 5.9 41.3 5 24.5 94.7 79.2 37.8 5 NA 57.6 99.1 95 89.3 5
19740317 99.8 5 15.4 29.3 42 13.4 21.4 5 5 6.1 40.3 5 23.3 94.7 82.2 38.5 5 NA 53.3 99 93.8 89.4 5
19740318 99.9 0 9.7 22.3 40.1 8.1 16.8 0 0 1.5 36.6 0 20.6 91.6 85.4 39.7 0 NA 48.9 98.9 92.6 86.7 0.2
19740319 99.9 0 6.2 14.7 39 5.9 14.7 0 0 1.8 35.6 0 19.4 91.6 88.4 40.4 0 NA 44.7 98.8 91.4 86.7 0.2
19740320 100 0 3.5 9.8 37.6 4.6 13 0 0 1.9 34.5 0 18.7 90.3 92.1 40.6 0 NA 42.7 98.7 90.1 83.7 0.2
19740321 100 0 0 2.3 36.4 2.4 10.9 0 0 2.2 33.4 0 17.5 90.3 95.2 41.3 0 NA 38.4 98.6 88.9 83.7 0.2
19740322 96.3 0 0 2.6 35.8 2.2 9.5 0 0 4.5 42.7 0 17.4 90.3 92.7 44.1 1.9 NA 38.6 98.7 90.3 78.8 0.2
19740323 94.1 0 0 2.8 35.8 2 8.6 0 0 6.5 50.1 0 17.8 89.4 90.9 47.1 3.7 NA 40.3 98.8 91.4 74.7 0.2
19740324 90.4 0 0 3.1 35.3 1.9 7.3 0 0 8.8 59.3 0 17.7 89.4 88.4 49.9 5.6 NA 40.5 98.9 92.8 69.8 0.2
19740325 85.7 0 0 3.5 36 5.5 9.7 0 1.8 15.7 67.8 0 15.9 89.8 86.4 54.4 10.5 NA 40.9 99.1 93.6 63.6 0
19740326 82 0 0 3.8 35.4 5.3 8.3 0 1.8 17.9 77 0 15.8 89.8 83.9 57.3 12.4 NA 41.1 99.2 95.1 58.7 0
19740327 79.8 0 0 4 35.4 5.2 7.4 0 1.8 20 84.4 0 16.2 88.8 82.2 60.2 14.3 NA 42.7 99.3 96.1 54.6 0
19740328 76.1 0 0 4.3 34.9 5 6 0 1.8 22.3 93.7 0 16.1 88.8 79.6 63.1 16.1 NA 43 99.4 97.6 49.7 0
19740329 76.2 0 0 4.3 31.9 5 5.9 0 1.8 19.9 82.5 0 14.5 85.5 77.7 60.2 14.3 NA 39.5 99.4 95.5 50.3 0
19740330 75.8 0 0 4.6 29 5 5.8 0 1.8 17.7 74.7 0 12.9 83.1 74.5 57.4 12.4 NA 38.1 99.4 94.3 51.8 0
19740331 76 0 0 4.6 26 5 5.6 0 1.8 15.4 63.5 0 11.2 79.7 72.5 54.5 10.5 NA 34.7 99.4 92.2 52.4 0
19740401 75.3 0 0 5 21.4 5 5.4 0 0 12.1 54.1 0 9.9 76.4 69.6 50 5.6 NA 33.3 99.4 90.9 52.3 0
19740402 75.4 0 0 5.1 18.4 5 5.3 0 0 9.7 42.9 0 8.2 73.1 67.7 47.1 3.7 NA 29.8 99.4 88.8 52.9 0
19740403 75 0 0 5.3 15.5 5 5.2 0 0 7.6 35.1 0 6.6 70.6 64.5 44.3 1.9 NA 28.5 99.4 87.7 54.5 0
19740404 75.2 0 0 5.4 12.5 5 5 0 0 5.2 24 0 5 67.3 62.5 41.4 0 NA 25 99.4 85.6 55.1 0
19740405 70.6 0 0 4.7 12.1 5.1 5 0 0 5 21 0 4.2 65 57.3 38.3 0 NA 23 99.4 86.3 52.3 0
19740406 68.2 0 0 3.9 11.5 5.1 5 0 0 4.9 18.5 0 3.5 61.6 52.5 34.9 0 NA 19 98.4 87.3 49.1 0
19740407 63.6 0 0 3.2 11 5.1 5 0 0 4.6 15.5 0 2.7 59.3 47.3 31.8 0 NA 17 98.4 88 46.4 0
19740408 61.4 0 0 2.2 10.3 5.2 5 0 0 4.2 14.2 0 2.2 56.6 40.7 27.4 0 NA 13 98.4 87.5 44.8 0
19740409 56.8 0 0 1.4 9.8 5.2 5 0 0 3.9 11.2 0 1.5 54.4 35.5 24.3 0 NA 11 98.5 88.3 42 0
19740410 54.4 0 0 0.7 9.3 5.2 5 0 0 3.8 8.7 0 0.7 50.9 30.8 20.9 0 NA 7 97.4 89.2 38.9 0
19740411 49.8 0 0 0 8.8 5.3 5 0 0 3.6 5.8 0 0 48.6 25.5 17.8 0 NA 5 97.5 90 36.1 0
19740412 50.1 0 0 0 8.6 5.2 5 0 0 3.6 5.6 0 0 48.3 24.8 16.5 0 NA 5 96 90.5 34.3 0
19740413 50.5 0 0 0 8.5 5.2 5 0 0 3.6 5.5 0 0 45.5 23.8 15.3 0 NA 5 95.5 89.7 33.4 0
19740414 50.8 0 0 0 8.3 5.2 5 0 0 3.6 5.4 0 0 45.2 23.1 14 0 NA 5 94 90.2 31.7 0
19740415 51.5 5 5 5 8 5.1 5 5 5 5 5.3 5 5 45.7 22.2 12.8 5 NA 5 92.3 90.2 30.7 5
19740416 51.7 5 5 5 7.8 5.1 5 5 5 5 5.2 5 5 45.4 21.5 11.5 5 NA 5 90.9 90.7 28.9 5
19740417 52.2 5 5 5 7.7 5.1 5 5 5 5 5.1 5 5 42.5 20.5 10.3 5 NA 5 90.3 89.9 28 5
19740418 52.4 5 5 5 7.5 5 5 5 5 5 5 5 5 42.2 19.8 9 5 NA 5 88.9 90.4 26.3 5
19740419 45.9 5 5 5 7.1 5 5 5 5 5 5 5 5 39.8 19.1 8.6 5 NA 5 85.4 81.1 26 5
19740420 40.2 5 5 5 6.7 5 5 5 5 5 5 5 5 35.3 18.2 8 5 NA 5 83 73.2 25.7 5
19740421 33.7 5 5 5 6.4 5 5 5 5 5 5 5 5 32.9 17.5 7.6 5 NA 5 79.6 63.9 25.4 5
19740422 24.9 0 0 0 5.3 0.6 0 0 0 0 0 0 0 29.2 17 7 0 NA 0 73.5 54.4 24.1 0
19740423 18.4 0 0 0 4.9 0.6 0 0 0 0 0 0 0 26.7 16.3 6.6 0 NA 0 70 45.1 23.8 0
19740424 12.6 0 0 0 4.5 0.6 0 0 0 0 0 0 0 22.3 15.4 6 0 NA 0 67.7 37.1 23.5 0
19740425 6.1 0 0 0 4.1 0.6 0 0 0 0 0 0 0 19.8 14.7 5.6 0 NA 0 64.2 27.9 23.2 0
19740426 5.9 0 0 0 4.1 0.6 0 0 0 0 0 0 0 18.1 14 5.5 0 NA 0 55.9 24.7 20.9 0
19740427 5.8 0 0 0 4.1 0.6 0 0 0 0 0 0 0 16.3 13.4 5.4 0 NA 0 50.4 21.8 19.1 0
19740428 5.6 0 0 0 4.1 0.6 0 0 0 0 0 0 0 14.5 12.7 5.4 0 NA 0 42.1 18.7 16.7 0
19740429 5.5 0 0 0 0 0 0 0 1.7 5 5 0 0 12.1 11.9 5.2 0 NA 0 36.5 14.3 11.2 0
19740430 5.3 0 0 0 0 0 0 0 1.7 5 5 0 0 10.4 11.2 5.2 0 NA 0 28.3 11.1 8.9 0
19740501 5.2 0 0 0 0 0 0 0 1.7 5 5 0 0 8.6 10.7 5.1 0 NA 0 22.7 8.2 7.1 0
19740502 5 0 0 0 0 0 0 0 1.7 5 5 0 0 6.8 9.9 5 0 NA 0 14.4 5.1 4.7 0
19750102 19.2 6.3 0 0 0 0 0 0 0 0 0.2 0 4.1 1.4 3.1 0.5 4.1 NA 16.8 8.7 0 2.2 0
19750103 20.9 8.1 0 0 0 0 0.1 0 0 0 0.6 0 3.5 1.5 3.5 0.4 4.3 NA 17.6 7.9 0.5 2.3 0
19750104 21.4 6.7 0 0 0 0 0.2 0 0 0 1 0 2.9 1.7 3.9 0.3 2.5 NA 18.9 7.4 0.9 2.3 0
19750105 23.1 8.4 0 0 0 0 0.3 0 0 0 1.3 0 2.3 1.9 4.2 0.3 2.7 NA 19.6 6.6 1.4 2.3 0
19750106 26.8 8.4 0 0 0 0 1 0 0 0 3.7 0 1.8 6.1 5.9 0.3 2.8 NA 22.7 10.1 1.7 3.2 0
19750107 28.5 10.2 0 0 0 0 1.1 0 0 0 4 0 1.2 6.3 6.2 0.2 3.1 NA 23.4 9.3 2.2 3.3 0
19750108 29 8.8 0 0 0 0 1.2 0 0 0 4.4 0 0.6 6.5 6.6 0.1 1.2 NA 24.7 8.8 2.6 3.3 0
19750109 30.7 10.6 0 0 0 0 1.3 0 0 0 4.8 0 0 6.6 7 0.1 1.4 NA 25.5 8 3.1 3.3 0
19750110 38.6 14.2 0 1 0.3 0.3 1.7 1.2 1.5 0.5 7.2 0 1 7.6 8 0.7 12.3 NA 30.6 16.3 9.3 6.1 0
19750111 45.4 17.3 0 2.4 0.4 0.3 1.8 2.4 2.7 0.8 9.9 0 2.1 7.8 9.2 1.1 19.2 NA 33.7 27.9 17.7 9 0
19750112 53.2 20.9 0 3.4 0.7 0.6 2.1 3.7 4.2 1.2 12.3 0 3.1 8.8 10.2 1.7 30.1 NA 38.8 36.2 23.8 11.7 0
19750113 62.6 25.7 0 4.3 0.8 0.6 1.5 4.2 4.6 1.3 13.5 0 3.8 6 10.2 1.8 36 NA 41.3 44.3 29.4 15.9 0
19750114 70.5 29.3 0 5.3 1.1 0.8 1.8 5.4 6.1 1.7 15.9 0 4.8 6.9 11.2 2.4 46.9 NA 46.5 52.5 35.6 18.6 0
19750115 77.3 32.5 0 6.7 1.2 0.8 1.9 6.7 7.3 2 18.6 0 5.8 7.2 12.4 2.9 53.8 NA 49.6 64.1 44 21.5 0
19750116 85.2 36.1 0 7.7 1.5 1.1 2.3 7.9 8.8 2.5 21 0 6.8 8.1 13.4 3.4 64.7 NA 54.7 72.4 50.2 24.3 0
19750117 87.9 40.8 1.8 10.5 1.6 0.8 3.5 9.3 8.7 3.5 27.9 0 8.6 9.2 15.1 4.2 65.5 NA 58.2 74.8 46.7 27.5 0
19750118 89.2 45.1 3.5 13.9 1.8 0.8 4.5 10.3 8.8 4.2 33.2 0 10.4 9.5 16.5 4.8 66.5 NA 60.7 80.6 42.9 31.7 0
19750119 92 49.9 5.3 16.7 1.9 0.6 5.7 11.7 8.8 5.3 40.1 0 12.2 10.7 18.3 5.7 67.3 NA 64.2 83 39.4 35 0
19750120 93.2 55.5 11.1 22.6 4.9 0.6 6.9 12.9 9.2 6.4 47 0 13.5 11.9 19.9 6.4 69.2 NA 66 88.2 35.6 38.7 0
19750121 96 60.3 12.9 25.4 5 0.3 8.1 14.4 9.1 7.5 53.9 0 15.3 13 21.6 7.3 70 NA 69.6 90.6 32.1 42 0
19750122 97.2 64.6 14.6 28.7 5.2 0.3 9 15.4 9.2 8.2 59.1 0 17.1 13.3 23 7.9 70.9 NA 72 96.4 28.3 46.2 0
19750123 100 69.3 16.4 31.6 5.3 0 10.3 16.8 9.2 9.2 66 0 18.8 14.4 24.7 8.7 71.8 NA 75.5 98.8 24.8 49.5 0
19750124 100 66.6 14.9 29 7.2 0.5 10.5 18 9.9 9.5 64.8 0 19.1 14.8 24 8.5 74.8 NA 76.6 98.8 29.8 50.7 0
19750125 99.9 63.5 13.5 26.6 8.7 1 10.5 19.8 10.1 10.1 64.4 0 19.2 15.4 23.8 8.4 77.3 NA 77.4 98.8 34.3 52.6 0
19750126 99.9 60.8 12 23.9 10.6 1.5 10.7 21 10.8 10.4 63.2 0 19.5 15.7 23.1 8.2 80.3 NA 78.4 98.8 39.2 53.9 0
19750127 97.8 59.4 11 22.1 11.2 1.8 12.2 21.8 10.9 11.7 64.2 0 19.8 20 23.8 10 86.3 NA 80 99.9 44 57 0
19750128 97.8 56.7 9.5 19.4 13.1 2.3 12.4 23 11.6 12 63 0 20.1 20.3 23.1 9.8 89.3 NA 81 99.9 49 58.3 0
19750129 97.7 53.5 8.1 17 14.6 2.8 12.4 24.9 11.8 12.6 62.6 0 20.2 21 22.9 9.7 91.7 NA 81.9 99.9 53.5 60.2 0
19750130 97.7 50.9 6.6 14.4 16.5 3.3 12.6 26 12.5 12.9 61.4 0 20.5 21.3 22.2 9.5 94.7 NA 82.9 99.9 58.4 61.4 0
19750131 97.7 51.2 8 14.1 19.3 6.6 12.2 22 10.7 11.8 60.5 0 23 24.7 24.1 9.7 88.9 NA 79.9 99.9 62.8 62.4 0.2
19750201 97.7 51.2 9.4 13.6 21.2 10.2 11.6 18.7 8.8 9.7 61.1 0 24.8 26.9 25.3 9.9 84 NA 77.5 99.9 67.9 62.1 0.4
19750202 97.8 51.5 10.8 13.3 24 13.5 11.2 14.6 7 8.6 60.3 0 27.4 30.4 27.2 10.1 78.2 NA 74.6 99.9 72.3 63.1 0.6
19750203 99.8 52.8 12.4 13.2 26 16.3 10.6 11.4 5.5 6.2 60.1 0 29.8 33.2 29.5 9.8 72.2 NA 71.6 100 79.1 63.6 0.9
19750204 99.8 53.2 13.8 13 28.8 19.6 10.2 7.3 3.7 5.1 59.2 0 32.3 36.7 31.5 10.1 66.4 NA 68.6 100 83.5 64.5 1.2
19750205 99.9 53.2 15.2 12.5 30.7 23.2 9.6 4.1 1.8 3.1 59.8 0 34.2 38.9 32.6 10.2 61.5 NA 66.2 100 88.5 64.2 1.3
19750206 99.9 53.5 16.6 12.2 33.4 26.5 9.2 0 0 2 59 0 36.7 42.4 34.6 10.5 55.7 NA 63.2 100 92.9 65.2 1.5
19750207 99.9 58.8 25.6 17.1 33 28.3 13.7 1.7 0 2.7 63.1 0 39.4 47 40.6 16.5 61.9 NA 66.9 100 93.7 66.7 2
19750208 99.9 62 37 23.1 31.5 30.7 20.8 4.3 0 3.5 66.7 0 42 50.3 45.8 22.4 67.1 NA 72.5 100 93.8 68 2.4
19750209 99.9 67.3 46 28 31 32.4 25.3 6 0 4.1 70.8 0 44.7 55 51.8 28.5 73.3 NA 76.1 100 94.7 69.5 2.9
19750210 99.9 71.9 57.5 32.8 32.8 39 33.5 8.6 0 7.1 74.2 0 47.4 59.8 57 36.2 81.9 NA 81.9 100 94.1 70.2 3.2
19750211 100 77.1 66.5 37.7 32.4 40.7 38 10.3 0 7.8 78.3 0 50.1 64.5 63 42.3 88.1 NA 85.5 100 94.9 71.7 3.7
19750212 100 80.4 77.9 43.7 30.9 43.1 45.1 12.9 0 8.6 81.9 0 52.7 67.8 68.2 48.2 93.4 NA 91.1 100 95 73 4.1
19750213 100 85.7 86.9 48.6 30.4 44.9 49.6 14.6 0 9.3 86 0 55.3 72.4 74.2 54.2 99.6 NA 94.7 100 95.8 74.5 4.6
19750214 99.9 81.9 84.7 48.4 28.8 40.9 46.3 14.1 0.8 9 83.2 0 53.6 67.9 69.1 50.1 97.4 NA 94.6 100 95.8 71 3.8
19750215 99.9 79.7 79.3 49 27.7 37.1 41.6 14.1 2.3 9 79.7 0 51 61.8 65.6 45.6 96 NA 94.4 100 95.6 68.2 3.3
19750216 99.8 76 77.1 48.8 26.1 33.1 38.3 13.6 3.1 8.7 77 0 49.3 57.3 60.5 41.5 93.9 NA 94.3 100 95.6 64.6 2.5
19750217 99.8 73 75.2 50.7 24 29.2 35 13.6 4.6 10.7 73.6 0 47.3 50.8 55.8 37.3 87.5 NA 94.2 100 98.2 61.5 2
19750218 99.7 69.3 73 50.5 22.4 25.2 31.7 13.1 5.4 10.3 70.8 0 45.5 46.3 50.7 33.1 85.4 NA 94.1 100 98.2 58 1.3
19750219 99.6 67.1 67.6 51 21.3 21.4 27 13.1 6.9 10.4 67.3 0 43 40.2 47.2 28.7 83.9 NA 93.9 100 97.9 55.2 0.8
19750220 99.6 63.3 65.4 50.8 19.7 17.4 23.7 12.6 7.7 10 64.5 0 41.2 35.7 42.1 24.5 81.8 NA 93.8 100 97.9 51.7 0
19750221 98.2 55.9 63.8 49 19 16.3 22.7 12.1 7.5 10.1 63.1 0 38.3 33.2 39.3 23.7 75.7 NA 91.4 100 96.7 53.3 0
19750222 97.6 51 65.1 45.8 17.8 15 21.4 11.8 7 9.7 62.1 0 34.1 30.4 37.1 23 69.7 NA 88 99.9 95.7 54.2 0
19750223 96.3 43.5 63.5 44 17.1 13.9 20.4 11.3 6.8 9.8 60.6 0 31.1 27.9 34.4 22.2 63.6 NA 85.7 99.9 94.5 55.9 0
19750224 94.6 38.7 62.2 40.2 16.6 12 19.6 15.2 11.2 9.4 59.2 0 28.8 26.2 32.2 21.1 57.1 NA 82.6 99.8 92.7 56.7 0
19750225 93.3 31.3 60.6 38.4 15.9 10.9 18.6 14.7 11 9.5 57.7 0 25.8 23.8 29.4 20.3 51 NA 80.3 99.8 91.6 58.4 0
19750226 92.7 26.3 61.8 35.1 14.7 9.6 17.4 14.4 10.5 9 56.8 0 21.6 20.9 27.2 19.6 44.9 NA 76.9 99.7 90.6 59.3 0
19750227 91.3 18.9 60.3 33.3 14 8.5 16.4 13.9 10.4 9.2 55.3 0 18.7 18.5 24.4 18.7 38.9 NA 74.5 99.7 89.4 61 0
19750228 92.3 24.8 63.4 36.3 15.1 9.4 18.3 13 9.7 8.9 57.9 0 20.8 19.2 23.9 18.9 42.6 NA 76 99.7 90.6 60.8 0
19750301 92.8 30.8 65 40.2 16.1 9.8 19.5 12.8 8.8 8.5 61.4 0 23 19.7 23.2 18.9 49.7 NA 76.7 99.8 91.9 61.2 0
19750302 93.8 36.7 68.2 43.2 17.2 10.7 21.4 12 8.1 8.2 63.9 0 25.2 20.4 22.7 19.1 53.5 NA 78.2 99.8 93.2 61.1 0
19750303 94.9 44 69.9 46.8 18 11.1 22.7 11.4 7.2 7.9 65.1 0 26 20.6 22.1 19.3 58.8 NA 78.1 99.9 96 61.4 0
19750304 95.9 49.9 73.1 49.8 19.1 12 24.6 10.6 6.5 7.6 67.7 0 28.2 21.3 21.6 19.4 62.5 NA 79.6 99.9 97.3 61.2 0
19750305 96.3 56 74.6 53.7 20.1 12.4 25.8 10.4 5.7 7.2 71.2 0 30.4 21.8 20.9 19.5 69.6 NA 80.2 100 98.6 61.6 0
19750306 97.3 61.8 77.8 56.7 21.2 13.3 27.7 9.5 5 6.9 73.7 0 32.5 22.5 20.4 19.6 73.4 NA 81.7 100 99.9 61.5 0
19750307 96.5 57.3 69.4 54.2 20.4 11.9 24.5 8.9 5 6.7 66 0 29.8 26.4 21.9 20.2 69.7 NA 80 100 99.9 59.9 0
19750308 96.8 52.9 62 53 19.7 11.1 22.6 8.3 5 6.4 58.2 0 26.4 29.6 23.3 21.1 69.4 NA 78.7 100 99.9 59.2 0
19750309 95.9 48.3 53.6 50.5 18.9 9.6 19.4 7.7 5 6.2 50.5 0 23.7 33.5 24.8 21.7 65.8 NA 77 100 99.9 57.6 0
19750310 95 43.5 47.1 46.7 18.7 8.7 17.6 6.8 5 5.9 44.1 0 21.4 37.7 26.4 22.4 63 NA 73.4 100 99.9 56.9 0
19750311 94.2 39 38.6 44.2 17.9 7.2 14.4 6.2 5 5.7 36.4 0 18.7 41.6 27.8 23.1 59.3 NA 71.7 100 99.9 55.3 0
19750312 94.4 34.6 31.3 43 17.2 6.4 12.5 5.6 5 5.4 28.5 0 15.3 44.7 29.2 23.9 59 NA 70.4 100 99.9 54.6 0
19750313 93.6 30 22.9 40.5 16.4 5 9.3 5 5 5.2 20.8 0 12.6 48.6 30.7 24.5 55.4 NA 68.7 100 99.9 53 0
19750314 92.3 26.3 20.2 35.9 15.2 5 9.1 5 5 5.2 20.8 0 12.6 43.3 28.1 22 51.4 NA 62.7 99.6 99.7 50.7 0
19750315 91.5 23.4 18.2 31 14.2 5 8.5 5 5 5.2 20 0 12.5 38.4 25.3 19.9 48.4 NA 55.4 99.1 98.2 48.9 0
19750316 90.2 19.6 15.5 26.4 13 5 8.3 5 5 5.1 20 0 12.5 33.2 22.8 17.4 44.4 NA 49.4 98.7 98 46.5 0
19750317 89.3 15.7 12.3 23.2 11 0.3 6.3 0 0 3.8 20 0 16.7 26.6 19.2 15.5 39.6 NA 42.6 98.3 97.2 44.8 0.4
19750318 88.1 11.9 9.7 18.6 9.8 0.3 6.1 0 0 3.7 19.9 0 16.6 21.4 16.6 12.9 35.6 NA 36.6 97.9 97.1 42.5 0.4
19750319 87.2 9 7.7 13.7 8.8 0.3 5.5 0 0 3.7 19.2 0 16.6 16.4 13.8 10.8 32.5 NA 29.4 97.4 95.5 40.7 0.4
19750320 86 5.3 5 9.1 7.6 0.3 5.3 0 0 3.7 19.1 0 16.5 11.2 11.2 8.3 28.6 NA 23.3 97 95.3 38.4 0.4
19750321 85.1 5.2 5 8.4 7.7 1 5.1 0 0 4.3 20.1 0 15.6 10 11.8 8.6 25.5 NA 26.5 95.4 93.5 37.5 0.4
19750322 85.4 5.2 5 7.9 8 1.3 5.1 0 0 4.8 22 0 14.7 9.6 12.6 8.9 21.6 NA 30.1 94.1 92 36.1 0.4
19750323 84.6 5.1 5 7.1 8 1.9 4.9 0 0 5.4 23 0 13.8 8.5 13.1 9.2 18.6 NA 33.2 92.4 90.2 35.3 0.4
19750324 84.3 0.2 0 2 7.3 2 2.3 0 0 6.3 23.6 0 8.8 7.7 14 9.5 16.1 NA 35.5 89.9 88.4 33.7 0
19750325 83.5 0.1 0 1.2 7.4 2.7 2.1 0 0 6.9 24.6 0 7.9 6.5 14.6 9.8 13.1 NA 38.6 88.2 86.5 32.9 0
19750326 83.8 0.1 0 0.8 7.7 3 2.1 0 0 7.5 26.5 0 6.9 6.2 15.4 10.1 9.1 NA 42.2 86.9 85.1 31.5 0
19750327 83 0 0 0 7.7 3.7 1.8 0 0 8 27.5 0 6 5 15.9 10.4 6.1 NA 45.3 85.2 83.2 30.7 0
19750328 84.2 0 0 0 9.2 3.5 1.9 0 0 9 34.5 0 5.8 6.4 16.1 12.4 7.6 NA 42.9 87.3 84.6 36.8 0
19750329 85.6 0 0 0 10.8 3.6 2.1 0 0 10.1 41.7 0 5.7 7.8 16.2 14.1 9.2 NA 41.4 88.7 86.7 43.3 0
19750330 86.8 0 0 0 12.2 3.5 2.1 0 0 11.1 48.7 0 5.5 9.2 16.4 16.1 10.8 NA 39 90.9 88.1 49.4 0
19750331 87.1 2.2 0 0 13.1 3.5 2.1 0 0 10.8 54.5 0 9.5 10.7 16.3 17.7 10.8 NA 38.6 93.2 91.6 56.2 0.2
19750401 88.3 2.2 0 0 14.6 3.4 2.1 0 0 11.8 61.5 0 9.3 12.1 16.5 19.7 12.4 NA 36.2 95.3 93 62.3 0.2
19750402 89.7 2.2 0 0 16.2 3.5 2.3 0 0 12.9 68.7 0 9.2 13.5 16.7 21.4 14 NA 34.7 96.7 95.1 68.8 0.2
19750403 90.9 2.2 0 0 17.6 3.3 2.4 0 0 13.9 75.7 0 9 14.9 16.8 23.4 15.5 NA 32.3 98.9 96.5 74.9 0.2
19750404 87.7 2.2 0 0.3 16.1 3.4 3.4 0 0 12.3 68.7 0 9.2 13.6 16 21 17.9 NA 30.8 98.8 95.3 71.5 0.2
19750405 84.2 2.3 0 0.7 14.3 3.6 5 0 0 10.5 61.3 0 9.5 12.2 15.1 19.5 20 NA 31.4 98.8 93.9 68.1 0.2
19750406 80.9 2.3 0 0.9 12.7 3.7 6 0 0 9 54.2 0 9.7 10.9 14.3 17.1 22.4 NA 29.9 98.7 92.8 64.6 0.2
19750407 77.8 0.2 0 1.2 10.4 3.7 8.7 0 0 5.7 48.6 0 7 4.7 10.1 12.6 24.7 NA 32 99.2 90.7 60.6 0
19750408 74.5 0.3 0 1.5 8.8 3.8 9.7 0 0 4.1 41.5 0 7.2 3.4 9.3 10.2 27.1 NA 30.5 99.1 89.6 57.1 0
19750409 71.1 0.3 0 1.9 7 4 11.3 0 0 2.3 34.1 0 7.5 2.1 8.4 8.7 29.2 NA 31.1 99.1 88.2 53.8 0
19750410 67.8 0.4 0 2.2 5.4 4.1 12.3 0 0 0.8 27.1 0 7.8 0.7 7.6 6.3 31.6 NA 29.6 99 87 50.3 0
19750411 66.3 0.3 0 1.9 5.2 3.5 11 0 0 0.8 24.3 0 6.8 0.6 7 5.6 27.8 NA 26.6 98.2 84.7 48.1 0
19750412 65.2 0.3 0 1.5 4.7 3 9 0 0 0.7 22.4 0 6.1 0.5 6.4 5.1 23.6 NA 22.9 97.7 81.8 44.6 0
19750413 63.7 0.2 0 1.2 4.6 2.4 7.7 0 0 0.7 19.6 0 5.2 0.4 5.8 4.5 19.9 NA 19.8 96.9 79.5 42.4 0
19750414 62.3 0.1 0 0.9 5.6 4.7 4.7 0 0 1 15.9 0 2.5 0.3 4.1 2.7 16.7 NA 13.6 96.1 76.2 38.7 0
19750415 60.8 0.1 0 0.7 5.4 4.1 3.3 0 0 1 13.1 0 1.6 0.2 3.4 2.1 12.9 NA 10.6 95.3 73.9 36.5 0
19750416 59.8 0 0 0.3 5 3.5 1.4 0 0 1 11.2 0 0.9 0.1 2.9 1.6 8.7 NA 6.9 94.8 70.9 33.1 0
19750417 58.2 0 0 0 4.8 2.9 0 0 0 1 8.4 0 0 0 2.2 0.9 5 NA 3.9 94 68.6 30.9 0
19750418 55.8 0 0 0 4.6 2.9 0 0 0 1 7.6 0 0 0 2.2 0.9 5 NA 3.2 92 65.7 31 0
19750419 54.9 0 0 0 4.5 2.9 0 0 0 1 7.1 0 0 0 2.2 0.8 5 NA 2.6 90.2 61.7 31 0
19750420 52.5 0 0 0 4.4 2.9 0 0 0 1 6.3 0 0 0 2.2 0.8 5 NA 1.9 88.2 58.7 31.1 0
19750421 51.1 0 0 0 3.2 0.4 0 0 0 0.7 2.1 0 0 0 2.2 0.6 0 NA 1.9 86.2 54.5 31.4 0
19750422 48.7 0 0 0 3.1 0.4 0 0 0 0.7 1.3 0 0 0 2.2 0.5 0 NA 1.3 84.3 51.6 31.6 0
19750423 47.7 0 0 0 2.9 0.4 0 0 0 0.7 0.8 0 0 0 2.1 0.5 0 NA 0.6 82.4 47.6 31.5 0
19750424 45.3 0 0 0 2.8 0.4 0 0 0 0.7 0 0 0 0 2.1 0.4 0 NA 0 80.5 44.7 31.7 0
19751223 32.7 46.3 5 5 7 5 7.6 0 0 3.1 18 0 11.5 15.7 6.8 0.6 44.7 NA 56.3 91.4 26 63.2 0
19751224 36.9 47.8 5.7 5.1 6.8 5.3 7.8 0 0 3.1 19.1 0 10.4 13.9 6.5 0.6 49.2 NA 57.2 91 24.5 59.6 0
19751225 41.1 51.3 6.1 5.1 6.7 5.6 8.3 0 0 3 20.1 0 10 11.2 6.2 0.7 54.6 NA 58.7 89.6 22.4 55.5 0
19751226 45.3 52.8 6.8 5.3 6.5 5.9 8.6 0 0 3 21.3 0 8.9 9.5 5.8 0.7 59.2 NA 59.6 89.3 20.8 51.8 0
19751227 49.9 56 7.3 5.4 6.3 6.1 8.8 5 5 7.6 24.8 0 8.1 11.8 10.3 5.1 65 NA 60 89.6 19.4 47.3 0
19751228 54.1 57.5 8 5.6 6.1 6.4 9 5 5 7.6 26 0 7 10.1 9.9 5.2 69.6 NA 60.9 89.3 17.8 43.7 0
19751229 58.3 61 8.4 5.6 6 6.7 9.5 5 5 7.5 27 0 6.6 7.4 9.6 5.2 75 NA 62.4 87.9 15.7 39.6 0
19751230 62.5 62.5 9.1 5.7 5.8 7.1 9.7 5 5 7.6 28.2 0 5.5 5.7 9.3 5.3 79.6 NA 63.3 87.6 14.1 36 0
19751231 62.8 64.6 8.8 5.9 6 7.1 9.9 5 5 7.5 28.6 0 6.3 7 9.8 5.5 81.4 NA 63.8 85.5 14.8 33.1 0
19760101 62.9 65.5 8.5 5.9 6.1 7.1 10 5 5 7.4 29.2 0 7.5 7.7 10.2 5.7 84 NA 66.6 82.4 15.7 31 0
19760102 63.2 67.6 8.2 6.2 6.3 7.1 10.2 5 5 7.3 29.6 0 8.3 9 10.6 6 85.8 NA 67 80.3 16.5 28.2 0
19760103 63.6 69.5 7.9 6.4 6.4 7 10.3 5 5 7.1 29.4 5 13.3 9.6 11.1 6.2 87.4 NA 70 76.2 17.2 26.1 5
19760104 63.9 71.6 7.5 6.6 6.6 7 10.4 5 5 7 29.8 5 14.2 11 11.5 6.4 89.3 NA 70.4 74.1 17.9 23.2 5
19760105 64 72.6 7.3 6.6 6.7 7 10.5 5 5 6.9 30.4 5 15.3 11.6 11.9 6.7 91.9 NA 73.2 71.1 18.8 21.2 5
19760106 64.3 74.6 6.9 6.8 6.9 7 10.7 5 5 6.8 30.8 5 16.1 13 12.4 6.9 93.7 NA 73.7 69 19.5 18.3 5
19760107 68.8 77.2 12.4 12.1 8.6 7.8 11.3 7.6 6.3 8.6 35.7 5 17.5 13.7 14.2 8 93.9 NA 75.8 73.3 30 24.1 5
19760108 74.3 81.4 18.4 15.8 9.5 8.2 12.4 10.8 7.8 10.3 41.7 5 18 14.5 15.8 9.7 94.1 NA 80.3 77.3 40.8 30 5
19760109 78.8 84 23.9 21.1 11.2 9 13.1 13.4 9.1 12.1 46.5 5 19.4 15.2 17.7 10.8 94.2 NA 82.4 81.7 51.2 35.8 5
19760110 85.1 85.6 28.6 24.6 12.1 9.3 13.8 12.2 6 9.4 49.6 0 16.9 11.7 15.2 8 97.9 NA 85.4 87.3 59.9 41.5 0
19760111 89.7 88.1 34.1 29.9 13.7 10 14.4 14.8 7.3 11.2 54.4 0 18.3 12.5 17 9.1 98.1 NA 87.5 91.6 70.3 47.3 0
19760112 95.1 92.4 40.1 33.6 14.6 10.5 15.5 18.1 8.7 12.9 60.5 0 18.8 13.2 18.6 10.8 98.2 NA 92.1 95.6 81.1 53.2 0
19760113 99.7 94.9 45.6 38.9 16.3 11.2 16.2 20.7 10.1 14.7 65.3 0 20.2 14 20.5 11.9 98.4 NA 94.2 100 91.5 59 0
19760114 99.7 93.6 49.1 37.9 16.4 11.3 17.2 21.8 10.1 14.1 64.1 0.7 20.4 13.4 19.4 11.3 98.4 NA 90.9 100 89.1 59.2 0.1
19760115 99.7 90.9 54.2 36 16.7 11.4 18.2 22.7 9.7 13.6 65.4 2 20.5 13 18.4 10.8 98.3 NA 89.5 100 86.6 60.2 0.4
19760116 99.8 89.6 57.7 35.1 16.7 11.5 19.2 23.9 9.8 13.1 64.2 2.7 20.7 12.4 17.3 10.2 98.3 NA 86.2 100 84.2 60.4 0.6
19760117 99.9 90.8 61.4 34.5 17.3 11.6 20.2 24.7 9.7 12.2 65.2 3.4 20.8 11.3 15.8 9.8 94.8 NA 84.9 100 83.1 61.8 0.7
19760118 99.9 89.5 64.9 33.6 17.3 11.7 21.2 25.8 9.8 11.7 64 4 21 10.7 14.7 9.2 94.7 NA 81.6 100 80.7 62 0.9
19760119 100 86.9 69.9 31.7 17.7 11.8 22.2 26.8 9.4 11.2 65.3 5.4 21.2 10.3 13.7 8.7 94.7 NA 80.2 100 78.2 63 1.2
19760120 100 85.6 73.4 30.8 17.7 11.9 23.3 27.9 9.4 10.6 64.1 6 21.4 9.7 12.6 8.1 94.7 NA 76.9 100 75.8 63.2 1.3
19760121 100 84.9 74.9 40.9 18.9 16.2 27.1 24.7 8.5 9.7 60 5.6 23.5 12.3 14 9.1 94.7 NA 80.7 100 77.9 64.7 2.1
19760122 100 84.2 77.2 48.8 19.8 19.2 29.9 22.5 7.9 9.1 57.2 5.1 25 14.7 15.1 10.2 94.5 NA 81.9 100 80 65.9 2.5
19760123 100 83.5 78.7 58.9 21.1 23.5 33.7 19.3 6.9 8.2 53.1 4.6 27.1 17.3 16.6 11.2 94.5 NA 85.7 100 82.1 67.4 3.3
19760124 100 80.4 82.5 65.7 21.5 26.6 36.3 20.7 10.6 11.4 50.5 7.7 32.3 23.7 21.8 16.3 94.3 NA 88.7 100 86.3 69.6 8.4
19760125 100 79.7 84 75.8 22.8 31 40.1 17.5 9.6 10.5 46.4 7.2 34.4 26.3 23.2 17.2 94.3 NA 92.5 100 88.4 71 9.2
19760126 100 79 86.3 83.7 23.7 34 42.9 15.3 9 9.9 43.5 6.7 35.9 28.7 24.3 18.4 94.2 NA 93.7 100 90.5 72.3 9.6
19760127 100 78.3 87.8 93.8 24.9 38.3 46.7 12.1 8 9 39.4 6.3 38 31.3 25.7 19.4 94.2 NA 97.5 100 92.6 73.8 10.4
19760128 100 81.1 89.1 94 26.8 37.3 45.8 15.4 9.1 9.6 42.6 6.1 40 30.9 25.9 20.4 94.2 NA 97.5 99.9 93.2 73.5 10.9
19760129 100 82.9 90.1 94.2 28.1 36.7 45.2 18.4 10.8 10.4 46.2 5.9 42.5 30.5 26.5 21.8 94.4 NA 97.5 99.8 93.6 73 11.2
19760130 100 85.7 91.5 94.4 30 35.6 44.3 21.7 11.9 11.1 49.3 5.8 44.5 30.1 26.7 22.8 94.5 NA 97.5 99.7 94.1 72.7 11.7
19760131 100 87.6 91.3 94.6 31.5 35.7 44.2 24.7 13.8 12 52 5.6 46.2 29.5 27.1 23.8 94.7 NA 98.4 99.7 97.9 72.9 12
19760201 100 90.4 92.6 94.8 33.4 34.6 43.2 28 14.9 12.7 55.2 5.4 48.2 29.1 27.3 24.9 94.7 NA 98.4 99.6 98.5 72.5 12.5
19760202 100 92.2 93.6 95 34.7 34 42.7 31 16.5 13.5 58.7 5.3 50.7 28.7 27.9 26.3 95 NA 98.4 99.5 98.9 72.1 12.8
19760203 100 95 95 95.2 36.6 33 41.8 34.3 17.6 14.2 61.9 5.1 52.8 28.3 28.1 27.3 95 NA 98.4 99.4 99.4 71.8 13.2
19760204 100 95 95 95.2 33.2 31.8 39.2 34.1 16.5 13.1 61.7 5.1 50.9 27.5 29.5 27 95 NA 96.4 99.5 99.4 70.8 11.9
19760205 100 95 95 95.2 30.5 31 37.7 33.5 14.7 11.8 61.5 5.1 50.4 26.9 31 26.8 95 NA 96 99.6 99.4 69.7 11
19760206 100 95 95 95.2 27.1 29.8 35.1 33.3 13.5 10.7 61.2 5.1 48.4 26 32.4 26.6 95 NA 94 99.7 99.4 68.7 9.6
19760207 100 95.6 95.4 95.2 24.1 28.4 33.7 32.9 11.5 9.4 61.2 5 48.4 25.4 33.4 25.9 95 NA 93.6 99.7 99.7 67.2 8.7
19760208 100 95.6 95.4 95.2 20.7 27.2 31.1 32.7 10.3 8.3 61 5 46.4 24.6 34.7 25.6 95 NA 91.6 99.8 99.7 66.2 7.3
19760209 100 95.6 95.4 95.2 17.9 26.3 29.6 32.1 8.5 7 60.8 5 45.9 24 36.2 25.4 95 NA 91.1 99.9 99.7 65.1 6.4
19760210 100 95.6 95.4 95.2 14.6 25.2 27 31.8 7.4 6 60.6 5 44 23.1 37.6 25.1 95 NA 89.1 100 99.7 64.2 5
19760211 100 95.1 94.5 94.6 14.9 23.2 25.7 30.8 7.2 6.4 62.2 5 44.4 23.7 37.3 26.1 94.6 NA 87.9 100 99.7 64.9 5
19760212 100 93.9 93.6 94.3 15.7 22 24.8 30.3 6.9 6.4 63 5 44.7 23.2 36.8 27.4 94.4 NA 87.5 100 99.7 65.2 5
19760213 100 93.3 92.6 93.7 16 20 23.5 29.2 6.7 6.8 64.7 5.1 45.1 23.8 36.6 28.4 94.1 NA 86.3 100 99.7 65.9 5
19760214 99.4 92.5 91.8 92 16.5 18.5 22.7 28.3 6.5 6.9 66.8 0.2 43.5 23.8 36.1 29 98.7 NA 86.6 100 98.4 66.5 0
19760215 99.4 92 90.8 91.5 16.8 16.5 21.4 27.2 6.3 7.3 68.4 0.2 43.8 24.5 35.9 30 98.3 NA 85.4 100 98.4 67.2 0
19760216 99.4 90.8 89.9 91.1 17.6 15.3 20.4 26.7 6 7.4 69.2 0.2 44.2 23.9 35.4 31.3 98.1 NA 85 100 98.4 67.5 0
19760217 99.4 90.3 89 90.6 17.9 13.4 19.1 25.6 5.9 7.8 70.9 0.3 44.5 24.6 35.1 32.3 97.8 NA 83.8 100 98.4 68.2 0
19760218 98.3 82.3 81.9 89.3 16.8 14.5 18.5 23.2 6.5 8 68.5 0.2 41.8 21.3 33.1 30.9 96.4 NA 80 97.5 98.4 65.7 0
19760219 97.5 73.3 74.2 87.4 15.6 15.2 18.2 21.1 6.8 8.5 67.1 0.2 38.7 19.4 30.9 29.9 96.5 NA 75.9 95.8 98.4 62.9 0
19760220 96.4 65.3 67.2 86.1 14.5 16.4 17.6 18.6 7.4 8.8 64.8 0.1 36.1 16.2 28.9 28.5 95.1 NA 72 93.3 98.4 60.4 0
19760221 95.9 57.2 59.4 85 13.5 17.2 16.9 13.5 3.4 8.2 62.9 0.1 33.6 13.6 26.7 27.6 92 NA 66.7 90.8 99.2 57.6 0
19760222 94.8 49.2 52.3 83.7 12.4 18.4 16.3 11.1 4 8.5 60.6 0.1 30.9 10.3 24.7 26.2 90.7 NA 62.9 88.2 99.2 55.1 0
19760223 94 40.2 44.6 81.9 11.3 19 16 9 4.4 9 59.2 0 27.8 8.4 22.4 25.2 90.7 NA 58.8 86.5 99.2 52.3 0
19760224 92.9 32.2 37.6 80.6 10.2 20.2 15.4 6.5 5 9.2 56.8 0 25.1 5.2 20.4 23.8 89.3 NA 54.9 84 99.2 49.8 0
19760225 91.4 29.3 34.2 77.7 13.3 21.5 14.5 5.6 4.2 8.6 56.8 0 27.4 5.5 21.3 25.7 82.1 NA 53.8 86.5 98.8 55.1 0
19760226 90.4 26.8 31.8 75.8 15.2 23.7 13 4.7 3.4 7.8 56.9 0 29.5 5.9 22.5 28.1 78.2 NA 53 88.2 98.5 60.4 0
19760227 88.9 23.9 28.5 72.9 18.4 25 12.1 3.9 2.7 7.1 56.8 0 31.8 6.3 23.3 30.1 70.9 NA 51.8 90.7 98.2 65.6 0
19760228 87.5 19.6 25.2 70.9 21 26.5 10.6 3.5 2.3 2.9 56.3 0 33.7 6.6 24.2 31.7 65.3 NA 50.6 93.2 97.8 71.2 0
19760229 86 16.7 21.8 68 24.2 27.8 9.6 2.6 1.5 2.3 56.2 0 36.1 7 25 33.6 58.1 NA 49.4 95.7 97.5 76.4 0
19760301 85 14.1 19.4 66.1 26 30 8.2 1.7 0.8 1.5 56.3 0 38.1 7.4 26.3 36 54.2 NA 48.7 97.3 97.2 81.7 0
19760302 83.5 11.2 16.1 63.2 29.2 31.3 7.2 0.8 0 0.8 56.3 0 40.4 7.7 27.1 38 46.9 NA 47.5 99.9 96.8 87 0
19760303 85.1 10.1 16.4 60.4 29.8 30.7 7.6 0.7 0 3 56.7 0 39.8 9.7 28.6 38.5 41.6 NA 50.8 99.5 97.2 86 0
19760304 86.2 9.4 16.9 59.1 29.7 29.2 8.1 0.6 0 5.9 57.4 0 39.4 11.1 31 38.8 35.6 NA 52.3 99.3 97.5 84.9 0
19760305 87.8 8.3 17.2 56.3 30.3 28.6 8.5 0.5 0 8.1 57.9 0 38.8 13.1 32.5 39.3 30.2 NA 55.6 99 97.8 83.9 0
19760306 87.7 3 16.6 55.7 29.9 27.5 9.2 0.4 0 13.4 59.1 0 37.7 15.1 34 39 24.9 NA 58.7 98.6 98 83.1 0
19760307 89.3 1.9 16.9 53 30.5 26.9 9.5 0.2 0 15.6 59.6 0 37.1 17 35.5 39.5 19.6 NA 62.1 98.3 98.3 82.1 0
19760308 90.4 1.1 17.5 51.6 30.4 25.4 10.1 0.1 0 18.5 60.2 0 36.7 18.5 37.8 39.8 13.6 NA 63.6 98.1 98.6 81 0
19760309 92 0 17.8 48.8 31 24.8 10.5 0 0 20.7 60.7 0 36.1 20.4 39.4 40.3 8.2 NA 66.9 97.8 98.9 80 0
19760310 83.6 0 16.1 47.5 32 23 12 0 0 19.1 62 0 34.8 20.6 40.9 42.4 7.6 NA 65.9 98.1 98.9 81.9 0
19760311 74.9 0 13.8 44.6 33.2 21.9 13.4 0 0 17 62.6 0 33.6 20.3 42.9 44.5 7.6 NA 66.5 98.4 98.9 83.5 0
19760312 66.6 0 12.1 43.3 34.3 20.1 14.9 0 0 15.4 63.8 0 32.3 20.4 44.5 46.7 6.9 NA 65.5 98.7 98.9 85.4 0
19760313 61.4 5 11.5 41.2 34.7 19 16.3 0 0 10.8 64.1 0 29.8 20.4 46.1 48.3 6.3 NA 64 98.5 98.8 88.3 0
19760314 53 5 9.8 39.9 35.8 17.2 17.9 0 0 9.2 65.3 0 28.5 20.6 47.7 50.5 5.6 NA 62.9 98.9 98.8 90.2 0
19760315 44.3 5 7.5 37 37 16.1 19.3 0 0 7.1 65.9 0 27.3 20.2 49.7 52.5 5.6 NA 63.6 99.1 98.8 91.8 0
19760316 36 5 5.8 35.7 38 14.3 20.8 0 0 5.5 67.2 0 26 20.4 51.3 54.7 5 NA 62.5 99.5 98.8 93.7 0
19760317 42.8 5 5.7 33.5 35.6 14.1 18.8 0 0 5 63.8 0 27.4 17.8 47.5 50.1 5 NA 60 99.5 98.8 89.7 0
19760318 49 5 5.5 31.7 31.5 13.3 16.8 0 0 4.5 60.5 0 28.7 16.4 44.7 45.7 5 NA 57.6 99.4 98.8 87 0
19760319 55.8 5 5.3 29.5 29 13.1 14.8 0 0 4 57.1 0 30 13.9 41 41.1 5 NA 55 99.4 98.8 83 0
19760320 59.3 0 0.5 25.7 26.1 12.9 12.6 0 0 5 54.6 0 30.9 11.5 37.6 36.9 4.9 NA 51.2 100 98.6 80.5 0
19760321 66.1 0 0.3 23.6 23.7 12.7 10.6 0 0 4.5 51.2 0 32.2 9 33.9 32.3 4.9 NA 48.6 100 98.6 76.5 0
19760322 72.3 0 0.2 21.8 19.6 11.9 8.6 0 0 4 47.9 0 33.5 7.6 31 28 4.9 NA 46.2 99.9 98.6 73.8 0
19760323 79.1 0 0 19.6 17.2 11.7 6.7 0 0 3.5 44.5 0 34.8 5 27.3 23.4 4.9 NA 43.7 99.9 98.6 69.8 0
19760324 75.7 0 0 17.4 15.8 11.1 6.4 0 0 3.2 43.1 0 30.7 5 25.5 22.1 4.9 NA 36.6 99.9 94.9 66.9 0
19760325 70.9 0 0 15.9 14.1 10.5 6.1 0 0 2.9 42.5 0 27.3 5 23.6 20.3 4.9 NA 32.9 100 94.8 65 0
19760326 67.4 0 0 13.7 12.7 9.9 5.8 0 0 2.6 41.1 0 23.1 5 21.9 19 4.9 NA 25.9 100 91.1 62.1 0
19760327 63.8 0 0 11.2 6.6 5 0.8 0 0 0.9 39.1 0 19.6 0 16.6 13.7 0 NA 17.8 100 88.5 60.1 0
19760328 60.4 0 0 8.9 5.2 4.4 0.6 0 0 0.6 37.7 0 15.4 0 14.9 12.3 0 NA 10.8 100 84.9 57.2 0
19760329 55.6 0 0 7.4 3.5 3.8 0.3 0 0 0.3 37 0 12 0 12.9 10.6 0 NA 7 100 84.8 55.3 0
19760330 52.1 0 0 5.2 2.1 3.2 0 0 0 0 35.7 0 7.8 0 11.2 9.3 0 NA 0 100 81.1 52.4 0
19760331 50.9 0 0 5.1 1.9 2.7 0 0 0 0 34.3 0 6.9 0 10.3 8.8 0 NA 0 99.8 81.4 50.9 0
19760401 49.4 0 0 5.1 1.6 2.4 0 0 0 0 33.9 0 5.4 0 9.7 9.1 0 NA 0 99.7 80.5 49.3 0
19760402 48.2 0 0 5 1.5 1.9 0 0 0 0 32.5 0 4.5 0 8.9 8.6 0 NA 0 99.6 80.9 47.8 0
19760403 47.4 0 0 5.2 1.3 1.3 0 0 0 0 32.5 0 3.3 0 9.4 11.7 0 NA 0 99.4 80.4 43.4 0
19760404 46.1 0 0 5.2 1.1 0.8 0 0 0 0 31.1 0 2.4 0 8.5 11.2 0 NA 0 99.3 80.8 41.9 0
19760405 44.7 0 0 5.1 0.8 0.5 0 0 0 0 30.7 0 0.9 0 7.9 11.4 0 NA 0 99.1 79.9 40.3 0
19760406 43.5 0 0 5 0.6 0 0 0 0 0 29.4 0 0 0 7 11 0 NA 0 99 80.2 38.8 0
19760407 40.6 0 0 4.7 0.7 0 0 0 0 0 26 0 0 0 6.9 10.3 0 NA 0 98.9 77.7 36.8 0
19760408 37.5 0 0 4.4 0.7 0 0 0 0 0 24.1 0 0 0 6.8 9.4 0 NA 0 98.9 72.5 35.2 0
19760409 34.6 0 0 4 0.7 0 0 0 0 0 20.7 0 0 0 6.7 8.7 0 NA 0 98.8 70 33.2 0
19760410 34.1 0 0 3.5 0.8 0 0 0 0 0 17.7 0 0 0 6.7 8 0 NA 0 98.8 68 33.4 0
19760411 31.2 0 0 3.1 0.8 0 0 0 0 0 14.3 0 0 0 6.6 7.3 0 NA 0 98.7 65.5 31.5 0
19760412 28.2 0 0 2.9 0.9 0 0 0 0 0 12.4 0 0 0 6.5 6.4 0 NA 0 98.6 60.3 29.8 0
19760413 25.3 0 0 2.5 0.9 0 0 0 0 0 9 0 0 0 6.4 5.7 0 NA 0 98.6 57.7 27.9 0
19760414 21.6 0 0 2.2 0.8 0 0 0 0 0 7.7 0 0 0 6.1 5.6 0 NA 0 89.7 49.5 26 0
19760415 19.1 0 0 2 0.6 0 0 0 0 0 6.5 0 0 0 5.7 5.5 0 NA 0 80.9 43.4 24.2 0
19760416 15.5 0 0 1.6 0.5 0 0 0 0 0 5.1 0 0 0 5.4 5.4 0 NA 0 72 35.2 22.3 0
19760417 9.8 0 0 1.4 0.4 0 0 0 0 0 3.9 0 0 0 3.3 0.3 0 NA 0 68 27.9 17.7 0
19760418 6.1 0 0 1 0.3 0 0 0 0 0 2.6 0 0 0 3 0.2 0 NA 0 59.2 19.6 15.7 0
19760419 3.7 0 0 0.8 0.1 0 0 0 0 0 1.3 0 0 0 2.6 0.1 0 NA 0 50.3 13.6 14 0
19760420 0 0 0 0.5 0 0 0 0 0 0 0 0 0 0 2.4 0 0 NA 0 41.5 5.3 12.1 0
19761216 93.8 70.2 18.2 7.8 17.9 5.9 17.5 9.1 13.7 10.6 30.9 7 9.6 19.8 22.8 11.2 50.2 NA 80.3 91.6 29.7 42.2 5
19761217 94.9 72.9 18.8 11.6 16.7 7.3 17.7 8.4 12.4 11.7 34.7 6.6 12.2 20.9 23.2 11.3 57.1 NA 77 93.2 30.8 44.3 5
19761218 95.8 75.9 20.4 16.2 15.2 8.3 17.4 7.9 11.1 13 37 6.6 13.6 21.6 23.4 11.7 64.4 NA 72.9 93.2 31.2 46.4 5
19761219 96.9 78.6 21.1 20 14 9.6 17.7 7.3 9.8 14.1 40.8 6.2 16.2 22.6 23.8 11.7 71.4 NA 69.7 94.8 32.3 48.5 5
19761220 96.9 81.4 22.9 25.3 12.5 10.8 17.5 6.8 8.9 15.5 44.2 5.8 17.6 24 24.5 12 78.4 NA 65.3 96.7 32.7 51.5 5
19761221 97.9 84.1 23.6 29.1 11.3 12.2 17.8 6.2 7.6 16.6 47.9 5.4 20.3 25 24.9 12 85.3 NA 62.1 98.3 33.8 53.7 5
19761222 98.9 87.1 25.1 33.8 9.8 13.2 17.5 5.7 6.3 17.9 50.3 5.4 21.6 25.7 25.1 12.5 92.6 NA 58 98.3 34.2 55.7 5
19761223 99.9 89.8 25.8 37.5 8.6 14.5 17.7 5 5 19 54 5 24.3 26.8 25.5 12.5 99.6 NA 54.7 99.9 35.3 57.9 5
19761224 99.9 90.7 32.5 41.4 12.9 14.7 18.2 6.3 6 20.6 58.1 9.1 26.9 25.3 26.7 13.6 98.5 NA 58.1 99.9 42.3 58.1 6.1
19761225 99.9 90.6 41.1 46.1 17.9 14.9 18.2 7.4 6.7 21.3 60.6 14.7 28.6 24 28 14.9 98.5 NA 62.7 99.9 52.3 58.9 7.5
19761226 99.9 91.5 47.8 50 22.2 15 18.6 8.7 7.7 22.9 64.7 18.8 31.2 22.6 29.2 16 97.4 NA 66.1 99.9 59.4 59.2 8.7
19761227 99.9 92.4 57 53.5 27.3 15.3 18.7 10.6 9.1 24.3 66.7 24.7 35.2 21.1 30 17.5 97.3 NA 70.5 99.9 69.5 60 10.1
19761228 99.9 93.3 63.6 57.4 31.6 15.5 19.2 11.9 10.1 26 70.7 28.8 37.9 19.6 31.2 18.6 96.3 NA 73.9 99.9 76.5 60.2 11.2
19761229 100 93.1 72.3 62.1 36.6 15.7 19.2 13 10.8 26.6 73.2 34.4 39.5 18.3 32.5 19.9 96.3 NA 78.5 99.9 86.5 61.1 12.6
19761230 100 94 79 66 40.9 15.8 19.6 14.3 11.8 28.3 77.3 38.5 42.2 16.8 33.7 21 95.2 NA 81.9 99.9 93.5 61.3 13.8
19761231 99.8 94.1 80.8 69.8 41.6 15.3 23.4 18 13.9 26.9 77.5 37 49 22.5 34.8 21.6 96.1 NA 83.1 99.9 93.5 60.9 14.1
19770101 99.6 95.6 82.6 73.9 44.1 15.5 29.1 20.9 16.2 26.6 79.9 35.4 53.3 25.7 35.1 22 96.1 NA 86.2 99.9 96.7 62 13.9
19770102 99.4 95.7 84.4 77.7 44.9 15 32.9 24.6 18.3 25.2 80.1 33.9 60.2 31.3 36.2 22.6 96.9 NA 87.4 99.9 96.7 61.5 14.3
19770103 99.3 96.7 89.6 82.8 46.4 15 38.9 28.1 20.9 24.1 82.4 34 63.9 35.4 36.9 22.9 96.7 NA 89.8 99.9 96.8 62.3 14.4
19770104 99.1 96.8 91.4 86.6 47.2 14.4 42.6 31.7 22.9 22.6 82.6 32.5 70.7 41.1 38 23.5 97.6 NA 91 99.9 96.8 61.9 14.7
19770105 98.9 98.3 93.2 90.8 49.7 14.7 48.4 34.7 25.3 22.4 84.9 30.9 75 44.3 38.4 23.9 97.6 NA 94.1 100 99.9 63 14.5
19770106 98.7 98.3 95 94.6 50.4 14.1 52.1 38.3 27.4 21 85.1 29.4 81.9 49.9 39.5 24.5 98.5 NA 95.3 100 99.9 62.6 14.9
19770107 98.9 97.8 95 94.6 51.8 15.1 53.6 41 27.4 25.6 87.5 28.8 80.2 57.3 45.6 26 98.6 NA 95.3 100 99.9 66.4 14.5
19770108 99.1 97.2 94.9 94.6 54.1 15.6 53.6 43.5 27.8 30 89.1 27.5 78.8 64.7 51.7 27.3 98.7 NA 93.8 100 99.9 69.1 14.1
19770109 99.3 96.6 95.4 96.1 55.6 16.8 55.7 46.8 28.4 34.6 91.5 28.3 79.5 73.2 59 29.8 98.8 NA 94.6 100 100 72.9 14.7
19770110 99.5 95.8 95.2 95.8 56.3 17.4 55.6 49.3 28.4 38.2 93.8 27 77.6 80.5 64.7 31 98.9 NA 94.3 100 97.4 74.9 14.3
19770111 99.7 95.2 95.1 95.8 58.6 18.1 56.5 51.9 28.7 42.7 95.4 26.4 76.1 87.8 71 32.6 99 NA 92.8 100 97.4 78.8 13.9
19770112 100 94.6 95.1 95.8 60 18.9 57.1 54.4 28.8 47.3 97.8 25.1 74.5 95.2 77 33.9 99.1 NA 92.8 100 97.4 81.4 13.5
19770113 100 95.2 95.1 95.8 57.8 24.5 58.5 57.2 32.3 51.2 97.6 25.9 77 95.2 78.9 35.8 99.2 NA 92.8 100 97.4 82.5 14.4
19770114 99.9 95.5 95.2 95.8 55.5 29.9 59.6 60.4 35.3 54.3 97.4 26.4 78.6 92.9 81 39.3 99.3 NA 91.9 100 97.4 83.7 14.6
19770115 99.9 96.1 95.2 95.8 53.2 35.6 61.1 63.2 38.7 58.2 97.2 27.2 81.1 92.9 82.9 41.3 99.5 NA 91.9 100 97.4 84.8 15.5
19770116 99.9 97.1 95 95.5 51.8 44.4 61.8 66.2 44 64.1 96.9 29.1 83.7 91.1 84.6 44.4 99.5 NA 91.2 100 100 86.5 16.6
19770117 99.9 97.7 95 95.5 49.6 50 63.3 69 47.4 68 96.7 29.9 86.2 91.1 86.6 46.3 99.7 NA 91.2 100 100 87.6 17.5
19770118 99.9 98 95.1 95.5 47.2 55.4 64.4 72.1 50.5 71.1 96.5 30.5 87.8 88.8 88.6 49.8 99.7 NA 90.3 100 100 88.7 17.6
19770119 99.9 98.6 95.1 95.5 45 61.1 65.8 74.9 53.9 75 96.4 31.2 90.3 88.8 90.6 51.8 99.9 NA 90.3 100 100 89.9 18.5
19770120 99.9 98.6 95.1 95.5 47 59.6 69.8 75.1 54.1 75.2 96.5 30.8 90.6 87.1 91.1 54.4 99.8 NA 90.4 100 100 90.7 19.1
19770121 99.9 98.9 95.1 95.5 48.7 58.1 72.4 75.3 54.6 75.8 96.8 30.5 92.4 87.4 91.7 56.4 99.8 NA 89.9 100 100 91 21
19770122 99.9 98.9 95.1 95.5 50.8 56.6 76.4 75.4 54.9 76 97 30.1 92.6 85.7 92.2 59 99.7 NA 90.1 100 100 91.9 21.6
19770123 99.9 99.1 99.6 100 52.4 52.9 79.8 75 55.2 76.4 97.3 30.6 93.5 85.2 94.5 62.8 99.7 NA 90.9 100 100 93.1 22.4
19770124 99.9 99.1 99.6 100 54.4 51.4 83.8 75.2 55.5 76.6 97.4 30.2 93.7 83.5 95 65.4 99.6 NA 91.1 100 100 93.9 23
19770125 99.9 99.3 99.6 100 56.1 49.9 86.4 75.4 56 77.2 97.7 29.8 95.5 83.8 95.6 67.5 99.6 NA 90.6 100 100 94.2 24.9
19770126 99.9 99.3 99.6 100 58.2 48.4 90.4 75.5 56.2 77.4 97.9 29.5 95.8 82.1 96.1 70.1 99.5 NA 90.7 100 100 95.1 25.5
19770127 99.9 99.3 99.6 100 59.7 53.1 90.7 75.6 56.2 75.3 97.9 27.9 95.8 83.9 94.5 69.6 99.5 NA 92.1 100 100 95.4 24.8
19770128 100 98.8 99.6 100 59 55.4 90.5 76.3 58.1 75.3 98.2 25.5 94.1 84.4 94.4 71.4 99.5 NA 92.1 100 100 95.5 24.4
19770129 100 98.7 99.6 100 60.6 60.1 90.8 76.3 58.1 73.2 98.2 23.9 94.1 86.2 92.8 71 99.5 NA 93.5 100 100 95.8 23.8
19770130 100 97.8 98 100 59.7 62.9 90.9 76 58.7 72.9 98.9 21.4 94 87.7 91.2 70.8 99.5 NA 94.8 99.9 100 96.2 23.1
19770131 100 97.8 98 100 61.3 67.6 91.2 76 58.6 70.8 99 19.8 94 89.5 89.6 70.4 99.5 NA 96.2 99.9 100 96.5 22.5
19770201 100 97.2 98 100 60.6 69.9 91 76.7 60.6 70.8 99.2 17.4 92.3 90 89.5 72.2 99.5 NA 96.2 99.9 100 96.6 22
19770202 100 97.2 98 100 62.2 74.6 91.3 76.7 60.6 68.7 99.3 15.8 92.3 91.8 87.9 71.7 99.5 NA 97.6 99.9 100 96.9 21.4
19770203 100 97.2 98 100 65.4 76.5 91.6 78 63.2 72.2 99.3 16.3 92.8 91.8 88.8 75.1 99.3 NA 97.6 99.9 100 96.9 22.5
19770204 100 97.8 98 100 70.3 78.8 92.6 81.6 67.2 76.4 99.3 15.9 94.2 93.2 88.8 76.9 99.1 NA 97.6 99.9 100 97.7 24.8
19770205 100 97.8 98 100 73.5 80.7 92.9 82.8 69.7 79.8 99.3 16.4 94.7 93.2 89.7 80.2 98.9 NA 97.6 100 100 97.7 25.9
19770206 100 98.3 99.9 100 76.9 84.2 94.5 85 75.4 86.7 100 17 95.8 91.6 89.2 83.1 98.7 NA 97.5 100 100 99 28.5
19770207 100 98.3 99.9 100 80.1 86.1 94.7 86.2 78 90.1 100 17.5 96.3 91.6 90 86.4 98.5 NA 97.5 100 100 99 29.6
19770208 100 98.8 99.9 100 85.1 88.4 95.8 89.8 82 94.3 100 17.1 97.7 93 90.1 88.2 98.4 NA 97.5 100 100 99.8 32
19770209 100 98.9 99.9 100 88.3 90.3 96 91 84.6 97.7 100 17.5 98.2 93 90.9 91.6 98.2 NA 97.5 100 100 99.8 33
19770210 100 98.9 99.9 100 88.8 91.2 95.2 87.6 81 94.8 100 18.5 98.2 93 91.7 92.5 98.3 NA 95 100 100 99.5 33.6
19770211 100 98.9 99.9 100 88.7 92 95.1 84.6 76.1 91.3 100 20.3 98.2 93.1 91.7 92.5 98.4 NA 94.9 100 100 99 34.4
19770212 100 98.9 99.9 100 89.2 92.8 94.3 81.1 72.5 88.3 100 21.4 98.2 93.1 92.4 93.4 98.6 NA 92.4 100 100 98.6 35
19770213 100 98.4 97 100 86.2 91.7 90.9 76.2 67.3 81.9 99.7 24 98.6 96.3 94.6 93.8 98.7 NA 90.2 100 100 96.7 35.9
19770214 100 98.4 97 100 86.7 92.5 90.1 72.7 63.7 78.9 99.7 25 98.6 96.3 95.3 94.7 98.9 NA 87.7 100 100 96.4 36.6
19770215 100 98.4 97 100 86.6 93.3 90 69.8 58.8 75.5 99.7 26.8 98.6 96.4 95.3 94.7 99 NA 87.6 100 100 95.8 37.3
19770216 100 98.4 97 100 87.1 94.1 89.2 66.3 55.2 72.5 99.7 27.8 98.6 96.4 96.1 95.7 99.1 NA 85.1 100 100 95.5 37.9
19770217 100 98.1 97 100 86.9 94 88.8 65.8 57.3 73 99.7 30.2 96.2 96.4 96.1 95.7 98.4 NA 87.6 100 100 95.5 38.6
19770218 100 98 97 100 86.6 94 87.9 65 59.8 74.6 99.7 32.1 94.6 96.4 96.1 95.6 97.9 NA 88.1 100 100 95.6 38.8
19770219 100 97.7 97 100 86.5 93.8 87.5 64.6 61.9 75.1 99.7 34.4 92.1 96.4 96.1 95.6 97.2 NA 90.5 100 100 95.6 39.5
19770220 100 96.9 97.7 100 88.2 94.8 89.6 62.7 62.4 74.8 99.7 35.5 90.4 96.1 96 95.1 96.4 NA 92.5 100 100 96.6 39.6
19770221 100 96.7 97.7 100 88 94.6 89.2 62.2 64.4 75.3 99.7 37.9 87.9 96.1 96 95.1 95.7 NA 94.9 100 100 96.6 40.3
19770222 100 96.5 97.7 100 87.7 94.6 88.4 61.4 67 76.8 99.7 39.8 86.3 96.1 96 95 95.2 NA 95.5 100 100 96.7 40.5
19770223 100 96.2 97.7 100 87.5 94.5 88 60.9 69 77.4 99.7 42.1 83.9 96.1 96 95 94.5 NA 97.9 100 100 96.7 41.1
19770224 100 94.9 97.4 100 86.5 94.7 89.1 60.4 67.6 77.1 99.1 38.3 86.3 96 95.9 94.5 94.2 NA 97.8 100 100 96.6 37.6
19770225 99.9 93.1 97.2 100 86.1 94.8 88.7 58.4 67.1 77.4 98.4 35.3 88.3 93.8 95.4 94.1 93.9 NA 96.8 100 100 95.8 34
19770226 99.9 91.8 97 100 85.1 95 89.7 57.8 65.6 77.1 97.7 31.5 90.7 93.6 95.4 93.6 93.6 NA 96.7 100 100 95.6 30.5
19770227 99.9 89.1 93.1 100 82.8 95.3 89.9 59.6 67.3 77.2 97.3 28.6 93.2 91.3 96.2 93.3 93.3 NA 96.6 100 100 94.9 26.5
19770228 99.9 87.8 92.9 100 81.8 95.5 91 59 65.8 77 96.7 24.7 95.6 91.2 96.2 92.8 93 NA 96.5 100 100 94.7 23
19770301 99.8 85.9 92.7 100 81.4 95.6 90.6 57 65.4 77.2 96 21.8 97.6 89 95.7 92.4 92.7 NA 95.4 100 100 93.9 19.4
19770302 99.8 84.7 92.4 100 80.4 95.9 91.6 56.5 63.9 77 95.3 17.9 100 88.9 95.7 91.9 92.4 NA 95.3 100 100 93.8 15.9
19770303 99.8 81.3 89.4 100 78.7 95.9 85.9 50.2 60.4 74.8 96 15.9 100 82.7 91.9 90.2 90.4 NA 90.6 100 100 94.2 14.7
19770304 99.9 77.3 84.9 100 79.2 95.9 80.2 48.1 59.8 74.4 96.6 14 100 77 88.1 89 89.1 NA 86.8 100 100 95.1 13.8
19770305 99.9 73.9 81.8 100 77.6 95.9 74.5 41.9 56.3 72.2 97.2 12 100 70.8 84.4 87.3 87.1 NA 82.1 100 100 95.5 12.6
19770306 99.9 66.7 76.8 95 78.9 96 66.3 36.1 51.9 71.6 97.9 11 100 62.4 80.2 84.8 85.1 NA 76.3 99.4 99.9 95.9 11.6
19770307 99.9 63.3 73.7 95 77.3 96 60.6 29.9 48.4 69.4 98.5 9 100 56.2 76.5 83.1 83.1 NA 71.6 99.4 99.9 96.3 10.4
19770308 100 59.3 69.3 95 77.8 96.1 54.8 27.8 47.8 68.9 99.1 7 100 50.5 72.7 81.9 81.7 NA 67.8 99.4 99.9 97.2 9.5
19770309 100 55.9 66.2 95 76.2 96.1 49.1 21.6 44.3 66.8 99.8 5 100 44.3 68.9 80.2 79.7 NA 63.1 99.4 99.9 97.6 8.3
19770310 99.9 50.7 65.6 95 74.9 96 46.1 20.3 43.7 61.9 97.9 5 99.1 49.6 70.8 80.4 75.9 NA 61.3 99.3 99.9 94.1 8.6
19770311 99.8 47.2 65.2 95 74.7 96 44.6 19.4 43.7 57.4 97.7 5 98.6 54.3 73.2 79.5 75 NA 59.9 99.2 99.9 91.3 8.8
19770312 99.6 42 64.6 95 73.4 95.9 41.6 18 43.2 52.5 95.8 5 97.7 59.6 75.1 79.7 71.1 NA 58.1 99.1 99.9 87.7 9.1
19770313 99.5 37.5 62.3 100 72.5 95.3 38.9 16.9 42.9 48.5 95.6 5 95.4 68 77.9 78.4 69.8 NA 56.4 99.6 100 83.4 9.1
19770314 99.4 32.3 61.8 100 71.2 95.2 35.9 15.6 42.3 43.6 93.7 5 94.5 73.3 79.8 78.5 66 NA 54.6 99.5 99.9 79.9 9.4
19770315 99.3 28.8 61.4 100 71 95.2 34.4 14.7 42.4 39.1 93.5 5 94 78 82.2 77.7 65.1 NA 53.1 99.4 99.9 77.1 9.5
19770316 99.1 23.6 60.8 100 69.7 95.2 31.3 13.4 41.8 34.2 91.6 5 93.1 83.3 84.1 77.8 61.3 NA 51.4 99.3 99.9 73.5 9.8
19770317 99.1 22.5 58.9 93.7 67.4 93.2 35.9 13.6 39.2 35.3 89.7 5 89.5 79.3 82.4 78.6 53.3 NA 48 99.2 99.8 74.8 10.3
19770318 99 22.4 56.8 89.5 63.8 90.1 41.6 13.5 36.3 35.1 87.8 5 86.1 78.8 81.6 80.5 46.3 NA 46.8 99.2 99.7 76.7 11.1
19770319 99 21.3 54.8 83.3 61.5 88.2 46.1 13.8 33.8 36.2 85.9 5 82.5 74.8 79.9 81.2 38.4 NA 43.5 99.2 99.6 78 11.6
19770320 98.9 19.9 52.5 77 60.5 86.3 52.3 13.6 30.7 36.9 83.1 5 79.3 74.8 80.2 84.4 27.9 NA 41.2 99.1 99.4 80.4 11.7
19770321 98.9 18.8 50.6 70.7 58.2 84.4 56.8 13.8 28.1 38 81.2 5 75.7 70.8 78.5 85.2 19.9 NA 37.9 99.1 99.3 81.7 12.2
19770322 98.8 18.7 48.5 66.5 54.6 81.3 62.6 13.7 25.3 37.7 79.3 5 72.4 70.2 77.7 87 12.9 NA 36.7 99 99.2 83.6 13
19770323 98.8 17.6 46.5 60.2 52.3 79.3 67.1 14 22.7 38.9 77.3 5 68.8 66.2 76.1 87.8 5 NA 33.4 99 99.1 84.9 13.4
19770324 98.8 16.3 44.4 60.7 47.4 79.1 64.1 12.3 20.7 39.3 80 5 68.6 65.5 72.5 83.8 5 NA 32.8 99.1 98 83.1 13.2
19770325 98.9 13.4 43.7 62.1 42.8 76 60.5 11.5 20.2 42.3 82.4 5 69 68.6 70.8 80.6 5 NA 33.4 99.3 97.3 80.6 13.3
19770326 99 12.1 41.6 62.6 37.8 75.8 57.6 9.9 18.2 42.7 85.1 5 68.7 67.8 67.3 76.6 5 NA 32.8 99.4 96.3 78.8 13.1
19770327 99.1 10.4 40.7 63.8 32.3 75.5 54.1 9.1 17.8 43.9 88.2 5 67.2 67.4 64.2 72 5 NA 34.8 99.6 95.2 77 12.9
19770328 99.2 9.2 38.6 64.2 27.4 75.2 51.2 7.4 15.7 44.4 90.9 5 67 66.6 60.7 68 5 NA 34.2 99.7 94.2 75.2 12.6
19770329 99.2 6.2 37.8 65.7 22.8 72.2 47.6 6.6 15.3 47.4 93.2 5 67.4 69.7 59 64.8 5 NA 34.9 99.8 93.5 72.7 12.7
19770330 99.3 5 35.7 66.1 17.9 71.9 44.6 5 13.2 47.8 95.9 5 67.2 68.9 55.5 60.8 5 NA 34.3 100 92.5 70.9 12.5
19770331 97.8 5 32 61.9 16.4 66.5 39.3 5.2 12.7 47.6 86.9 5 65.3 60.9 52.1 58.1 5 NA 34.4 99.9 92.9 67.6 11.5
19770401 96.2 5 27.7 54.1 14.8 63 33.4 5.4 12.2 47.6 78.5 5 64.7 53 47.8 54.4 5 NA 30.8 99.8 93.2 64.6 10.5
19770402 94.7 5 23.9 49.8 13.4 57.6 28.1 5.6 11.6 47.3 69.5 5 62.8 45 44.4 51.8 5 NA 31 99.7 93.6 61.4 9.5
19770403 93.1 5 19.7 44.3 12.5 51.6 21.6 5.9 11.3 46.7 59.8 5 62.6 40.2 40.3 48.6 5 NA 29.4 99.6 94 56.9 8
19770404 91.6 5 15.9 40 11 46.1 16.3 6.1 10.8 46.5 50.8 5 60.8 32.2 36.9 45.9 5 NA 29.5 99.6 94.5 53.6 7
19770405 90 5 11.6 32.3 9.5 42.6 10.3 6.3 10.3 46.5 42.4 5 60.1 24.3 32.6 42.2 5 NA 26 99.5 94.7 50.6 6.1
19770406 88.5 5 7.8 28 8 37.2 5 6.5 9.7 46.3 33.4 5 58.3 16.3 29.2 39.5 5 NA 26.1 99.4 95.2 47.3 5.1
19770407 83.6 5 7.7 27.8 7.8 36.9 5 6.3 9.1 40 37.2 5 55.5 16.2 27.7 39 5 NA 22.2 99.5 93.6 46.4 5.1
19770408 76.3 5 7 26.9 7.5 36.3 5 6.1 8.5 35.1 38.7 5 54.3 16.1 26.4 38.7 5 NA 20.3 99.6 92.7 45.8 5
19770409 71.4 5 6.9 26.6 7.2 36.1 5 5.9 7.8 28.8 42.6 5 51.6 16 24.9 38.2 5 NA 16.5 99.6 91.1 44.9 5
19770410 64.1 5 6.1 25.7 6.9 35.6 5 5.6 6.9 25.1 44.4 5 48.1 15.7 23.8 36.9 5 NA 14.6 99.7 89.5 43.9 5
19770411 59.3 5 6 25.5 6.7 35.4 5 5.4 6.3 18.8 48.3 5 45.3 15.6 22.2 36.4 5 NA 10.7 99.8 87.9 43 5
19770412 51.9 5 5.3 24.6 6.4 34.8 5 5.2 5.7 13.9 49.8 5 44.1 15.5 21 36.1 5 NA 8.8 99.9 87.1 42.4 5
19770413 47.1 5 5.2 24.3 6.1 34.5 5 5 5 7.6 53.6 5 41.4 15.4 19.5 35.5 5 NA 5 100 85.5 41.5 5
19770414 46.7 5 5.2 23.2 5.9 35.2 5 5 5 7.4 48.7 5 40.1 15.4 18.5 35.1 5 NA 5 96.4 84.1 40.3 5
19770415 44.6 5 5.2 22.5 5.8 36.1 5 5 5 6.9 40.4 5 37.9 15.3 17.7 34.4 5 NA 5 93.6 83.3 39.2 5
19770416 44.2 5 5.2 21.4 5.6 36.7 5 5 5 6.7 35.5 5 36.7 15.3 16.7 33.9 5 NA 5 89.9 82 38.1 5
19770417 40.3 5 5.2 19.6 5.5 36.9 5 5 5 6.3 27.5 5 34.9 15.7 15.9 33.4 5 NA 5 82.7 77.8 36 5
19770418 39.9 5 5.2 18.5 5.3 37.6 5 5 5 6 22.6 5 33.7 15.7 14.9 32.9 5 NA 5 79.1 76.4 34.9 5
19770419 37.8 5 5.2 17.8 5.2 38.4 5 5 5 5.6 14.3 5 31.5 15.5 14.2 32.2 5 NA 5 76.3 75.6 33.8 5
19770420 37.5 5 5.1 16.6 5 39.1 5 5 5 5.3 9.4 5 30.2 15.5 13.2 31.7 5 NA 5 72.6 74.3 32.6 5
19770421 33.9 5 5.1 15.4 5 38.5 5 5 5 5.3 9.4 5 27.3 15.1 12.4 28.9 5 NA 5 61.3 64.4 29.8 5
19770422 27.6 5 5.1 14.9 5 36.8 5 5 5 5.3 9.4 5 23.9 15.3 11.6 25.5 5 NA 5 54.1 57.3 27.2 5
19770423 24.1 5 5.1 13.7 5 36.1 5.1 5 5 5.3 9.4 5 21 14.9 10.7 22.7 5 NA 5 42.7 47.3 24.4 5
19770424 18.4 5 5.1 12.8 5 35.3 5.1 5 5 5 5 5 17.6 14.4 10 19.4 5 NA 5 34.9 40.4 21.7 5
19770425 14.8 5 5 11.6 5 34.7 5.1 5 5 5 5 5 14.7 14 9.1 16.6 5 NA 5 23.6 30.5 18.8 5
19770426 8.5 5 5 11 5 33 5.1 5 5 5 5 5 11.3 14.2 8.3 13.3 5 NA 5 16.4 23.4 16.3 5
19770427 5 5 5 9.8 5 32.3 5.1 5 5 5 5 5 8.4 13.9 7.5 10.4 5 NA 5 5 13.5 13.4 5
19770428 5 5 5 9.4 5 29.7 5.1 5 5 5 5 5 8.2 12.6 7.3 9.5 5 NA 5 5 11.9 12.1 5
19770429 5 5 5 8.9 5 27.3 5.1 5 5 5 5 5 7.3 11.3 7.2 9.3 5 NA 5 5 11.2 11.1 5
19770430 5 5 5 8.4 5 24.6 5.1 5 5 5 5 5 7.2 10 7 8.3 5 NA 5 5 9.6 9.7 5
19770501 5 5 5 8.3 5 21.3 5.1 5 5 5 5 5 6.2 9.4 6.8 7.6 5 NA 5 5 8.8 8.7 5
19770502 5 5 5 7.9 5 18.7 5 5 5 5 5 5 6.1 8.1 6.6 6.6 5 NA 5 5 7.3 7.4 5
19770503 5 5 5 7.4 5 16.2 5 5 5 5 5 5 5.1 6.8 6.5 6.4 5 NA 5 5 6.5 6.4 5
19770504 5 5 5 6.9 5 13.6 5 5 5 5 5 5 5 5.5 6.3 5.5 5 NA 5 5 5 5 5
19771221 30.7 31.4 5 7.6 6.3 5 5.3 5 5 5 8.3 5 8.9 5.5 8 5.3 33.4 NA 45.9 27.3 5 12.1 5
19771222 34.2 39.7 7.9 9 6.5 5.7 5.7 5 5 5 9.5 5.3 11.1 6 9.3 5.6 42.1 NA 49 38.6 8 16 5
19771223 39.3 46.2 11 10.5 6.5 6.2 6 5 5 5.1 11.1 5.7 13.6 6.3 10.2 5.8 52.1 NA 52 46.3 9.7 19.1 5.1
19771224 42.8 54.4 13.9 11.9 6.7 7 6.4 5 5 5.2 12.3 6 15.7 6.8 11.5 6.1 60.8 NA 55.1 57.6 12.7 23 5.1
19771225 49 64.2 18.2 14.3 6.8 7.5 7 5 5 5.2 14.3 6.4 18.5 7.2 12.7 6.3 68.3 NA 54.7 67.3 15 26.3 5.2
19771226 52.5 72.4 21.1 15.7 7 8.2 7.3 5 5 5.3 15.5 6.7 20.6 7.7 14 6.6 77 NA 57.8 78.6 18 30.2 5.2
19771227 57.7 78.9 24.2 17.2 7.1 8.7 7.7 5 5 5.3 17.1 7.1 23.1 8 15 6.8 87 NA 60.9 86.3 19.7 33.3 5.3
19771228 61.2 87.1 27.1 18.6 7.3 9.5 8 5 5 5.4 18.3 7.4 25.3 8.5 16.2 7.2 95.7 NA 63.9 97.6 22.7 37.2 5.3
19771229 66.7 87.5 29.7 19.1 7.3 8.9 10 5 5 5.5 19.6 7.1 25.8 9.3 16.1 7.4 95.6 NA 64.2 97.7 25 36.7 5.3
19771230 72 89.2 34.1 19.5 7.3 8.7 12.2 5 5 5.6 19.8 6.7 25.7 9.8 16 7.6 95.6 NA 64.9 97.8 27.6 36.9 5.4
19771231 77.5 89.6 36.7 20 7.3 8.1 14.2 5 5 5.7 21.1 6.4 26.2 10.5 15.9 7.9 95.5 NA 65.1 97.8 29.9 36.3 5.4
19780101 83.5 93.5 40 19.6 7.3 7.9 16.3 5 5 5.8 22 6 26.5 11.4 15.7 8.1 94.9 NA 68.1 99.7 33.2 36 5.5
19780102 89 93.8 42.7 20.1 7.4 7.3 18.2 5 5 5.9 23.3 5.7 26.9 12.2 15.5 8.4 94.8 NA 68.3 99.7 35.5 35.4 5.5
19780103 94.3 95.6 47 20.5 7.4 7.1 20.5 5 5 6.1 23.4 5.3 26.9 12.7 15.5 8.6 94.8 NA 69 99.8 38 35.7 5.5
19780104 99.8 95.9 49.7 21 7.4 6.6 22.4 5 5 6.1 24.7 5 27.3 13.4 15.3 8.8 94.7 NA 69.2 99.9 40.4 35.1 5.6
19780105 98.6 95 55.3 25 8.3 7 22.3 5.5 5.4 6.6 27.4 7.2 27.5 14.1 16.4 9.3 94.8 NA 70.3 99.6 39.6 35.6 5.9
19780106 94.8 94.1 60.1 28.1 9 7.4 22.1 6 5.8 7 30.2 8.7 27.8 14.3 17.2 9.6 94.6 NA 71.8 99.3 38.5 35.5 6.1
19780107 93.6 93.2 65.7 32.1 9.9 7.7 21.9 6.5 6.2 7.5 32.9 10.9 27.9 14.9 18.3 10 94.7 NA 72.9 99 37.7 36 6.5
19780108 91.5 92.2 71.5 34.7 11.3 8.1 21.8 7 6.7 8 36.3 12.4 28.6 14.8 19.2 10.5 94.8 NA 73.9 98.7 36.8 36.3 6.7
19780109 90.3 91.3 77.1 38.7 12.2 8.5 21.6 7.6 7.1 8.5 38.9 14.6 28.7 15.4 20.3 10.9 94.9 NA 75 98.4 36.1 36.8 7.1
19780110 86.5 90.3 82 41.8 12.9 8.9 21.4 8.1 7.5 8.9 41.8 16.1 29 15.6 21.1 11.2 94.7 NA 76.5 98.2 34.9 36.7 7.3
19780111 85.3 89.4 87.6 45.8 13.8 9.3 21.3 8.6 7.9 9.4 44.4 18.3 29.1 16.2 22.2 11.7 94.8 NA 77.6 97.9 34.2 37.2 7.6
19780112 86.5 90.5 88.7 54.1 19.3 15 24.4 14.1 9.8 12.6 50.1 16.9 38.6 17 23.4 13.3 94.4 NA 79.8 98.2 44.1 44.1 8.2
19780113 87.9 91.7 89.7 59.7 24.1 19.2 26.9 17.5 10.8 16.9 57.8 16.5 45.6 17.6 24.5 14.5 94.1 NA 82.1 98.4 51.4 49 8.7
19780114 89.1 92.8 90.8 68 29.6 24.9 30 23 12.7 20.1 63.5 15 55.1 18.4 25.7 16.1 93.8 NA 84.2 98.8 61.3 56 9.2
19780115 92.7 91.8 91.7 73.3 34.3 29.4 33 26.3 14 24.7 71.8 13.9 62.9 19.9 27.4 17.3 97.7 NA 86.7 99.1 68.5 62.5 9.8
19780116 93.9 92.9 92.9 81.6 39.8 35.1 36.2 31.9 15.9 28 77.5 12.5 72.4 20.7 28.6 18.9 97.4 NA 88.9 99.4 78.5 69.5 10.4
19780117 95.2 94.1 93.9 87.2 44.5 39.3 38.7 35.2 16.9 32.2 85.2 12.1 79.4 21.3 29.7 20.1 97 NA 91.1 99.7 85.7 74.4 10.9
19780118 96.5 95.2 95 95.5 50 45 41.8 40.7 18.8 35.4 90.9 10.6 88.9 22.1 31 21.7 96.7 NA 93.3 100 95.6 81.3 11.4
19780119 96.5 95.2 94.3 95.2 46.6 39.3 42.9 37.9 17.3 32.8 90.4 10.6 84.8 23 30 21.3 97.2 NA 93.8 99.6 95.1 81.1 10.5
19780120 96.5 95.2 93.9 95.2 44.2 35.5 45 35.7 16.3 29.3 89.7 8.7 81.3 23 28.6 20.8 97.5 NA 94.7 99.3 94.5 81.1 9.8
19780121 96.5 95.2 93.2 94.8 40.8 29.8 46.1 32.8 14.8 26.7 89.2 8.7 77.2 23.9 27.6 20.5 98.1 NA 95.1 98.9 94 80.8 8.9
19780122 100 100 92.7 95.3 38.5 25.9 48.8 32.2 13.8 23.6 90.2 6.9 73.7 23.9 26.4 19.9 98.5 NA 96.6 98.5 94.7 81.3 7.9
19780123 100 100 91.9 95 35.1 20.2 49.9 29.3 12.4 21 89.8 6.9 69.6 24.7 25.4 19.6 99 NA 97.1 98.1 94.1 81 7
19780124 100 100 91.6 95 32.7 16.4 51.9 27.1 11.3 17.5 89.1 5 66.1 24.8 24 19.1 99.3 NA 98 97.8 93.6 81.1 6.3
19780125 100 100 90.8 94.7 29.3 10.7 53.1 24.2 9.8 14.9 88.6 5 62 25.7 23 18.7 99.8 NA 98.4 97.4 93 80.8 5.4
19780126 100 99.9 91.5 95 31.4 15.7 54.4 27.9 10 14.8 88.8 9.2 65.7 24.8 22.8 18 99.8 NA 98.4 97.8 93.4 82.2 6.6
19780127 100 99.8 92.4 95 32.1 19.4 55.9 30.8 10.1 14.7 89.1 13.9 68.1 24.7 23.3 17.5 99.8 NA 96.5 98.1 94.1 83.1 8.1
19780128 100 99.7 93 95.3 34.2 24.5 57.2 34.4 10.3 14.6 89.3 18.1 71.8 23.8 23.1 16.7 99.7 NA 96.5 98.5 94.5 84.4 9.3
19780129 100 99.6 95.9 97.8 36.1 28.2 58.3 35.7 10.5 14.7 88.9 22.8 76.4 24.2 23.3 16.1 99.8 NA 96.1 98.9 95.9 84.5 10.7
19780130 100 99.5 96.6 98.1 38.2 33.3 59.6 39.3 10.7 14.6 89.1 27 80.2 23.3 23.1 15.3 99.7 NA 96.1 99.3 96.3 85.8 11.9
19780131 100 99.3 97.5 98.1 38.9 36.9 61.2 42.3 10.8 14.5 89.4 31.7 82.5 23.2 23.6 14.8 99.7 NA 94.2 99.6 97 86.7 13.4
19780201 100 99.3 98.1 98.4 41.1 42 62.5 45.9 11 14.4 89.6 35.9 86.2 22.3 23.4 14.1 99.7 NA 94.2 100 97.4 88.1 14.6
19780202 100 99.3 98.2 98.4 44.1 47.4 61.8 44.8 12.7 17.6 87.6 37.2 85.6 32.3 25.4 16.7 99.6 NA 94.2 100 97.5 89.5 14.2
19780203 100 99.5 98.4 98.4 46.9 51 60.9 44.1 15.3 21.4 86.7 37.7 83.5 39.3 26.3 18.8 99.6 NA 95.7 100 97.6 90.4 13.9
19780204 100 99.6 98.5 98.4 49.9 56.4 60.3 43 17 24.6 84.7 39 82.8 49.4 28.3 21.4 99.5 NA 95.8 100 97.8 91.9 13.4
19780205 100 99.7 99.6 100 52.8 60 59.6 42.3 19.1 28 84.2 40.4 80.8 55.9 29.6 23.5 99.5 NA 95.5 100 97.6 94.4 13.1
19780206 100 99.7 99.7 100 55.8 65.4 59 41.2 20.8 31.2 82.1 41.7 80.1 65.9 31.6 26.1 99.4 NA 95.5 100 97.7 95.8 12.7
19780207 99.9 99.9 99.9 100 58.6 69.1 58.1 40.5 23.4 35.1 81.3 42.2 78 72.9 32.5 28.1 99.4 NA 97.1 100 97.8 96.8 12.4
19780208 99.9 100 100 100 61.6 74.5 57.4 39.4 25.1 38.3 79.2 43.5 77.3 82.9 34.5 30.8 99.4 NA 97.1 100 98 98.2 11.9
19780209 99.8 100 100 100 62.9 69.6 60.1 39.9 24.6 34.7 80.4 43.2 79.2 82.7 39.1 30.5 99.1 NA 97.1 99.9 97.9 97.5 18.2
19780210 99.8 100 100 100 67.4 63.2 63.1 39.7 22.7 29.7 81 43.1 80.1 81.9 43 30.4 98.8 NA 97.3 99.9 97.8 97 23.9
19780211 99.7 100 100 100 68.7 58.3 65.7 40.2 22.3 26 82.1 42.8 81.9 81.7 47.6 30.1 98.5 NA 97.3 99.8 97.7 96.2 30.2
19780212 99.6 100 100 100 71.7 52.8 68.6 40 20.6 22.7 83.2 42.5 84.7 82.1 53 30.1 98.1 NA 97.4 99.8 98.6 94.8 35.9
19780213 99.5 100 100 100 72.9 47.9 71.2 40.5 20.1 19.1 84.3 42.2 86.5 81.9 57.7 29.8 97.8 NA 97.4 99.8 98.5 94.1 42.2
19780214 99.5 100 100 100 77.5 41.6 74.2 40.4 18.2 14.1 84.9 42.1 87.4 81 61.6 29.7 97.5 NA 97.7 99.8 98.4 93.5 47.8
19780215 99.4 100 100 100 78.7 36.7 76.8 40.8 17.7 10.5 86.1 41.8 89.2 80.8 66.2 29.4 97.2 NA 97.7 99.7 98.3 92.8 54.2
19780216 99.5 99.9 100 100 80.3 44.9 79.2 44.2 22 18.2 87 45.1 89.7 83.3 70.2 35.7 97.3 NA 97.7 99.8 98.5 93.5 52
19780217 99.6 99.9 100 100 79 53 81.7 47.2 27.2 26.3 87.9 49.1 89.6 84.9 74.7 41.5 97.6 NA 97.8 99.8 98.6 94 50.5
19780218 99.7 99.8 100 100 80.5 61.2 84.1 50.6 31.5 34 88.9 52.4 90.1 87.4 78.7 47.8 97.7 NA 97.8 99.9 98.7 94.7 48.4
19780219 99.7 99.8 100 100 83.4 70.5 88.1 53.8 37 42.6 91.3 57.5 89.4 89.2 83.2 53.8 97.9 NA 98 99.9 99.6 94.9 46.1
19780220 99.8 99.7 100 100 85 78.7 90.5 57.2 41.3 50.4 92.3 60.7 90 91.7 87.1 60.1 98 NA 98 99.9 99.7 95.6 43.9
19780221 99.9 99.6 100 100 83.7 86.8 93 60.2 46.5 58.5 93.2 64.8 89.8 93.4 91.7 65.9 98.3 NA 98.1 99.9 99.8 96.1 42.4
19780222 100 99.6 100 100 85.2 95 95.4 63.5 50.8 66.2 94.2 68 90.4 95.8 95.6 72.2 98.4 NA 98.1 100 100 96.8 40.3
19780223 100 99.6 100 100 86.5 95 95.4 67 49.6 61.9 93.6 66.5 91.1 95.8 95.3 75.1 98.7 NA 98.1 99.9 100 96.8 39.7
19780224 100 99.7 100 100 86.9 95.1 95.4 71.2 48.4 56.5 93.9 62.9 92.1 95.8 94.9 77.5 98.8 NA 98.1 99.9 100 96.8 39
19780225 100 99.8 100 100 88.1 95.1 95.4 74.8 47.1 52.2 93.3 61.4 92.8 95.8 94.5 80.4 99.1 NA 98.1 99.9 100 96.9 38.5
19780226 100 99.8 100 100 88.6 95.3 95.5 77.5 45.4 46.7 92.5 58.1 94.8 97.6 94.3 82.6 99.3 NA 98.1 99.8 100 98.5 38.4
19780227 99.9 99.9 100 100 89.9 95.3 95.5 81 44.1 42.4 92 56.6 95.5 97.6 93.9 85.4 99.6 NA 98.1 99.8 100 98.5 37.9
19780228 99.9 99.9 100 100 90.3 95.3 95.5 85.2 42.9 37 92.3 53 96.5 97.6 93.5 87.9 99.7 NA 98.1 99.8 100 98.5 37.2
19780301 99.9 100 100 100 91.5 95.4 95.5 88.7 41.7 32.6 91.7 51.5 97.2 97.6 93.1 90.7 100 NA 98.1 99.7 100 98.5 36.7
19780302 99.9 100 100 100 90.3 95.4 95.4 82.6 40.1 35.1 92 52.9 96.6 96.7 92.3 90 100 NA 98.1 99.7 100 98.5 36
19780303 99.9 100 100 100 89.8 95.3 95.4 78.3 39.4 37.8 92.7 53.4 94.3 94.4 90.4 88.5 100 NA 98 99.7 100 98.5 35.3
19780304 99.9 100 100 100 88.6 95.3 95.3 72.1 37.8 40.3 93 54.7 93.6 93.6 89.6 87.7 100 NA 98 99.7 100 98.5 34.7
19780305 99.9 100 100 100 86.9 95 94.8 65.8 35.3 41.5 93.8 57 92.7 90.7 87.1 85.2 100 NA 97.3 99.7 99 98.5 33.7
19780306 99.9 100 100 100 85.7 95 94.8 59.6 33.7 44 94.1 58.3 92 89.9 86.2 84.4 100 NA 97.3 99.7 99 98.5 33.1
19780307 99.9 100 100 100 85.1 94.9 94.8 55.3 33 46.7 94.8 58.8 89.7 87.5 84.3 83 100 NA 97.2 99.6 98.9 98.5 32.4
19780308 99.9 100 100 100 83.9 94.9 94.7 49.2 31.4 49.2 95.1 60.2 89.1 86.7 83.5 82.2 100 NA 97.2 99.6 98.9 98.5 31.7
19780309 99.9 98.4 99.8 100 84 92.8 94 48.6 31.2 49.3 95 51.4 86.6 87.3 84.6 83.3 98.8 NA 97.2 99.7 98.9 97.1 29
19780310 99.9 97.2 99.6 100 84.7 91 93.3 47.6 30.6 48.1 95 45.9 82.3 88.4 86.6 84.2 97.9 NA 97.3 99.7 99 95.3 26.4
19780311 99.9 95.6 99.4 100 84.9 88.9 92.6 47 30.4 48.2 94.8 37 79.8 89.1 87.7 85.3 96.7 NA 97.3 99.8 99 93.8 23.7
19780312 99.9 93.8 96.6 100 84.8 86.9 91.3 46 29.2 47.8 94.6 28.2 76 89 89.4 87.2 95.5 NA 96.9 99.8 99.9 92.1 20.6
19780313 99.9 92.2 96.3 100 84.9 84.8 90.6 45.4 29 47.9 94.4 19.3 73.5 89.6 90.4 88.3 94.3 NA 96.9 99.9 99.9 90.7 17.9
19780314 99.9 91 96.2 100 85.6 83 89.9 44.4 28.4 46.6 94.4 13.9 69.2 90.7 92.5 89.3 93.4 NA 97 99.9 99.9 88.9 15.3
19780315 99.9 89.4 96 100 85.8 80.9 89.2 43.8 28.2 46.8 94.3 5 66.7 91.3 93.5 90.3 92.2 NA 97 100 99.9 87.5 12.6
19780316 98.5 87.4 95.4 99.2 76 79 82.5 40.5 26.1 43 94 5 65.8 79.9 85.2 81.1 91.5 NA 90.6 99.9 99.6 86.5 11.8
19780317 97.5 86 94.9 97.6 64.8 75.7 75.9 35.6 23.3 39 92 5 65.7 67.2 75.2 72 90.9 NA 83.9 99.9 99.6 84.2 10.5
19780318 96.1 84 94.3 96.8 55.1 73.7 69.2 32.3 21.2 35.3 91.7 5 64.9 55.7 66.8 62.7 90.2 NA 77.4 99.8 99.3 83.2 9.6
19780319 90.2 78.3 91.4 91 45.3 71.2 62.6 27.4 19 32.7 91.8 5 63 43.6 56.2 54.9 85.1 NA 70.6 99.8 98.1 81.8 8.1
19780320 88.7 76.3 90.9 90.1 35.6 69.3 55.9 24.1 16.9 29 91.5 5 62.1 32.1 47.8 45.6 84.4 NA 64.2 99.7 97.8 80.9 7.2
19780321 87.8 75 90.3 88.5 24.4 66 49.4 19.2 14 25 89.5 5 62.1 19.5 37.8 36.5 83.8 NA 57.5 99.7 97.8 78.6 5.9
19780322 86.4 72.9 89.8 87.7 14.6 64.1 42.7 15.9 12 21.2 89.2 5 61.2 8 29.5 27.3 83.1 NA 51 99.6 97.5 77.6 5
19780323 87 73.6 88.7 88.5 14.6 59.9 43 14.7 11.1 19.8 83.8 5 60.9 8.9 31.3 26.6 82 NA 51.9 99.6 97.5 77.2 5.1
19780324 87.4 74.9 89 90.1 14.7 55.2 43.8 12.7 9.9 18.1 78.7 5 58.6 9.9 33.3 27.5 81.3 NA 52.5 99.6 97.6 77.8 5.1
19780325 88.1 75.6 88 91 14.7 51 44.1 11.4 9.1 16.7 73.3 5 58.3 10.9 35.1 26.8 80.3 NA 53.3 99.6 97.6 77.4 5.1
19780326 88.5 75.7 86.9 91.8 12.4 45.5 43.1 9.5 7.9 15.1 68.3 5 58.1 11.8 34.6 25.3 83.6 NA 53.1 98.3 94.3 76.9 5.2
19780327 89.2 76.4 85.8 92.6 12.4 41.3 43.4 8.2 7 13.7 62.9 5 57.7 12.8 36.4 24.6 82.5 NA 54 98.3 94.3 76.5 5.3
19780328 89.6 77.6 86.2 94.2 12.5 36.7 44.2 6.3 5.8 12 57.7 5 55.5 13.8 38.4 25.5 81.8 NA 54.5 98.3 94.4 77.1 5.3
19780329 90.2 78.4 85.1 95 12.5 32.5 44.5 5 5 10.6 52.3 5 55.2 14.7 40.2 24.8 80.7 NA 55.4 98.3 94.4 76.7 5.3
19780330 88.2 74.1 81.5 94 12.1 33.1 43.4 5 5 9.9 50.1 5 51.7 13.6 37.2 23.6 74.2 NA 56.1 98.3 93 74.5 5.3
19780331 85.3 69.3 78.9 93.3 11.8 33.4 42.1 5 5 9.2 48.2 5 50.5 12.6 33.9 22.1 68.7 NA 57.1 98.3 92.1 72.8 5.3
19780401 83.3 65 75.3 92.4 11.5 34.1 40.9 5 5 8.5 46 5 47 11.4 30.9 20.8 62.2 NA 57.8 98.3 90.7 70.6 5.2
19780402 81.6 59.7 71.5 91.7 11 35.1 39.5 5 5 8.1 45.3 5 43.7 10.3 27.5 19.6 56 NA 58.8 99.5 92.6 67.9 5.1
19780403 79.6 55.4 67.8 90.7 10.7 35.7 38.4 5 5 7.3 43.1 5 40.2 9.2 24.5 18.3 49.5 NA 59.5 99.5 91.2 65.7 5.1
19780404 76.6 50.6 65.3 90 10.4 36 37.1 5 5 6.7 41.2 5 39 8.1 21.2 16.8 44 NA 60.5 99.4 90.3 63.9 5.1
19780405 74.6 46.3 61.7 89.1 10.1 36.7 36 5 5 6 39 5 35.5 7 18.2 15.6 37.5 NA 61.2 99.4 88.9 61.8 5
19780406 73.7 43.9 58.3 83.5 9.4 34.8 33.1 5 5 5.9 35.2 5 33.9 6.7 17.5 14.4 36.6 NA 60.5 99.3 86.2 61.5 5
19780407 72.2 39.4 54.7 78.6 8.6 33.4 30.1 5 5 5.7 30.5 5 32.8 6.4 16.5 13.5 35.3 NA 59.6 99.3 83.8 61.3 5
19780408 71.2 37 51.3 73.1 8 31.5 27.2 5 5 5.6 26.7 5 31.1 6.2 15.8 12.4 34.4 NA 58.8 99.2 81.1 61.1 5
19780409 65.4 34.5 47.9 68.4 7.1 29.4 23.3 5 5 6 24.3 5 28.8 5.9 14.7 11.2 33 NA 57.7 94.2 75.6 59.8 5
19780410 64.4 32.1 44.5 62.9 6.5 27.5 20.4 5 5 5.9 20.5 5 27.2 5.7 14 10 32.1 NA 57 94.1 72.9 59.5 5
19780411 63 27.6 40.9 57.9 5.7 26 17.3 5 5 5.7 15.8 5 26.1 5.3 13 9.1 30.8 NA 56.1 94.1 70.5 59.3 5
19780412 62 25.2 37.5 52.4 5 24.2 14.4 5 5 5.6 12 5 24.5 5.1 12.3 8 29.9 NA 55.3 94 67.8 59.1 5
19780413 58 22.1 33.2 50.5 5 22.2 13.4 5 5 5.6 12.4 5 23.2 5.1 12.3 8.2 25.5 NA 47.4 93.9 69.7 55 5
19780414 54.2 19 28.8 47.4 5 20.1 12.5 5 5 5.6 13.4 5 21.1 5.1 12.3 8.5 22.6 NA 42.5 93.8 71.7 51.6 5
19780415 50.3 15.9 24.5 45.6 5 18.1 11.5 5 5 5.6 13.9 5 19.8 5.1 12.3 8.7 18.2 NA 34.6 93.7 73.5 47.5 5
19780416 45 14.2 21.1 43.8 5 16.9 10.5 5 5 5 10.6 5 18 5 12.4 8.8 11.7 NA 27.2 97.2 73 44.4 5
19780417 41.1 11.1 16.7 42 5 14.9 9.5 5 5 5 11.1 5 16.7 5 12.4 9 7.3 NA 19.4 97.1 74.8 40.3 5
19780418 37.3 8.1 12.3 38.9 5 12.8 8.6 5 5 5 12 5 14.6 5 12.5 9.3 4.4 NA 14.4 97 76.8 36.9 5
19780419 33.3 5 8 37 5 10.8 7.6 5 5 5 12.5 5 13.3 5 12.5 9.5 0 NA 6.5 96.8 78.7 32.8 5
19780420 29.3 5 7.5 34.9 5 10 7.3 5 5 5 11.2 5 12.2 5 11.8 9.7 0 NA 6.5 91.9 76.1 31 5
19780421 25.3 5 7.2 31.8 5 9.2 6.8 5 5 5 10.6 5 11 5 11.2 9.4 0 NA 6 86.1 73.7 29.8 5
19780422 21.4 5 6.7 29.7 5 8.4 6.5 5 5 5 9.3 5 9.9 5 10.6 9.5 0 NA 6 81.1 71.2 28 5
19780423 18.9 5 6.3 27.5 5 7.5 6.1 5 5 5 8.6 5 8.4 5 10.1 9.3 5 NA 5.5 74.2 67.6 26.5 5
19780424 14.9 5 5.8 25.4 5 6.7 5.8 5 5 5 7.3 5 7.3 5 9.5 9.5 5 NA 5.5 69.2 65 24.7 5
19780425 10.9 5 5.5 22.3 5 5.8 5.3 5 5 5 6.6 5 6.1 5 8.9 9.2 5 NA 5 63.5 62.6 23.5 5
19780426 6.9 5 5 20.2 5 5 5 5 5 5 5.4 5 5 5 8.3 9.3 5 NA 5 58.5 60 21.7 5
19780427 6.7 5 5 19.2 5 5 5 5 5 5 5.3 5 5 5 8.2 8.6 5 NA 5 52.3 55.1 20.3 5
19780428 6.4 5 5 18.4 5 5 5 5 5 5 5.3 5 5 5 8.1 8.2 5 NA 5 46.6 50 19 5
19780429 6.1 5 5 17.5 5 5 5 5 5 5 5.2 5 5 5 8 7.4 5 NA 5 40.4 45 17.6 5
19780430 5.8 5 5 16.7 5 5 5 5 5 5 5.2 5 5 5 7.8 6.9 5 NA 5 33.3 38.7 15.9 5
19780501 5.5 5 5 15.8 5 5 5 5 5 5 5.1 5 5 5 7.7 6.1 5 NA 5 27.1 33.8 14.5 5
19780502 5.3 5 5 15 5 5 5 5 5 5 5.1 5 5 5 7.6 5.8 5 NA 5 21.4 28.7 13.2 5
19780503 5 5 5 14 5 5 5 5 5 5 5 5 5 5 7.5 5 5 NA 5 15.2 23.7 11.8 5
19781218 30.1 21.7 5 5 5 5 5 5 5 5 8.1 5 5.9 5 8.3 5.2 30.9 NA 30.9 45.5 5.2 11.1 5
19781219 26.3 18.7 5 5 5 5 5 5 5 5 7.7 5 5.8 5 8.4 5.2 28.3 NA 27.4 39 6.1 9.9 5
19781220 23.5 17.2 5 5 5 5 5 5 5 5 7.3 5 5.7 5 8.4 5.2 23.1 NA 23.1 35.4 6.6 9.7 5
19781221 19.7 14.2 5 5 5 5 5 5 5 5 6.9 5 5.5 5 8.5 5.1 20.6 NA 19.6 28.9 7.5 8.6 5
19781222 15.4 12.5 5 5 5 5 5 5 5 5 6.2 5 5.4 5 8.5 5.1 15.4 NA 16.3 21.7 8.3 7.4 5
19781223 11.6 9.5 5 5 5 5 5 5 5 5 5.8 5 5.3 5 8.6 5 12.8 NA 12.8 15.2 9.1 6.3 5
19781224 8.8 8 5 5 5 5 5 5 5 5 5.4 5 5.1 5 8.6 5 7.6 NA 8.5 11.5 9.7 6.1 5
19781225 5 5 5 5 5 5 5 5 5 5 5 5 5 5 8.7 5 5 NA 5 5 10.6 5 5
19781226 35.1 35 7.1 5.5 5 5 5.1 6.3 5 5 5 5 6.6 5.4 9.6 5.1 26.5 NA 32.9 51.3 16.3 14.2 5
19781227 60.1 59.9 8.9 6 5 5 5.2 7.4 5 5.1 5 5 8.1 5.8 10.4 5.1 43.1 NA 57.1 92.5 21.3 22.4 5
19781228 68 54.4 8 6.1 5.4 5 5.3 7.7 5.3 5.4 6.8 5 10 5.7 10.9 5.9 46.8 NA 57.3 92.9 20.8 24.4 5
19781229 76 47.3 7.2 6.3 5.8 5 5.5 8.1 5.6 5.8 9.1 5 12 5.7 11.8 6.7 49.5 NA 57.7 92.6 20.4 25.7 5
19781230 81.5 41.9 6.7 6.7 6.1 5 5.7 7.7 5.6 5.7 10.9 5 13.3 5.8 12.2 6.9 52.3 NA 57.6 91.8 19.2 27.3 5
19781231 89.4 34.9 5.8 6.9 6.5 5 5.9 8 5.9 6.1 13.2 5 15.2 5.8 13 7.7 55 NA 58 91.5 18.8 28.6 5
19790101 97.4 29.3 5 7 6.9 5 6.1 8.3 6.2 6.4 15 5 17.2 5.7 13.6 8.5 58.7 NA 58.2 91.9 18.2 30.6 5
19790102 97.3 36.7 11.4 13.6 10.7 7.8 10.7 15.3 7.6 7.9 22 5 16.4 11.8 15.5 8.7 65.9 NA 63.8 92.9 22.9 33.3 5
19790103 97.3 48.2 18.7 19.2 13.2 9.9 15.2 19.4 7.7 8.4 27 5 16.1 15.4 16.7 9 69.6 NA 69.6 93.8 29.9 35.7 5
19790104 97.3 55.6 25.2 25.8 17 12.6 19.8 26.4 9.1 9.8 34.1 5 15.3 21.4 18.6 9.2 76.8 NA 75.2 94.8 34.6 38.4 5
19790105 99.4 67 33.8 33.6 21.8 14.9 24.9 34.4 10.7 11.3 38.7 5 14.5 28.7 20.1 9.3 80.6 NA 78 95.8 39.5 41.3 5
19790106 99.4 74.4 40.3 40.2 25.6 17.6 29.5 41.4 12.1 12.8 45.7 5 13.8 34.7 22 9.5 87.8 NA 83.6 96.8 44.2 43.9 5
19790107 99.4 85.9 47.6 45.8 28.1 19.7 34 45.4 12.2 13.3 50.7 5 13.4 38.3 23.1 9.8 91.5 NA 89.4 97.8 51.2 46.4 5
19790108 99.3 93.3 54 52.4 31.9 22.5 38.6 52.4 13.6 14.7 57.7 5 12.7 44.4 25 10 98.7 NA 95 98.8 55.9 49.1 5
19790109 99.4 93.3 60.4 58.4 31.3 21.7 40.4 50.5 15.3 16.3 62.4 8.7 25 52 30.7 12.9 98.8 NA 95 98.8 60.6 50.6 6.5
19790110 99.5 93.4 65.3 64.4 29.7 21.2 41.1 49.1 16.3 16.9 66.2 8.7 32.6 59.9 35.7 16.1 99 NA 94.3 99 68.7 51.3 6.9
19790111 99.6 93.4 71.6 70.4 29.1 20.4 42.9 47.2 18 18.5 70.8 12.4 45 67.6 41.3 18.9 99.1 NA 94.3 99 73.4 52.8 8.4
19790112 98 98.3 77.4 73.9 28.9 20.2 45 44.3 19.3 18 73.5 12.4 54.3 72.4 47.4 21.7 99.2 NA 96 99.8 82.1 55.1 9.6
19790113 98.1 98.3 83.7 79.8 28.3 19.4 46.7 42.4 21 19.6 78.2 16.1 66.7 80.1 53 24.5 99.3 NA 96 99.8 86.8 56.6 11
19790114 98.1 98.4 88.6 85.9 26.8 19 47.4 41.1 22 20.2 81.9 16.1 74.3 88 58 27.7 99.4 NA 95.2 100 95 57.3 11.5
19790115 98.2 98.4 95 91.8 26.1 18.1 49.2 39.1 23.7 21.8 86.6 19.8 86.6 95.7 63.7 30.6 99.5 NA 95.2 100 99.7 58.8 13
19790116 98.2 98.4 94.8 91.8 27.9 21.1 47.3 42.8 21.1 19.3 82.4 18.7 84.9 95.7 63.4 28.8 99.5 NA 95.3 100 99.7 62.4 13.3
19790117 98.2 98.3 94.6 93.7 29.7 23.4 46.6 46.2 18.8 18.2 80.6 20.4 84 95 64.2 26.8 99.6 NA 94.9 100 99.7 65.3 14.1
19790118 98.3 98.3 94.4 93.7 31.5 26.4 44.7 49.8 16.2 15.7 76.4 19.2 82.3 95 64 25 99.6 NA 95 100 99.7 68.8 14.4
19790119 100 98 94.2 93.7 33.7 29 43.1 51.5 13.2 15.3 74.6 20.9 81.4 94.9 64.6 23.6 99.6 NA 92.8 100 98.5 71.5 14.7
19790120 100 98 94 93.7 35.5 32 41.2 55.2 10.6 12.8 70.4 19.8 79.7 94.9 64.3 21.8 99.6 NA 92.9 100 98.5 75.1 15
19790121 100 98 93.8 95.5 37.3 34.3 40.5 58.6 8.3 11.8 68.6 21.5 78.8 94.3 65.2 19.8 99.6 NA 92.5 100 98.5 78 15.8
19790122 100 97.9 93.6 95.5 39.1 37.3 38.6 62.2 5.7 9.3 64.4 20.4 77.1 94.3 64.9 18 99.6 NA 92.6 100 98.5 81.6 16.1
19790123 100 92 90.6 92.5 37 33.2 38 57.8 6.7 8.6 63.1 18.2 72.8 93.7 66 18.7 99.6 NA 93.1 100 98.5 77.8 15.4
19790124 100 88 88.6 90.5 35.4 30.7 38.3 54.8 7.3 8.7 61.9 16.8 68.9 92.1 66.3 19.7 99.5 NA 93.7 100 98.5 72.7 14.8
19790125 100 82 85.6 87.5 33.3 26.6 37.8 50.4 8.3 8.1 60.6 14.7 64.6 91.5 67.5 20.3 99.4 NA 94.2 100 98.5 68.9 14.2
19790126 100 77.6 83.6 86.3 31.7 24.4 37.5 47.5 8.9 7.4 57.7 13.5 60.2 92.8 69.7 21.5 99.3 NA 95.6 100 98.2 64.2 13.5
19790127 100 71.7 80.5 83.3 29.6 20.3 36.9 43 9.9 6.8 56.5 11.4 55.9 92.2 70.8 22.1 99.2 NA 96.1 100 98.2 60.5 12.8
19790128 100 67.7 78.6 81.3 28.1 17.8 37.2 40.1 10.5 6.8 55.3 10 52 90.6 71.1 23.1 99.1 NA 96.7 100 98.2 55.3 12.2
19790129 100 61.7 75.5 78.3 26 13.7 36.6 35.6 11.5 6.2 54 7.9 47.7 90 72.3 23.7 99 NA 97.2 100 98.2 51.6 11.5
19790130 100 67.3 78.5 81.3 33.8 20.3 42.4 37.7 13.4 9.9 59.8 12.4 54.6 90.6 73.7 26.1 99.1 NA 97.2 100 98.2 57.1 13.1
19790131 100 71.3 80.9 83.3 42.9 26.7 47.6 39.3 15.1 13.9 65.4 15.4 59.9 92.1 76.4 28.4 99.1 NA 97.2 100 98.2 64.6 14.2
19790201 100 76.8 83.9 86.3 50.7 33.2 53.3 41.3 17 17.7 71.2 19.9 66.8 92.7 77.8 30.7 99.2 NA 97.2 100 98.2 70.1 15.7
19790202 99.8 81.1 86.3 88.3 59.1 39.8 58.6 43.3 19.3 22.1 77.8 22.8 72.1 92 80 33.7 99.3 NA 97 100 98.8 77.5 16.9
19790203 99.9 86.7 89.3 91.3 66.9 46.3 64.3 45.3 21.2 25.9 83.6 27.2 79 92.6 81.5 36.1 99.4 NA 97 100 98.8 82.9 18.5
19790204 99.9 90.7 91.7 93.3 76.1 52.7 69.5 46.9 22.9 29.9 89.2 30.2 84.3 94.1 84.1 38.4 99.4 NA 97 100 98.8 90.5 19.6
19790205 99.9 96.2 94.7 96.3 83.9 59.3 75.2 48.9 24.8 33.7 95 34.7 91.2 94.7 85.6 40.7 99.5 NA 97 100 98.8 96 21.1
19790206 99.9 96.4 94.7 96.3 85.4 64.2 77.6 49.1 26.4 37.4 95.1 36.9 91.7 94.7 86.7 47.2 99.5 NA 97 100 98.8 96 24.8
19790207 99.9 97 95 96.3 87.5 68 79.9 49.7 29.1 41.9 95.4 40.5 92.7 94.7 88.2 52.5 99.5 NA 97 100 98.8 96.6 30.8
19790208 99.9 97.1 95 96.3 89.1 73 82.2 49.9 30.6 45.6 95.4 42.7 93.2 94.7 89.3 58.9 99.5 NA 97 100 98.8 96.6 34.5
19790209 99.9 99 99.7 100 89.8 76.5 85.3 49.1 33.1 50.5 96.9 44.8 94 96.3 92.3 65 99.5 NA 97.6 100 98.8 99.3 39.8
19790210 99.9 99.1 99.7 100 91.3 81.5 87.6 49.3 34.6 54.2 97 47 94.5 96.3 93.4 71.4 99.5 NA 97.6 100 98.8 99.3 43.5
19790211 99.9 99.7 100 100 93.4 85.2 89.9 49.9 37.3 58.7 97.3 50.5 95.5 96.3 95 76.7 99.5 NA 97.6 100 98.8 100 49.5
19790212 99.9 99.9 100 100 95 90.2 92.2 50.1 38.9 62.4 97.4 52.7 95.9 96.3 96.1 83.1 99.5 NA 97.6 100 98.8 100 53.2
19790213 99.9 99.9 99.8 100 95 90.6 92.7 56.7 47.6 67.4 96 57.8 95.5 96.3 96.1 85 99.5 NA 97.6 100 98.8 100 57.9
19790214 99.9 99.9 99.5 100 95.1 89.6 92.6 60.3 53.3 70.5 94.7 62.8 94.5 96.3 96.1 86.1 99.5 NA 97.6 100 98.7 100 61.4
19790215 99.9 99.9 99.4 100 95.2 90 93.1 66.9 62.1 75.5 93.4 67.8 94 96.3 96.1 88 99.5 NA 97.6 100 98.7 100 66.2
19790216 100 100 98.7 100 96.8 90.3 93.8 72.6 68.8 79.9 92.3 71.7 94.2 99.8 98 89.4 99.9 NA 97.4 100 99.9 100 70.8
19790217 100 100 98.6 100 96.9 90.8 94.3 79.2 77.5 84.9 91 76.7 93.7 99.8 98 91.3 99.9 NA 97.4 100 99.9 100 75.5
19790218 100 100 98.3 100 96.9 89.7 94.2 82.9 83.2 88 89.6 81.7 92.7 99.8 98 92.4 99.9 NA 97.4 100 99.8 100 79
19790219 100 100 98.1 100 97 90.1 94.7 89.4 92 93 88.3 86.8 92.2 99.8 98 94.2 99.9 NA 97.4 100 99.8 100 83.7
19790220 100 99.8 94.9 96.2 96.5 90.7 94.5 89.4 91.4 93.1 89.1 78 84.2 99.8 98 94.3 99 NA 97.4 100 99.8 99.9 73.6
19790221 100 99.7 92.5 94.2 96.5 91.7 94.1 90.3 90.9 93.1 90.1 70.9 78.1 99.8 98 94.6 98.5 NA 97.4 100 99.9 99.7 64.8
19790222 100 99.6 89.4 90.4 95.9 92.3 93.9 90.3 90.2 93.2 90.9 62.1 70.1 99.8 98 94.7 97.6 NA 97.4 100 99.9 99.6 54.7
19790223 100 99.3 83.4 86.6 93.7 93.9 93.5 90.9 89.5 93.3 92 56 62.9 99 97.8 95.5 96.7 NA 97.6 100 98.9 97.7 46.2
19790224 100 99.2 80.3 82.8 93.1 94.5 93.3 90.9 88.9 93.4 92.8 47.3 54.9 99 97.8 95.5 95.9 NA 97.6 100 98.9 97.5 36.1
19790225 100 99.1 77.9 80.8 93.1 95.4 92.9 91.8 88.4 93.4 93.7 40.1 48.8 99 97.8 95.9 95.3 NA 97.6 100 99 97.4 27.3
19790226 100 98.9 74.7 77 92.6 96 92.8 91.8 87.8 93.5 94.6 31.4 40.8 99 97.8 95.9 94.5 NA 97.6 100 99 97.2 17.2
19790227 100 97.2 75.9 78.1 90.1 89.1 90.6 91.1 85.1 91.8 92.6 31.7 44.7 99 97.4 92.7 93.2 NA 94.5 100 96.8 95.7 16.7
19790228 100 94.7 75.6 77 87.9 81.2 88.5 86.9 81.3 89.8 90.7 32.6 46.1 98.9 97.1 90.7 92.4 NA 92.4 100 95.4 94.7 14.8
19790301 100 93 76.8 78.1 85.4 74.3 86.3 86.2 78.6 88.1 88.7 33 50 98.9 96.7 87.5 91.2 NA 89.3 100 93.3 93.2 14.2
19790302 100 91 76.4 76.8 84.5 65.3 84.7 83.3 73.4 83.7 87.8 35.4 53.3 96.7 95 84.9 90.1 NA 87.9 100 92.2 92.9 13.5
19790303 100 89.3 77.7 77.9 82.1 58.4 82.5 82.6 70.7 82 85.8 35.7 57.2 96.7 94.6 81.7 88.8 NA 84.8 100 90 91.4 12.9
19790304 100 86.8 77.3 76.9 79.8 50.4 80.4 78.4 67 80 83.9 36.7 58.6 96.7 94.3 79.7 88 NA 82.8 100 88.6 90.4 11
19790305 100 85.1 78.6 78 77.3 43.5 78.2 77.7 64.3 78.3 81.9 37 62.5 96.6 93.8 76.5 86.8 NA 79.7 100 86.5 88.9 10.5
19790306 100 83.4 79.5 79.4 79 49.8 77.9 75.4 65.2 78.1 84.3 33.3 59.7 96.1 94.1 79.4 87.4 NA 78.1 100 88.6 88.4 10.4
19790307 100 81.9 79.1 80.7 79.7 58.3 77.1 73.7 65.5 76.5 85.4 29.5 59.4 95.8 94.2 81.5 87.8 NA 76.3 100 90 88.4 11.2
19790308 100 80.2 80 82.1 81.4 64.5 76.8 71.5 66.5 76.2 87.8 25.8 56.6 95.3 94.5 84.5 88.5 NA 74.7 100 92.1 87.9 11.2
19790309 100 75.6 81.7 83.5 82.6 72.5 76.1 67.9 66.4 74.2 90.8 20.1 55.2 95.7 94.6 86.2 88.8 NA 73.6 100 93 87.3 11.9
19790310 100 73.9 82.6 84.9 84.3 78.7 75.8 65.7 67.4 74 93.2 16.5 52.4 95.1 94.9 89.2 89.5 NA 72 100 95.1 86.8 11.9
19790311 100 72.4 82.2 86.1 84.9 87.2 75 63.9 67.7 72.3 94.3 12.7 52.1 94.8 95 91.2 89.9 NA 70.3 100 96.5 86.8 12.6
19790312 100 70.7 83.2 87.6 86.6 93.5 74.7 61.7 68.6 72.1 96.7 9 49.3 94.3 95.3 94.2 90.6 NA 68.7 100 98.6 86.4 12.6
19790313 99.9 66.6 81.3 87.1 80 90.4 70.4 55.8 61.5 69.8 93.9 8.4 46.4 94.8 94.2 92.4 88.7 NA 67.6 99.9 97 85.1 11.6
19790314 99.9 62.5 79.7 85.7 73.4 88.3 65.8 49 52.1 65.8 90.6 7.9 43.8 95.1 92.8 90.1 86.4 NA 67.2 99.9 95.9 83.5 10.6
19790315 99.8 58.3 77.8 85.2 66.7 85.3 61.5 43.1 45 63.5 87.8 7.3 40.8 95.7 91.7 88.3 84.4 NA 66.1 99.8 94.3 82.3 9.6
19790316 99.8 53.4 75.4 81.1 59.9 83 57.3 35.1 34.7 61.5 85.1 6.6 36.9 95.8 90.2 85.9 83.8 NA 61.9 99.8 93.7 80.2 8
19790317 99.8 49.3 73.5 80.7 53.2 80 53 29.2 27.6 59.3 82.3 6.1 33.9 96.3 89.1 84.2 81.9 NA 60.8 99.7 92.1 79 7
19790318 99.7 45.1 71.9 79.2 46.6 77.9 48.4 22.4 18.2 55.2 79 5.6 31.4 96.6 87.7 81.8 79.6 NA 60.5 99.7 91 77.3 6
19790319 99.7 41 70 78.8 39.9 74.8 44.1 16.5 11.1 53 76.2 5 28.4 97.1 86.6 80 77.7 NA 59.4 99.6 89.4 76.1 5
19790320 99.6 36.8 66.3 77.1 41.8 69.4 42 14.5 10 50 74.2 5 27.3 97.2 87.5 80.9 66.3 NA 60.6 99.7 90.6 76 5
19790321 99.4 32.7 62.1 76.9 44.9 66.9 42 13.6 9.5 48.8 73.1 5 26.8 97 88.5 83 57.2 NA 61.2 99.7 91.5 76.6 5
19790322 99.3 28.5 58.5 75.3 46.7 61.4 39.9 11.7 8.5 45.9 71.1 5 25.7 97.1 89.4 83.9 45.8 NA 62.3 99.8 92.7 76.5 5.1
19790323 99.1 22.4 55.8 75.1 47.8 57.4 38.2 9.8 7.6 43 68.5 5 24.8 96.8 90.8 85.2 36.9 NA 62.9 99.8 93.8 76.7 5.1
19790324 99 18.2 52.2 73.5 49.6 52 36.1 7.8 6.6 40.1 66.5 5 23.7 96.8 91.7 86.1 25.5 NA 64.1 99.9 95 76.6 5.1
19790325 98.8 14.1 48 73.3 52.7 49.5 36.1 6.9 6.1 38.9 65.4 5 23.1 96.6 92.7 88.2 16.3 NA 64.7 99.9 95.8 77.2 5.1
19790326 98.7 9.9 44.3 71.6 54.5 44.1 34 5 5 35.9 63.4 5 22.1 96.7 93.6 89.1 5 NA 65.9 100 97.1 77.1 5.1
19790327 98.6 9.3 38.5 66.8 49.1 41.5 32.1 5 5 33.5 64.1 5 19.5 96.7 92.8 81.5 5 NA 59.9 100 93.8 73.9 5.1
19790328 96.6 8.5 33.5 61.9 43.4 37.4 27.6 5 5 29.3 63.6 5 17.3 97.4 91.4 72.2 5 NA 56.1 99.4 91.6 70.7 5.1
19790329 96.5 7.9 27.6 57.1 38 34.8 25.7 5 5 26.9 64.2 5 14.8 97.4 90.6 64.7 5 NA 50 99.4 88.4 67.6 5.1
19790330 96.3 7 23.7 50.9 31 31.6 22.4 5 5 24.7 62.8 5 12.3 94.2 89.2 54.7 5 NA 47.7 98.1 85.1 65.1 5.1
19790331 96.2 6.4 17.8 46.1 25.6 29.1 20.5 5 5 22.2 63.5 5 9.7 94.2 88.4 47.1 5 NA 41.6 98.1 81.9 61.9 5
19790401 94.2 5.6 12.8 41.2 19.9 25 16.1 5 5 18.1 63 5 7.6 95 87 37.8 5 NA 37.9 97.5 79.6 58.7 5
19790402 94.1 5 7 36.4 14.4 22.4 14.2 5 5 15.7 63.6 5 5 95 86.2 30.3 5 NA 31.8 97.5 76.4 55.5 5
19790403 94.4 5 7 34.3 13.9 19.8 13.1 5 5 14.2 58.1 5 5 95 86.4 31.1 5 NA 31 97.3 77.3 52.6 5
19790404 96.3 5 6.3 31.3 12.8 18.6 12.6 5 5 12.9 52.9 6.1 5 94 86.3 32.9 5 NA 31.5 97.2 78.9 49.6 5
19790405 96.6 5 6.3 29.2 12.2 16 11.5 5 5 11.5 47.3 6.1 5 94 86.5 33.7 5 NA 30.6 97 79.7 46.7 5
19790406 96.9 5 5.7 26.3 11.9 15 11.2 5 5 9.5 43 7.1 5 95.7 87.3 35 5 NA 31.5 96.8 80.7 44.3 5.1
19790407 97.2 5 5.7 24.2 11.3 12.3 10.1 5 5 8.1 37.4 7.1 5 95.7 87.5 35.8 5 NA 30.6 96.6 81.5 41.3 5.1
19790408 99.1 5 5.1 21.2 10.2 11.2 9.6 5 5 6.7 32.2 8.2 5 94.7 87.4 37.7 5 NA 31.1 96.4 83.1 38.4 5.1
19790409 99.4 5 5.1 19.1 9.7 8.6 8.5 5 5 5.3 26.7 8.2 5 94.7 87.6 38.4 5 NA 30.3 96.2 83.9 35.4 5.1
19790410 97.4 5 5.1 17.6 9.3 8.3 8 5 5 5.4 25.6 8.2 5 92.2 84.4 35.8 5 NA 26.9 93.5 81.3 33.6 5.1
19790411 95.7 5 5 16.2 9.1 8.2 7.5 5 5 5.3 24.2 7.1 5 87.8 79.9 32.3 5 NA 23.5 92 77.7 32.7 5.1
19790412 93.7 5 5 14.7 8.7 7.9 7.1 5 5 5.4 23.1 7.1 5 85.3 76.7 29.7 5 NA 20.2 89.2 75.1 30.9 5.1
19790413 87.2 5 5 13.3 8.4 7.7 6.6 5 5 5.4 19.9 6.1 5 82 72.2 27.7 5 NA 15.1 84.5 70.4 26.9 5
19790414 85.1 5 5 11.8 8 7.4 6.1 5 5 5.5 18.8 6.1 5 79.4 69 25 5 NA 11.7 81.7 67.7 25.1 5
19790415 83.4 5 5 10.3 7.8 7.2 5.6 5 5 5.4 17.3 5 5 75.1 64.5 21.5 5 NA 8.4 80.2 64.2 24.3 5
19790416 81.4 5 5 8.8 7.5 7 5.2 5 5 5.5 16.3 5 5 72.5 61.2 18.9 5 NA 5 77.4 61.5 22.4 5
19790417 78.9 5 5 8.8 7.2 6.7 5.1 5 5 5.4 14.9 5 5 73.5 60.6 18.4 5 NA 5 79 61.5 22 5
19790418 77 5 5 8.8 7 6.4 5.1 5 5 5.4 15.2 5 5 76.1 61 18.5 5 NA 5 79.8 60.5 21.8 5
19790419 74.5 5 5 8.7 6.8 6.1 5.1 5 5 5.3 13.7 5 5 77 60.4 18 5 NA 5 81.3 60.5 21.4 5
19790420 72.9 5 5 8.7 6.6 5.9 5.1 5 5 5.3 14.5 5 5 80.5 60.3 17.6 5 NA 5 83.7 61.1 21.1 5
19790421 70.5 5 5 8.7 6.4 5.6 5.1 5 5 5.1 13.1 5 5 81.4 59.7 17.1 5 NA 5 85.2 61.1 20.7 5
19790422 68.5 5 5 8.6 6.2 5.3 5 5 5 5.1 13.4 5 5 84 60 17.2 5 NA 5 86 60.1 20.4 5
19790423 66 5 5 8.6 6 5 5 5 5 5 11.9 5 5 85 59.4 16.7 5 NA 5 87.6 60.1 20 5
19790424 55.8 5 5 8.4 5.8 5 5 5 5 5 10.8 5 5 84.6 58.7 16.1 5 NA 5 74.1 51.2 18 5
19790425 49.2 5 5 8.3 5.8 5 5 5 5 5 10.2 5 5 84.1 58.4 15.9 5 NA 5 65.1 44.8 15.8 5
19790426 39 5 5 8.1 5.6 5 5 5 5 5 9 5 5 83.7 57.7 15.3 5 NA 5 51.6 35.9 13.7 5
19790427 32.1 5 5 7.8 5.4 5 5 5 5 5 8 5 5 84.1 57.5 14.7 5 NA 5 41 29.2 11.3 5
19790428 21.8 5 5 7.6 5.2 5 5 5 5 5 6.8 5 5 83.7 56.8 14 5 NA 5 27.5 20.3 9.2 5
19790429 15.3 5 5 7.5 5.2 5 5 5 5 5 6.2 5 5 83.2 56.6 13.9 5 NA 5 18.5 13.9 7 5
19790430 5 5 5 7.3 5 5 5 5 5 5 5 5 5 82.8 55.8 13.2 5 NA 5 5 5 5 5
19790501 5 5 5 7 5 5 5 5 5 5 5 5 5 79.5 53.7 12.4 5 NA 5 5 5 5 5
19790502 5 5 5 6.6 5 5 5 5 5 5 5 5 5 75.5 51.3 11.2 5 NA 5 5 5 5 5
19790503 5 5 5 6.3 5 5 5 5 5 5 5 5 5 72.1 49.2 10.4 5 NA 5 5 5 5 5
19790504 5 5 5 5.9 5 5 5 5 5 5 5 5 5 68.2 46.8 9.4 5 NA 5 5 5 5 5
19790505 5 5 5 5.7 5 5 5 5 5 5 5 5 5 64.9 44.7 8.5 5 NA 5 5 5 5 5
19790506 5 5 5 5.3 5 5 5 5 5 5 5 5 5 60.9 42.3 7.4 5 NA 5 5 5 5 5
19790507 5 5 5 5 5 5 5 5 5 5 5 5 5 57.5 40.2 6.5 5 NA 5 5 5 5 5
19790508 5 5 5 5 5 5 5 5 5 5 5 5 5 54.5 37.4 6.3 5 NA 5 5 5 5 5
19790509 5 5 5 5 5 5 5 5 5 5 5 5 5 48.3 33.9 6.2 5 NA 5 5 5 5 5
19790510 5 5 5 5 5 5 5 5 5 5 5 5 5 45.3 31.2 6 5 NA 5 5 5 5 5
19790511 5 5 5 5 5 5 5 5 5 5 5 5 5 41 27.6 5.8 5 NA 5 5 5 5 5
19790512 5 5 5 5 5 5 5 5 5 5 5 5 5 38 24.8 5.6 5 NA 5 5 5 5 5
19790513 5 5 5 5 5 5 5 5 5 5 5 5 5 31.8 21.3 5.5 5 NA 5 5 5 5 5
19790514 5 5 5 5 5 5 5 5 5 5 5 5 5 28.8 18.5 5.3 5 NA 5 5 5 5 5
19800102 38.2 64 5 5 5 5 5 5 5 5.3 10.1 5 7.2 20.5 10.5 6.4 89.1 NA 41.8 58.3 10.4 20.1 5
19800103 40.1 59.9 5.1 6.3 5.1 5 5.2 5 5 5.3 10.2 5 7.5 18.2 10.8 6.2 85.2 NA 43.6 58.3 10.3 19.2 5
19800104 42 55.8 5.1 7.4 5.2 5 5.6 5 5 5.4 10.3 5 8 16.2 11 6.1 78.3 NA 46.1 58.9 10.3 19.4 5
19800105 43.9 51.7 5.2 8.8 5.2 5 5.8 5 5 5.4 10.5 5 8.3 13.9 11.3 6 74.3 NA 47.9 58.8 10.3 18.5 5
19800106 47.3 48.6 5.3 9.8 5.3 5 6.2 5 5 5.5 10.8 5 8.8 11.6 11.5 5.8 67.4 NA 50.1 60.6 10.5 18.7 5
19800107 49.2 44.5 5.3 11.1 5.4 5 6.4 5 5 5.5 10.9 5 9.1 9.4 11.8 5.7 63.4 NA 51.9 60.6 10.5 17.8 5
19800108 51.1 40.3 5.4 12.3 5.5 5 6.8 5 5 5.6 11 5 9.6 7.3 12.1 5.6 56.5 NA 54.3 61.2 10.5 18 5
19800109 53 36.3 5.4 13.6 5.6 5 7 5 5 5.6 11.2 5 9.9 5.1 12.4 5.4 52.6 NA 56.1 61.1 10.5 17.1 5
19800110 56.7 36.5 5.4 12.7 5.6 5 7.2 5 5 5.6 11.8 5 9.3 5.1 12.1 5.5 56.4 NA 53.5 65.7 11.1 17.6 5
19800111 61.1 34.6 5.3 12 5.6 5 7 5 5 5.5 11.8 5 8.5 5.1 12 5.6 58.1 NA 50.4 67.3 11.5 18 5
19800112 64.8 34.8 5.2 11.1 5.6 5 7.2 5 5 5.5 12.4 5 7.9 5 11.7 5.6 61.9 NA 47.7 71.8 12.1 18.4 5
19800113 70.7 32.1 5.2 10.6 5.6 5 7.1 5 5 5.5 12.7 5 7 5 11.4 5.6 65.1 NA 45.6 73.3 12.7 18.7 5
19800114 74.4 32.3 5.1 9.7 5.7 5 7.3 5 5 5.4 13.3 5 6.4 5 11.1 5.7 68.9 NA 42.9 77.9 13.3 19.2 5
19800115 78.7 30.4 5.1 8.9 5.7 5 7.1 5 5 5.4 13.4 5 5.6 5 10.9 5.8 70.6 NA 39.9 79.5 13.7 19.6 5
19800116 82.5 30.6 5 8.1 5.7 5 7.3 5 5 5.4 14 5 5 5 10.6 5.8 74.4 NA 37.2 84 14.4 20 5
19800117 80.2 30.6 5 8.2 7.5 5.6 7.1 5.6 5 5.5 13.6 5 5.5 5 10.7 5.9 77.5 NA 40.3 86.6 19 23.3 5
19800118 78.8 30.2 5 8.5 9.4 6 6.8 5.9 5 5.7 12.7 5 6.2 5 10.7 6 77.5 NA 42 88.5 26.3 27.2 5
19800119 76.5 27.1 5.1 8.6 11.2 6.5 6.6 6.5 5 5.9 12.4 5 6.7 5 10.8 6.1 79.6 NA 45.1 90.1 30.9 29.7 5
19800120 75.1 27.1 5.1 8.9 13.1 7.1 6.4 7.1 5 6.1 12.1 5 7.4 5 10.9 6.1 82.8 NA 46.8 92 35.8 32.8 5
19800121 72 26.7 5.1 9 14.1 7.4 6 7.4 5 6 11.2 5 7.9 5 10.9 6.2 81.9 NA 50 94.6 40.1 36 5
19800122 69.3 26.7 5.1 9.2 15.9 8 5.8 8.1 5 6.2 10.8 5 8.4 5 10.9 6.3 84.9 NA 51 96.5 47.3 39.9 5
19800123 68.3 23.3 5.2 9.4 17.8 8.3 5.5 8.4 5 6.4 9.9 5 9.1 5 11 6.4 84 NA 54.7 98.1 52 42.4 5
19800124 65.6 23.3 5.2 9.6 19.6 8.9 5.3 9 5 6.6 9.6 5 9.6 5 11 6.4 87.1 NA 55.8 100 56.6 45.4 5
19800125 70.9 33.6 10.5 12.7 20.2 8.8 8.6 10.3 6.2 8.1 22.4 5 12.2 19.5 15.3 8.8 87.6 NA 61.8 99.8 62.9 48.9 5.1
19800126 76.1 43.8 15 16 20 8.4 11.1 11.8 8 10 34.4 5 14.8 30.8 18.7 10.4 88.3 NA 65.9 99.7 69 52.4 5.1
19800127 83.7 58 21.5 19.3 20.9 8.3 14.4 13.2 9.2 11.7 48 5 17.9 45.3 23 12.9 89.8 NA 71.9 99.5 75.7 56.4 5.2
19800128 88.9 67.4 25.5 21.3 20.9 8 16.9 14.5 10.4 13.2 60.6 5 20.3 56.1 26.5 14.6 90.4 NA 76.4 99.3 81.3 59 5.2
19800129 94.2 77.7 30.5 24.9 21.2 7.8 19.8 16 12.2 15.1 72.6 5 22.9 70.6 30.2 16.8 91 NA 80.6 99.2 87.6 62.5 5.4
19800130 99.4 88 35.3 27.7 21.4 7.5 22.6 17.4 13.4 16.6 85.4 5 25.5 81.8 34.1 18.6 91.6 NA 86.5 99 93.7 65.9 5.4
19800131 99.5 89.1 44.4 37.6 25.6 10.8 22.7 19.7 13.9 18.3 85.7 6.2 33.3 81.6 38.4 24 91.9 NA 86.8 99.1 94.1 70.6 7
19800201 99.5 90.1 51 45.6 31.1 14.8 22.7 22.5 14.4 20 87 6.2 41.3 82.5 42.4 29.1 92.2 NA 88.6 99.3 94.1 74 7.9
19800202 99.6 91.1 60.1 55.4 35.3 18.1 22.8 24.9 15 21.6 87.4 7.3 49 82.3 46.7 34.5 92.5 NA 88.9 99.4 94.5 78.7 9.6
19800203 99.7 92.6 67.5 65.3 41 22.8 23.6 26.4 14.6 22 87.2 8.5 59.9 83.2 52.1 39.4 97.6 NA 91.9 99.6 98.3 81.9 11.6
19800204 99.8 93.6 76.7 75.1 45.2 26.1 23.7 28.8 15.2 23.7 87.6 9.7 67.7 82.9 56.4 44.8 97.9 NA 92.2 99.7 98.7 86.6 13.3
19800205 99.8 94.6 83.3 83.1 50.7 30.1 23.6 31.6 15.7 25.4 88.9 9.7 75.6 83.9 60.4 49.9 98.1 NA 94 99.9 98.7 89.9 14.2
19800206 99.9 95.6 92.4 92.9 54.9 33.5 23.7 33.9 16.2 27 89.2 10.9 83.4 83.6 64.7 55.3 98.4 NA 94.3 100 99.1 94.6 15.9
19800207 99.9 95.2 92.5 90.7 52.7 30.6 27.6 33.9 16.8 26.2 89.8 11.4 83.3 82.2 66.3 54.7 95.7 NA 94.8 100 98.8 92.2 17
19800208 99.8 94.7 92.5 88.3 49.3 26.6 30.2 32.5 16.7 26.2 91.5 13 84.6 80.9 67.8 54.5 94 NA 95.3 100 98.5 90.3 18.7
19800209 99.8 94.2 92.5 86.1 47.2 23.8 34 32.5 17.3 25.3 92.1 13.5 84.5 79.5 69.4 53.8 91.3 NA 95.8 100 98.2 87.8 19.9
19800210 99.8 94.3 92.1 82.2 43.7 19.5 36.4 31.9 17.5 24.9 92.9 14.8 85.2 78.5 71.4 53.4 88.6 NA 95.8 100 97.4 86.7 21.5
19800211 99.7 93.9 92.2 80 41.6 16.6 40.2 31.9 18.1 24 93.5 15.3 85.2 77.1 73 52.8 85.9 NA 96.3 100 97.1 84.2 22.7
19800212 99.7 93.4 92.2 77.6 38.1 12.7 42.8 30.5 18 24.1 95.2 17 86.4 75.9 74.6 52.5 84.2 NA 96.9 100 96.8 82.3 24.4
19800213 99.6 92.9 92.3 75.4 36 9.8 46.7 30.5 18.5 23.2 95.8 17.5 86.4 74.5 76.2 51.9 81.5 NA 97.4 100 96.5 79.9 25.6
19800214 99.7 90.6 91.6 77.4 34.5 10.1 44 29.3 19 26.1 95.2 15.9 79.3 74.3 74.3 52.1 82.3 NA 95.1 100 95.9 82.1 22.8
19800215 99.7 87.6 91 80.3 32.7 10.4 41.3 28 19.1 30.4 94.4 14.2 74.8 76.2 73.9 52.1 82.1 NA 92.8 100 95.5 83.7 20.3
19800216 99.8 85.3 90.3 82.4 31.2 10.7 38.6 26.8 19.5 33.3 93.8 12.6 67.7 76.1 72.1 52.3 82.9 NA 90.6 100 95 86 17.5
19800217 99.8 83.1 89.1 84.8 29.4 10.7 36 25.5 19.5 37.2 91.5 10.2 61.9 78.2 71.4 53.2 83.7 NA 87 100 94.1 87.6 14.1
19800218 99.9 80.8 88.4 86.9 27.9 11 33.3 24.3 20 40.1 90.9 8.6 54.9 78 69.6 53.4 84.6 NA 84.8 100 93.5 89.8 11.4
19800219 99.9 77.8 87.8 89.8 26.1 11.3 30.6 22.9 20.1 44.4 90 6.9 50.3 80 69.2 53.4 84.4 NA 82.5 100 93.1 91.4 8.9
19800220 100 75.4 87.1 91.9 24.6 11.6 27.9 21.8 20.5 47.3 89.5 5.3 43.2 79.8 67.4 53.6 85.2 NA 80.3 100 92.5 93.6 6.1
19800221 99.5 75.5 87.4 91.9 26.7 14.1 27.9 21.3 20.1 46 89.7 5.3 50.3 78.8 67.2 52.1 86.9 NA 82.2 100 93.3 93.9 7.2
19800222 99.2 75.6 87.9 92.5 27.8 16.8 28 20.9 19.5 43.8 89.4 5.2 55.7 76.7 67.1 51.5 88.8 NA 84.1 100 93.9 93.9 7.9
19800223 98.7 75.6 88.2 92.5 29.9 19.3 28 20.5 19.1 42.5 89.6 5.2 62.7 75.7 66.9 49.9 90.5 NA 86 100 94.7 94.2 9
19800224 98.1 75.7 89.2 92.6 31.9 22.2 28 19.1 17.8 40.8 89.1 5.1 68.4 74.8 67 48.2 92.2 NA 88.1 100 95.2 93.6 9.7
19800225 97.6 75.7 89.4 92.6 34 24.7 27.9 18.7 17.3 39.6 89.3 5.1 75.5 73.8 66.8 46.7 93.9 NA 90 100 96 93.9 10.8
19800226 97.3 75.8 90 93.2 35.1 27.3 28 18.3 16.8 37.4 89 5 80.9 71.6 66.7 46.1 95.7 NA 91.9 100 96.6 93.8 11.5
19800227 96.8 75.8 90.2 93.3 37.2 29.9 28 17.9 16.3 36.1 89.2 5 87.9 70.6 66.5 44.5 97.5 NA 93.8 100 97.4 94.1 12.6
19800228 97.3 79 90.9 92.6 38.7 31.1 36.6 24.1 14.8 34.1 89.5 7.3 86.4 64.5 69.9 49.8 97.5 NA 94.4 100 97.4 92.8 13.1
19800229 97.6 81.9 91.7 93 42 32.1 44.3 27.6 13.3 30.5 88.8 7.4 85.1 59.7 73.5 54.8 97.7 NA 94.9 100 97.5 91.8 13.3
19800301 98.1 85 92.3 92.3 43.5 33.3 52.9 33.8 11.8 28.5 89.1 9.7 83.6 53.6 76.9 60.1 97.8 NA 95.5 100 97.5 90.5 13.7
19800302 98.6 84.8 92.4 92.5 45.7 34.3 59.9 38.3 11.1 26 90 12.1 81.6 46.1 79 65.4 98.2 NA 95.7 100 98.5 89.4 14.6
19800303 99.2 87.9 93 91.8 47.3 35.6 68.6 44.5 9.6 24 90.3 14.4 80.1 40 82.4 70.6 98.2 NA 96.3 100 98.5 88.2 15.1
19800304 99.4 90.8 93.8 92.2 50.5 36.5 76.2 48 8 20.4 89.6 14.4 78.8 35.2 86 75.6 98.4 NA 96.9 100 98.6 87.1 15.3
19800305 99.9 93.9 94.4 91.5 52.1 37.8 84.8 54.2 6.5 18.4 89.9 16.8 77.3 29.1 89.4 80.9 98.5 NA 97.4 100 98.6 85.8 15.8
19800306 97.8 93.8 94.4 91.7 46.9 35.3 78.5 46 6.3 17.1 87.2 14.4 72.7 28.6 82.6 75.5 97.6 NA 94.7 100 98.6 84.8 14.1
19800307 95.3 93.8 93.8 90.8 39.6 32.9 70.2 40.5 6.1 15.8 84.1 14.4 67.9 27.9 75.3 70.9 95.1 NA 91.7 100 98.6 84.1 13.1
19800308 93.2 93.7 93.8 91 34.4 30.5 63.8 32.3 5.8 14.5 81.4 12.1 63.3 27.4 68.6 65.5 94.1 NA 89 100 98.6 83.1 11.4
19800309 91.2 96.1 94.9 92.8 28.3 28 57.5 26.9 5.7 13.6 78.3 9.7 58.3 26.8 61.9 61.1 93.2 NA 87.1 100 99.6 83.8 9.8
19800310 89.1 96 94.9 93.1 23.1 25.6 51.1 18.7 5.4 12.2 75.6 7.4 53.7 26.4 55.2 55.7 92.2 NA 84.3 100 99.6 82.8 8.1
19800311 86.6 95.9 94.3 92.2 15.9 23.1 42.8 13.2 5.3 10.9 72.4 7.3 48.9 25.6 47.9 51.1 89.7 NA 81.4 100 99.6 82.1 7.1
19800312 84.5 95.8 94.3 92.4 10.7 20.7 36.4 5 5 9.6 69.7 5 44.3 25.2 41.2 45.7 88.8 NA 78.6 100 99.6 81.1 5.4
19800313 84.3 84.8 87.9 91 11.6 20.5 37.8 5.7 5 10.1 66.4 5 45.3 23.5 40.3 42.9 85.4 NA 77 99.9 99.2 77.7 5.4
19800314 84.2 77.1 82.1 88.6 12.5 19.5 39.1 6.2 5 10.2 62 5 46.9 20.9 40.3 40.6 80.2 NA 76.5 99.9 98.9 74 5.3
19800315 84.1 66 75.8 87.2 13.4 19.3 40.4 6.9 5 10.7 58.7 5 47.9 19.1 39.3 37.9 76.9 NA 74.8 99.8 98.5 70.6 5.2
19800316 83 56.9 71.5 84.9 13.3 18.3 42.3 7.3 5 10.4 53.4 5 49.8 16.5 39.1 35.3 70.9 NA 73.4 99.7 97.9 67.2 5.2
19800317 82.9 45.9 65.1 83.6 14.2 18.1 43.6 8 5 10.8 50 5 50.7 14.8 38.2 32.5 67.5 NA 71.8 99.6 97.4 63.8 5.1
19800318 82.7 38.1 59.3 81.1 15 17.1 45 8.5 5 11 45.6 5 52.4 12.2 38.2 30.2 62.3 NA 71.3 99.6 97.2 60.1 5.1
19800319 82.6 27.1 53 79.8 15.9 16.9 46.3 9.2 5 11.4 42.3 5 53.3 10.4 37.2 27.5 59 NA 69.6 99.5 96.8 56.7 5
19800320 82 23.4 47.5 77.2 14.9 18.1 43 8.5 5 10.4 40.1 5 51.7 11 35.9 27.1 59 NA 67.4 99.6 96.9 56.1 5.1
19800321 81.1 21.1 43.3 74.5 14 18.6 39.2 8 5 9.7 40 5 50.3 10.4 33.8 26.6 58.5 NA 65.4 99.6 97 55.3 5.3
19800322 80.5 17.5 37.8 71.9 13 19.8 36 7.3 5 8.7 37.8 5 48.8 11 32.4 26.3 58.6 NA 63.2 99.7 97.1 54.6 5.4
19800323 79.1 14.6 31.3 67.8 11.8 21.2 32.3 6.9 5 7.9 37.2 5 47.2 11.5 30.6 25.7 57.8 NA 58.4 99.8 93 54.3 5.6
19800324 78.5 10.9 25.8 65.2 10.7 22.4 29 6.2 5 6.8 35 5 45.6 12.1 29.2 25.4 57.8 NA 56.1 99.9 93.1 53.6 5.7
19800325 77.7 8.7 21.7 62.5 9.8 23 25.2 5.7 5 6.1 34.9 5 44.2 11.5 27.2 24.9 57.3 NA 54.1 99.9 93.2 52.8 5.8
19800326 77.1 5 16.2 59.9 8.8 24.2 22 5 5 5.1 32.7 5 42.6 12.1 25.8 24.5 57.3 NA 51.9 100 93.3 52.1 6
19800327 76.4 5 17 59 8.7 27.7 22.3 5 5 5.3 32.5 5 38.6 11.2 25.7 24.7 50.8 NA 47 99.7 93.3 57.1 5.8
19800328 76 5 17.7 59.9 8.7 30.2 22.9 5 5 5.4 31.5 5 35.1 11.2 25.8 24.9 41 NA 43.8 99.2 93.3 63.9 5.7
19800329 75.3 5 18.5 58.9 8.6 33.7 23.2 5 5 5.6 31.3 5 31.1 10.3 25.7 25.1 34.4 NA 38.9 98.9 93.2 68.8 5.6
19800330 75.9 5 19.1 60 8.4 37.3 21.6 5 5 5.9 30.1 5 26.8 9.4 25.5 25.2 27.9 NA 35.3 98.4 93.2 74.1 5.4
19800331 75.2 5 19.9 59 8.3 40.8 21.9 5 5 6.1 29.9 5 22.8 8.5 25.4 25.4 21.4 NA 30.4 98.1 93.1 79.1 5.3
19800401 74.8 5 20.6 59.9 8.2 43.4 22.5 5 5 6.1 28.9 5 19.3 8.5 25.4 25.6 11.5 NA 27.2 97.6 93.2 85.8 5.1
19800402 74.1 5 21.4 59 8.1 46.9 22.8 5 5 6.4 28.7 5 15.3 7.6 25.4 25.8 5 NA 22.3 97.3 93.1 90.8 5
19800403 70.2 5 19.3 55.6 7.7 40.4 20.2 5 5 6.1 26.4 5 13.6 7.1 24.2 24.6 5 NA 21.3 95.9 92.8 83.2 5
19800404 67.6 5 16.8 51.3 7.5 36 18.2 5 5 6.1 25.3 5 12.5 7.1 23.2 23 5 NA 20.7 93.8 92.2 73.4 5
19800405 63.6 5 14.7 47.9 7.1 29.5 15.6 5 5 5.8 23.1 5 10.9 6.6 22 21.9 5 NA 19.7 92.3 91.9 65.7 5
19800406 59.3 5 12.3 44 6.6 23.2 13.7 5 5 5.6 20.5 5 9.4 6.1 21 20.5 5 NA 19.1 91.1 91.5 55.5 5
19800407 55.3 5 10.2 40.6 6.2 16.7 11.1 5 5 5.3 18.3 5 7.8 5.5 19.8 19.4 5 NA 18.1 89.6 91.1 47.9 5
19800408 52.7 5 7.7 36.3 6 12.4 9.2 5 5 5.3 17.2 5 6.7 5.5 18.8 17.8 5 NA 17.4 87.6 90.6 38.1 5
19800409 48.8 5 5.6 32.9 5.6 5.9 6.5 5 5 5 15 5 5 5 17.7 16.6 5 NA 16.5 86.1 90.3 30.5 5
19800410 43.6 5 5.5 28.3 5.5 5.7 6.3 5 5 5 13.5 5 5 5 16.2 15.2 5 NA 16.4 82.2 84.5 28.2 5
19800411 40.2 5 5.5 25.3 5.4 5.6 6.2 5 5 5 12.4 5 5 5 15.5 13.5 5 NA 17 78.8 80.6 26.8 5
19800412 35 5 5.4 20.7 5.3 5.5 5.9 5 5 5 10.9 5 5 5 14 12.1 5 NA 16.9 74.9 74.9 24.6 5
19800413 29.9 5 5.2 17.3 5.3 5.4 5.6 5 5 5 10 5 5 5 13.2 10.8 5 NA 17.5 71.9 71.1 22.7 5
19800414 24.8 5 5.1 12.7 5.2 5.2 5.3 5 5 5 8.5 5 5 5 11.8 9.4 5 NA 17.4 68 65.4 20.4 5
19800415 21.3 5 5.1 9.6 5.1 5.1 5.3 5 5 5 7.5 5 5 5 11 7.7 5 NA 18 64.6 61.5 19 5
19800416 16.1 5 5 5 5 5 5 5 5 5 5.9 5 5 5 9.6 6.2 5 NA 17.9 60.7 55.8 16.8 5
19801224 73.6 89.3 6.1 5 5 5 5.5 10.1 5 5.2 27.9 5 7 5 10.1 5.3 97 NA 47.1 97 28.4 42.1 5
19801225 76.9 89.3 11.1 10 7.6 5.7 7.5 11.2 5.5 6.9 31.5 8.5 11.9 9.5 12.1 6.5 97.1 NA 49.8 97 32.6 44.6 6.7
19801226 76.9 89.1 19.6 16.8 12.1 7.2 10.6 12.7 6.1 9.1 36.2 15.6 21.7 16.6 15.4 8.2 97.2 NA 55 97.1 37.7 49.3 10
19801227 80.2 89.4 25.7 25 14.7 7.9 13.5 15 7.2 12 42.5 19.2 26.6 19.7 17.8 9.6 97.4 NA 58 97.1 42 52.2 11.7
19801228 80.2 91.3 30.6 30 17.3 8.7 15.5 16.5 7.7 13.7 47.4 22.7 31.5 24.1 20.1 10.8 97.5 NA 61.3 97.2 49.8 54.9 13.3
19801229 83.5 91.3 35.5 35.5 20.2 10 17.9 17.6 8.3 15.4 52.1 27 37.3 28.8 22.5 12.3 97.5 NA 66.5 97.2 54.8 57.7 15
19801230 83.5 91 44 41.8 24.3 10.9 20.6 19.1 8.8 17.6 55.7 33.3 46.2 35.7 25.4 13.7 97.7 NA 69.2 97.3 59.1 62 18.3
19801231 86.8 92.7 50.3 50.5 27.3 12.2 23.9 21.3 9.9 20.5 63 37.6 52 40.7 28.3 15.6 98.4 NA 74.6 99.7 64.6 66 20
19810101 89.7 92.7 55.1 55.5 29.2 12.9 25.9 22.4 10.5 22.2 66.7 41.1 56.8 43.8 29.9 16.6 94.2 NA 77.3 99.7 68.8 68.4 21.6
19810102 90.1 92.5 63.7 61.8 33.3 13.8 28.6 23.9 11 24.5 70.4 47.5 65.6 50.7 32.8 18 94.3 NA 80.1 99.8 73.1 72.9 25
19810103 93 92.5 68.6 67.3 36.3 15.1 31 25 11.6 26.2 75.1 51.7 71.5 55.3 35.2 19.5 94.3 NA 85.2 99.8 78.1 75.6 26.6
19810104 93.3 94.4 73.5 72.3 38.9 15.8 33 26.5 12.1 27.9 79.9 55.3 76.3 59.8 37.5 20.7 94.5 NA 88.6 99.9 85.9 78.3 28.3
19810105 96.3 94.7 79.6 80.5 41.5 16.6 35.9 28.7 13.2 30.7 86.2 58.8 81.2 62.9 39.9 22 94.6 NA 91.6 99.9 90.2 81.2 29.9
19810106 96.6 94.4 88.1 87.3 46 18 39 30.3 13.8 33 90.9 65.9 91 70 43.2 23.8 94.7 NA 96.7 100 95.3 85.9 33.3
19810107 99.6 94.4 93.1 92.3 48.6 18.8 41 31.3 14.3 34.7 94.6 69.4 95.9 74.5 45.2 25 94.8 NA 99.5 100 99.5 88.3 34.9
19810108 99.6 94.7 93.2 92.3 47.3 18.1 44 37 15.3 31.9 94.2 65.6 93.1 64.9 43.7 24.7 94.7 NA 98.3 100 99.1 86.8 34.1
19810109 99.4 95.1 93.3 92.5 46.2 17.7 46.4 40.8 15.7 28.6 93.7 63 91.2 58.2 43.2 24.3 94.7 NA 96.9 100 99.1 85.4 34.1
19810110 99.4 95.3 93.3 92.5 45 17.1 49.4 46.5 16.7 25.8 93.3 59.2 88.4 48.6 41.7 24 94.6 NA 95.8 100 98.6 83.8 33.2
19810111 96.6 97.5 95 95.9 44.5 16.5 52 51.9 17.6 22.4 93.5 55.9 87.5 41.7 41.5 23.8 99.6 NA 95.7 100 99 81.9 33
19810112 96.6 97.8 95.1 95.9 43.2 15.8 55 57.6 18.6 19.6 93.1 52.1 84.7 32 40 23.6 99.5 NA 94.6 100 98.6 80.3 32.2
19810113 96.5 98.2 95.2 96.1 42.1 15.4 57.4 61.4 19 16.3 92.6 49.5 82.9 25.4 39.5 23.1 99.5 NA 93.1 100 98.6 78.9 32.1
19810114 96.5 98.4 95.3 96.1 40.9 14.8 60.4 67.1 20 13.5 92.2 45.7 80 15.8 38 22.9 99.4 NA 92 100 98.1 77.3 31.3
19810115 96.4 98.4 95.3 96.1 40.7 17 61.7 63.1 23 19.1 91.3 44.6 80.1 15.3 37.2 22.7 99.4 NA 93.1 100 98.4 79.3 28.7
19810116 96.5 98.4 95.3 96.1 40.8 19.3 62.4 62.5 26.9 25 91.2 42.4 79.3 15.1 36.2 22.7 99.4 NA 92.5 100 98.1 79.8 26.5
19810117 96.5 98.3 95.3 96.1 40.5 21.6 63.7 58.5 29.9 30.6 90.3 41.3 79.4 14.6 35.4 22.5 99.5 NA 93.6 100 98.3 81.8 23.9
19810118 99.6 97.5 93.7 95.4 40.4 23.5 64.7 54.7 31 33.7 91.3 39.5 79.9 13.9 34 22 99.5 NA 93.7 100 98.2 83.3 21.7
19810119 99.6 97.5 93.7 95.4 40.1 25.8 66 50.7 34.1 39.3 90.4 38.4 79.9 13.4 33.2 21.8 99.5 NA 94.8 100 98.5 85.3 19.1
19810120 99.7 97.5 93.7 95.4 40.2 28.1 66.7 50.2 37.9 45.2 90.3 36.2 79.1 13.3 32.3 21.8 99.5 NA 94.2 100 98.2 85.8 16.9
19810121 99.6 97.5 93.7 95.4 40 30.3 68.1 46.1 41 50.8 89.4 35.2 79.2 12.8 31.4 21.6 99.5 NA 95.3 100 98.4 87.8 14.3
19810122 99.6 94.4 91.9 94.3 39.8 31.3 66.6 42.1 36.9 46.9 89.7 31.1 77.2 12.2 33.1 21.9 99.5 NA 95 100 98.4 85.4 13.8
19810123 99.5 91.5 89.7 93.4 38.8 32.5 64.6 36.9 32.1 42 89.3 27.1 74.1 11.2 34.3 22.2 99.4 NA 96.8 100 98.1 84.3 13.3
19810124 99.4 88.5 87.8 92.3 38.7 33.5 63.1 32.9 28 38.1 89.6 23.1 72.1 10.6 35.9 22.5 99.3 NA 96.5 100 98.1 82 12.8
19810125 98.6 87 86.5 93.8 38 34.3 61.9 30.8 26 36.1 89.9 17.1 70.2 9.5 37.6 22.8 99.2 NA 96 100 97.7 80.7 12.3
19810126 98.5 84 84.7 92.7 37.9 35.2 60.4 26.8 21.9 32.2 90.1 13 68.1 8.9 39.3 23.1 99.1 NA 95.7 100 97.7 78.4 11.8
19810127 98.4 81.1 82.5 91.8 36.9 36.5 58.4 21.6 17.1 27.3 89.8 9 65.1 7.9 40.5 23.4 99 NA 97.5 100 97.3 77.3 11.2
19810128 98.4 78 80.6 90.7 36.7 37.4 57 17.6 13 23.4 90.1 5 63.1 7.3 42.1 23.7 98.9 NA 97.2 100 97.3 74.9 10.8
19810129 98.5 81.1 83 91.6 45.3 44 62.2 21 13.1 22.8 91.3 5 62.1 21 50.8 30.9 99 NA 97.7 100 97.3 78.2 10.7
19810130 98.6 84 84.7 92.4 53.5 53.2 67.8 23.5 13.3 22.5 92.2 5 61.3 29.7 57 36.7 99.3 NA 97.9 100 98.2 81 11
19810131 98.7 87.1 87.1 93.3 62.1 59.8 73.1 27 13.4 21.9 93.5 5 60.4 43.4 65.7 44 99.4 NA 98.4 100 98.2 84.3 10.9
19810201 99.6 89.5 88.5 92.9 69.8 69.7 78.3 29.5 13.6 21.9 94.2 5 60 52.9 71.8 49.9 99.3 NA 96.6 100 98.1 87.4 11
19810202 99.7 92.6 90.9 93.8 78.5 76.3 83.5 32.9 13.7 21.3 95.4 5 59 66.5 80.4 57.1 99.5 NA 97 100 98.1 90.6 10.9
19810203 99.8 95.5 92.6 94.6 86.6 85.5 89.2 35.4 13.8 21 96.3 5 58.2 75.3 86.7 63 99.7 NA 97.3 100 99 93.4 11.2
19810204 99.9 98.6 95 95.5 95.2 92.1 94.4 38.9 13.9 20.4 97.6 5 57.3 89 95.3 70.2 99.8 NA 97.7 100 99 96.7 11.1
19810205 100 96.6 94.9 95.7 91 88.3 93.9 39.9 16 23.9 97.6 6.9 59 89.9 95.3 70.8 99.8 NA 97.7 100 99 96.5 11
19810206 100 95.3 94.8 95.8 87.7 82.4 93.6 40.7 17.6 26.4 97.6 8.1 60.4 90.9 95.1 71.1 99.7 NA 97.7 100 99 95.9 10.9
19810207 100 93.2 94.7 96 83.4 78.5 93.2 41.7 19.7 29.9 97.6 10 62.1 91.8 95.1 71.7 99.7 NA 97.7 100 99 95.7 10.9
19810208 98.8 88.3 94.7 96.2 79.9 73.1 93.4 42.6 21.3 32.5 97.2 11.2 62.6 92.9 95.3 72.1 99.8 NA 98.2 100 100 95.1 11
19810209 98.8 86.3 94.6 96.4 75.6 69.3 92.9 43.6 23.4 36 97.3 13.1 64.3 93.9 95.3 72.8 99.8 NA 98.2 100 100 94.9 10.9
19810210 98.8 85 94.5 96.6 72.4 63.3 92.6 44.4 24.9 38.5 97.3 14.4 65.7 94.8 95.1 73 99.8 NA 98.2 100 100 94.3 10.8
19810211 98.8 82.9 94.4 96.7 68.1 59.5 92.2 45.4 27 42 97.3 16.2 67.4 95.8 95.1 73.6 99.8 NA 98.2 100 100 94.1 10.7
19810212 98.8 83.6 94.2 96.7 61.4 65.1 89.8 41.1 25.6 39.3 96.8 15 66.9 94.1 94.5 73.3 99.8 NA 96.1 100 100 93.6 11.8
19810213 98.8 84.3 94.3 96.7 55.9 68.6 87.6 37.7 24.8 37.7 96.4 14.6 66.5 92.2 94.3 72.9 99.8 NA 94 100 100 94 12.6
19810214 98.8 84.9 94.1 96.7 49.2 74.2 85.3 33.4 23.5 35 95.9 13.3 65.9 90.5 93.7 72.5 99.8 NA 91.9 100 100 93.5 13.7
19810215 99.1 88.4 94.5 96.6 45.9 78.9 85.2 29.8 22.5 33.5 94.9 12.9 64.8 88.8 93.2 72 99.9 NA 90.6 100 100 93.4 14.5
19810216 99.1 89.1 94.3 96.6 39.2 84.6 82.9 25.5 21.1 30.7 94.4 11.7 64.2 87.1 92.6 71.6 99.9 NA 88.5 100 100 92.9 15.6
19810217 99.1 89.8 94.4 96.6 33.7 88 80.7 22 20.3 29.2 94 11.3 63.8 85.3 92.4 71.2 100 NA 86.4 100 100 93.3 16.3
19810218 99.1 90.4 94.2 96.6 27 93.6 78.4 17.8 18.9 26.4 93.5 10 63.3 83.6 91.9 70.9 100 NA 84.3 100 100 92.8 17.5
19810219 99 84.1 89.5 94.9 27.2 85.6 67.6 16.3 17.4 23.4 91.9 9.4 59.2 73.9 88.7 66.1 98.4 NA 80.1 100 100 91.7 15.6
19810220 98.9 77.4 85.6 93.7 29.2 80.3 60.3 14.8 15.5 20.6 90.6 8.5 57 65.3 86.6 62.3 97.3 NA 77.2 100 100 89.8 14
19810221 98.8 71.2 80.8 92 29.4 72.3 49.6 13.4 14 17.5 88.9 7.9 52.9 55.6 83.4 57.6 95.6 NA 73 100 100 88.7 12.1
19810222 98.5 66.1 77.4 89.4 29.4 65.7 39.7 11.3 11.9 14.4 88.8 7.1 48.3 50 80.4 53.7 89.5 NA 68.3 100 100 87.9 10.3
19810223 98.4 59.8 72.7 87.7 29.6 57.7 28.9 9.9 10.4 11.4 87.2 6.5 44.2 40.3 77.2 49 87.9 NA 64.1 100 100 86.8 8.5
19810224 98.3 53.1 68.7 86.5 31.6 52.3 21.6 8.3 8.6 8.6 85.9 5.6 42 31.7 75.1 45.2 86.8 NA 61.1 100 100 84.9 6.8
19810225 98.2 46.9 64 84.7 31.8 44.3 10.8 6.9 7.1 5.5 84.2 5 37.9 22 71.9 40.4 85.2 NA 57 100 100 83.8 5
19810226 98.2 45 58.7 84 29.1 41.8 10.5 6.6 6.7 5.5 78.4 5 37.2 30.3 75.1 45 77.9 NA 55.1 100 98.6 84.4 5
19810227 98.2 41.8 55.6 83.4 26.2 39.7 10.2 6.4 6.5 5.5 74.4 5 36 42 78 49 73 NA 53.9 100 98.6 86.1 5
19810228 98.2 39.9 50.3 82.6 23.5 37.2 9.8 6.1 6.2 5.5 68.7 5 35.3 50.3 81.3 53.5 65.7 NA 52.1 100 97.2 86.7 5
19810301 98.5 37.4 46.5 82.6 20.4 35.9 9.8 5.9 5.9 5.5 62.6 5 34.4 59.7 84.5 57.4 62.8 NA 50.2 100 95.6 86.7 5
19810302 98.5 35.5 41.2 81.8 17.7 33.4 9.4 5.5 5.6 5.5 56.9 5 33.6 67.9 87.7 62 55.5 NA 48.4 100 94.2 87.3 5
19810303 98.5 32.3 38.1 81.2 14.7 31.3 9.1 5.3 5.3 5.5 52.9 5 32.5 79.7 90.6 66 50.7 NA 47.1 100 94.2 89 5
19810304 98.5 30.4 32.8 80.4 12.1 28.8 8.7 5 5 5.4 47.1 5 31.7 87.9 93.8 70.5 43.4 NA 45.3 100 92.8 89.6 5
19810305 92.6 26.2 31.5 79.3 11.2 27.4 8.7 5 5 5.8 51.9 5 27.3 82.3 86.8 67.6 41.6 NA 45.1 99.9 94.2 85.6 5
19810306 88.6 23.4 30.4 78.5 10.9 27.3 8.7 5 5 6.1 55.2 5 24.4 74.8 81.4 66.2 39.1 NA 45.1 99.9 94.2 82.9 5
19810307 82.7 19.1 29.1 77.4 10.1 26 8.7 5 5 6.5 60 5 20 69.2 74.4 63.2 37.3 NA 44.9 99.8 95.6 78.9 5
19810308 77.6 16.3 27.6 76.4 9.7 25.2 8.7 5 5 6.9 65.5 5 16.8 63.2 67.9 61.2 35.6 NA 42.7 99.8 96.6 76.7 5
19810309 71.7 12.1 26.3 75.2 8.9 23.9 8.8 5 5 7.3 70.3 5 12.4 57.6 60.9 58.3 33.9 NA 42.6 99.7 98 72.7 5
19810310 67.7 9.2 25.2 74.5 8.6 23.8 8.8 5 5 7.5 73.6 5 9.4 50.1 55.4 56.9 31.3 NA 42.5 99.7 98 70 5
19810311 61.8 5 23.9 73.3 7.8 22.5 8.8 5 5 7.9 78.4 5 5 44.5 48.4 53.9 29.6 NA 42.4 99.6 99.4 66 5
19810312 63.5 5 24 76.8 8.3 28.8 9.2 5 5 8 78.7 5.9 5 39.3 46.2 48.6 27.1 NA 38 99.7 99.4 69.3 5.2
19810313 64.7 5 24.1 79.1 8.7 33.3 9.6 5 5 8.1 79.4 6.9 5 33.2 43.1 43.3 23 NA 35.1 99.7 99.4 71.6 5.3
19810314 66.5 5 24.2 82.6 9.2 39.7 10.1 5 5 8.1 79.8 7.8 5 28.1 40.8 37.9 20.4 NA 30.7 99.8 99.4 74.9 5.5
19810315 68.2 5 24.5 87.9 9.7 45 10.5 5 5 8.3 78.2 8.3 5 21.4 38 32.1 16.5 NA 28.4 99.8 100 76.5 5.6
19810316 70 5 24.7 91.3 10.3 51.4 10.9 5 5 8.3 78.6 9.2 5 16.2 35.8 26.8 14 NA 24 99.9 100 79.9 5.7
19810317 71.2 5 24.7 93.7 10.6 55.8 11.4 5 5 8.4 79.2 10.2 5 10.1 32.7 21.5 9.9 NA 21.1 99.9 100 82.1 5.9
19810318 73 5 24.9 97.1 11.2 62.2 11.8 5 5 8.5 79.6 11.1 5 5 30.4 16.1 7.3 NA 16.8 100 100 85.5 6.1
19810319 72.1 5 23.3 94.5 10.7 55.9 12.1 5 5 8.1 76.1 10.2 5 9.2 30.4 17.8 7.8 NA 18.1 98.8 100 83.3 5.9
19810320 71.5 5 21.9 92.6 10.3 51.2 12.1 5 5 7.8 73.3 9.2 5 11.9 30.4 18.9 8.2 NA 18.8 97.9 100 81.2 5.7
19810321 70.7 5 20.3 90 9.8 44.9 12.4 5 5 7.5 69.7 8.3 5 16.1 30.3 20.5 8.7 NA 20.2 96.7 100 79 5.6
19810322 69.8 5 18.2 88.2 9.3 39.5 12.6 5 5 6.9 65.8 7.8 5 18.9 30.3 21.8 8.9 NA 21.7 95.4 100 77.6 5.5
19810323 69 5 16.6 85.6 8.7 33.1 12.9 5 5 6.5 62.3 6.9 5 23.1 30.3 23.4 9.4 NA 23 94.2 100 75.3 5.3
19810324 68.4 5 15.2 83.7 8.4 28.5 12.8 5 5 6.2 59.4 5.9 5 25.8 30.3 24.6 9.7 NA 23.7 93.3 100 73.3 5.2
19810325 67.5 5 13.6 81 7.8 22.1 13.1 5 5 5.9 55.9 5 5 30 30.3 26.2 10.2 NA 25.1 92.1 100 71.1 5
19810326 68 5 13 77.8 7.6 22 12.4 5 5 5.9 56.7 5 5 25.8 28.6 25.5 9.4 NA 23.4 93.3 100 67 5
19810327 68.3 5 12.2 73.6 7.5 21.6 12.2 5 5 5.9 57.9 5 5 23.1 27.5 24.8 8.8 NA 22.4 94.1 100 63 5
19810328 68.8 5 11.5 70.4 7.3 21.6 11.5 5 5 5.9 58.7 5 5 18.9 25.9 24.1 7.9 NA 20.7 95.3 100 59 5
19810329 69.3 5 10.7 65.5 7.1 21 10.9 5 5 5.9 58.7 5 5 16.1 24.8 23.6 7.3 NA 18.9 96.4 100 54.9 5
19810330 69.8 5 10 62.2 6.9 20.9 10.2 5 5 5.9 59.5 5 5 11.9 23.1 22.9 6.5 NA 17.1 97.6 100 50.8 5
19810331 70.1 5 9.2 58.1 6.7 20.5 10 5 5 5.9 60.7 5 5 9.2 22 22.2 5.9 NA 16.2 98.4 100 46.8 5
19810401 70.6 5 8.6 54.8 6.5 20.5 9.3 5 5 6 61.4 5 5 5 20.4 21.5 5 NA 14.5 99.6 100 42.8 5
19810402 64.7 5 8 52.1 6.6 19.6 8.9 5 5 5.8 55 5 5 5 21.2 19.6 5 NA 13 99.6 97.6 41.3 5
19810403 59.8 5 7.6 49.9 6.6 19 8.4 5 5 5.7 47.2 5 5 5 21.7 17.5 5 NA 12 99.6 94 40.3 5
19810404 54 5 7 47.2 6.7 18.2 8 5 5 5.6 40.7 5 5 5 22.5 15.5 5 NA 10.5 99.6 91.6 38.8 5
19810405 48 5 6.5 44.9 6.7 16.9 7.5 5 5 5.4 32.2 5 5 5 22.9 13.4 5 NA 9 99.6 88.7 37.4 5
19810406 42.1 5 6 42.1 6.8 16 7.2 5 5 5.3 25.8 5 5 5 23.7 11.4 5 NA 7.5 99.6 86.3 35.9 5
19810407 37.2 5 5.6 40 6.8 15.4 6.7 5 5 5.1 18 5 5 5 24.3 9.3 5 NA 6.5 99.6 82.7 35 5
19810408 31.4 5 5 37.2 6.9 14.6 6.3 5 5 5 11.5 5 5 5 25.1 7.4 5 NA 5 99.6 80.3 33.5 5
19810409 28 5 5 34.1 6.6 13 6.1 5 5 5 10.4 5 5 5 22.4 7 5 NA 5 85.5 75.2 31.7 5
19810410 23.7 5 5 31.7 6.4 11.9 6 5 5 5 9.7 5 5 5 20.6 6.7 5 NA 5 75.8 71.6 29.3 5
19810411 20.3 5 5 28.5 6.1 10.3 5.7 5 5 5 8.7 5 5 5 17.9 6.4 5 NA 5 61.6 66.5 27.6 5
19810412 16.1 5 5 25.7 5.8 9.3 5.6 5 5 5 7.8 5 5 5 15.9 6 5 NA 5 47.5 61.2 25.8 5
19810413 12.7 5 5 22.6 5.5 7.7 5.4 5 5 5 6.7 5 5 5 13.2 5.7 5 NA 5 33.4 56.1 24 5
19810414 8.4 5 5 20.2 5.3 6.6 5.2 5 5 5 6 5 5 5 11.4 5.3 5 NA 5 23.7 52.5 21.6 5
19810415 5 5 5 17 5 5 5 5 5 5 5 5 5 5 8.7 5 5 NA 5 9.5 47.4 19.9 5
19811221 18.8 5 5 5 5 5 5 5 5 5 5 5 5 5 7.9 5.1 70.9 NA 5 5 5 5.6 5
19811222 20.6 5.1 5 5 5 5 5 5 5 5 5 5 5 5 7.8 5.1 70.2 NA 9.5 5 5 5.6 5
19811223 23.4 5.3 5 5 5 5 5 5 5 5 5 5 5 5 7.9 5.1 72.4 NA 14.1 5 5 5.7 5
19811224 25.3 5.4 5 5 5 5 5 5 5 5 5 5 5 5 7.8 5.1 71.7 NA 18.6 5 5 5.7 5
19811225 28.1 5.6 5 5 5 5 5 5 5 5 5 5 5 5 7.8 5.1 71.1 NA 25.4 5 5 5.8 5
19811226 30 5.7 5 5 5 5 5 5 5 5 5 5 5 5 7.8 5.1 70.4 NA 29.9 5 5 5.8 5
19811227 31.8 5.8 5 5 5 5 5 5 5 5 5 5 5 5 7.7 5.1 72.6 NA 34.4 5 5 5.8 5
19811228 34.7 6 5 5 5 5 5 5 5 5 5 5 5 5 7.7 5.1 72 NA 39 5 5 5.9 5
19811229 36.5 6.1 5 5 5 5 5 5 5 5 5 5 5 5 7.7 5.1 71.3 NA 43.5 5 5 5.9 5
19811230 36.4 6 5 5 5 5 5 5 5 5 5 5 5 8.6 8.4 5.3 71 NA 40.7 5 5 9.8 5
19811231 36 5.8 5 5 5 5 5 5 5 5 5 5 5 12.2 9.1 5.4 70.4 NA 39.4 5 5 12.4 5
19820101 36 5.7 5 5 5 5 5 5 5 5 5 5 5 15.8 9.9 5.6 70.1 NA 37.5 5 5 16.3 5
19820102 35.7 5.6 5 5 5 5 5 5 5 5 5 5 5 18.2 10.4 5.7 69.7 NA 34.8 5 5 18.9 5
19820103 35.3 5.5 5 5 5 5 5 5 5 5 5 5 5 21.8 11.1 5.9 69.1 NA 33.4 5 5 22.8 5
19820104 35.2 5.3 5 5 5 5 5 5 5 5 5 5 5 25.4 11.9 6 68.8 NA 30.6 5 5 25.4 5
19820105 45.3 20 7.3 7.1 5.7 6 6.4 5 5 5.3 13.3 5 5.5 25.4 14.6 7.1 72.7 NA 40 20 19.7 28.8 5
19820106 52.3 29.7 9 8.5 6.2 6.6 7.4 5 5 5.4 21.5 5 5.9 25.3 17.4 7.8 76.6 NA 46.4 30 29.5 31.5 5
19820107 62.4 44.4 11.3 10.7 7 7.6 8.8 5 5 5.7 29.8 5 6.4 25.3 20.2 8.9 80.5 NA 55.7 45 44.2 34.9 5
19820108 69.5 54.4 12.8 12.5 7.6 8.3 9.8 5 5 5.9 38.2 5 6.9 25.8 23 9.7 85.3 NA 63.4 58.6 54.8 37 5
19820109 79.6 69 15.1 14.6 8.3 9.2 11.2 5 5 6.2 46.5 5 7.4 25.7 25.8 10.8 89.2 NA 72.8 73.6 69.5 40.4 5
19820110 86.6 78.8 16.8 16 8.8 9.9 12.2 5 5 6.3 54.7 5 7.8 25.7 28.6 11.5 93.1 NA 79.2 83.6 79.3 43.2 5
19820111 96.7 93.4 19.1 18.1 9.5 10.9 13.6 5 5 6.6 63 5 8.3 25.7 31.3 12.5 97 NA 88.5 98.6 94.1 46.6 5
19820112 96.8 93.7 31.8 31 17 14.5 19.8 13.1 8.5 10 68.1 5.2 22.8 30 32.9 15.8 95 NA 90.1 98.6 94.3 48.9 5.8
19820113 96.8 93.9 40.1 39.6 22.7 16.9 24.7 18.4 10.9 12.2 72.1 8.7 32.4 32.9 33.9 17.9 92.1 NA 91 98.6 94.5 50.7 8.1
19820114 96.8 94.2 52.8 52.5 30.2 20.5 30.9 26.5 14.4 15.6 77.2 8.9 46.9 37.3 35.5 21.2 90.1 NA 92.6 98.6 94.8 53.1 9
19820115 99.9 99.2 64.9 63.1 35.4 22.9 35.8 31.8 16.8 17.9 82.4 12.5 57.8 40.7 37.2 23.3 87.2 NA 93.8 100 98.5 55.8 11.2
19820116 100 99.5 77.6 75.9 42.9 26.5 42 39.9 20.3 21.3 87.5 12.7 72.3 45.1 38.7 26.5 85.2 NA 95.4 100 98.8 58.2 12.1
19820117 100 99.7 85.9 84.5 48.6 28.9 46.9 45.3 22.7 23.5 91.5 16.3 81.9 48 39.8 28.7 82.3 NA 96.3 100 99 60 14.4
19820118 100 99.9 98.6 97.4 56 32.5 53.2 53.3 26.2 26.9 96.6 16.5 96.4 52.4 41.3 31.9 80.3 NA 97.9 100 99.2 62.3 15.2
19820119 100 99.9 98.6 97.4 54.9 33.1 52.9 50.9 24.1 27.5 96.6 24.9 95.4 50.8 40.7 29.9 85.1 NA 97.7 100 99.2 65.2 19.2
19820120 100 99.9 98.6 97.4 54.3 34.1 53.1 50.2 23.1 28.6 96.6 34 94.6 49.7 40.2 28.2 85.2 NA 97.6 100 99.2 67.7 21.7
19820121 100 99.9 98.6 97.4 53.2 34.7 52.8 47.8 21 29.3 96.6 42.4 93.5 48.1 39.6 26.2 90 NA 97.4 100 99.2 70.5 25.7
19820122 99.4 98.2 95 95.3 54 35.1 52.1 45.8 19.4 29.4 95.2 51.6 93.6 46.5 38.9 24.8 90 NA 97 100 100 72.8 28.5
19820123 99.4 98.2 95 95.3 52.8 35.7 51.9 43.3 17.2 30.1 95.2 60 92.5 44.9 38.2 22.8 94.8 NA 96.9 100 100 75.6 32.5
19820124 99.3 98.2 95 95.3 52.3 36.8 52 42.7 16.3 31.1 95.2 69.1 91.8 43.8 37.7 21.1 94.9 NA 96.7 100 100 78.1 35.1
19820125 99.3 98.2 95 95.3 51.1 37.4 51.8 40.3 14.1 31.8 95.2 77.5 90.7 42.2 37.1 19.1 99.7 NA 96.5 100 100 81 39
19820126 99.3 98.2 95 95.3 51 38.5 54.2 40.5 15 32.8 95.2 73.6 88.2 48.1 39.4 20 99.5 NA 96.7 100 100 81.6 37.3
19820127 99.4 98.2 95 95.3 50.3 39.6 56.4 40.2 16.7 34 95.2 67.5 85.6 56.9 42.6 20.7 99.3 NA 96.9 100 100 82.8 35.4
19820128 99.4 98.2 95 95.3 49.5 40.7 58.5 40.3 17.6 34.9 95.2 63.6 81.8 62.7 44.9 21.3 99.1 NA 97 100 100 83.3 32.9
19820129 99.6 98.4 95.1 96.4 49.2 42.4 61.2 40.9 18.9 36.2 97 57.4 80.5 69.1 47.4 22.1 98.9 NA 97.7 100 100 84.8 31.7
19820130 98.8 98.4 95.1 96.4 48.8 43.5 62.6 40.1 19.5 36.6 97 51.6 78 75 49.3 22.7 98.6 NA 97.8 100 100 85.3 29.6
19820131 98.8 98.4 95.1 96.4 48.2 44.6 65.5 40.4 21 38.1 97 45.5 75.4 83.8 52.4 23.5 98.5 NA 98 100 100 86.4 27.7
19820201 98.8 98.4 95.1 96.4 47.3 45.8 66.9 39.8 22 38.7 97 41.6 71.6 89.6 54.8 24 98.2 NA 98.1 100 100 87.1 25.2
19820202 98.8 98.4 95.1 96.4 46.3 46.2 69.3 40.1 22.9 39.7 97 35.4 69.1 95.5 57.1 24.6 98 NA 98.3 100 100 87.7 23.3
19820203 98.8 98.4 95.1 96.4 48.7 42.9 72.6 41.2 24.6 45.5 97 38.5 71.3 95.5 63.5 29.7 98.3 NA 98.3 100 100 86.7 24.3
19820204 98.8 98.4 95.1 96.4 50.4 41.3 75.2 41.9 25.6 49.4 97 39 72.7 95.4 67.7 33.1 98.5 NA 97.3 100 100 86.3 24.9
19820205 98.8 98.4 95.1 96.4 52.9 38.1 78.5 43.1 27.3 55.3 97 42 74.9 95.4 74.1 38.1 98.8 NA 97.3 100 100 85.3 25.9
19820206 100 98.5 97.8 99.1 54.6 36.4 81 43.8 28.4 59 97.4 44.8 76.8 92.6 78.4 41.6 99.2 NA 96.6 100 100 84.7 26
19820207 100 98.5 97.8 99.1 57 33.2 84.3 45 30 64.9 97.4 47.9 79 92.6 84.8 46.6 99.5 NA 96.6 100 100 83.7 27
19820208 100 98.5 97.8 99.1 58.7 31.6 86.9 45.7 31.1 68.8 97.4 48.4 80.4 92.4 89 50.1 99.7 NA 95.6 100 100 83.3 27.5
19820209 100 98.5 97.8 99.1 61.1 28.3 90.2 46.9 32.7 74.7 97.4 51.4 82.6 92.4 95.4 55.1 100 NA 95.6 100 100 82.3 28.5
19820210 100 98.5 97.8 99.1 62.9 33.6 88.2 45.1 31.2 71.1 97.4 46.3 80.5 90.6 95.2 55.6 99.6 NA 95.6 100 100 84.1 26.1
19820211 100 98.5 97.8 99.1 64.5 40.7 86.9 44.1 30.4 68.1 97.4 41.1 79.3 89.4 95.1 56.6 99.3 NA 96.5 100 100 85.9 23.9
19820212 100 98.4 97.8 99.1 66.3 45.9 84.2 40.6 27.3 62.6 97.3 33.4 77.2 87.6 94.8 56.4 98.9 NA 96.5 100 99.9 87.7 20.7
19820213 100 98.5 99.6 99.1 68.4 52.2 83.9 38.8 25.8 59.9 98.3 28.2 75.4 87.7 94.8 57.3 98.7 NA 97 100 100 89.8 18.5
19820214 99 98.1 99.2 99 69.1 56.3 81.9 37.1 24.3 56.2 98.2 23.1 72.9 85.7 92.5 57 98.4 NA 96.6 100 100 90.4 15.8
19820215 99 98.1 99.2 99 71.5 63.6 80 36.1 23.5 52.8 98.1 17.9 71.7 84.5 92.3 58.1 98 NA 97.6 100 100 92.3 13.5
19820216 99 98 99.2 99 72.4 68.7 78 32.6 20.4 47.7 98.1 10.2 69.5 82.7 92.1 57.8 97.7 NA 97.6 99.9 99.9 94 10.4
19820217 99 98 99.2 99 74.3 73.9 76 30.8 18.9 44.1 98 5 67.4 80.7 91.8 58.3 97.3 NA 97.6 99.9 99.9 95.9 8
19820218 98.9 98 99.2 99 75.4 72.5 75.8 27.5 18.8 43.5 98 5.3 68.1 81.1 90 54.1 97.6 NA 97.1 99.9 99.9 94.7 8.8
19820219 98.9 98 99.2 99 76.2 70.6 75.6 24.2 18.8 42.1 97.7 5.7 69 82.1 87.8 49.5 97.8 NA 96.7 100 99.8 93.5 9.7
19820220 99.8 98.1 99.2 99.1 77.4 69.2 75.5 20.8 18.8 42.7 99 6.1 71 82.8 88 45.6 98.1 NA 96.7 100 99.8 92.8 10.9
19820221 99.6 98.1 95.5 95.8 76 65.8 74.4 17.5 18.7 41.3 98.7 6.5 71.2 81.3 85.8 40.1 98.3 NA 96.3 100 99.8 91 11.3
19820222 99.6 98 95.5 95.8 76.7 63.8 74.2 14.1 18.7 40.7 98.6 6.8 72.1 82.4 83.9 36.1 98.6 NA 95.8 100 99.7 89.8 12.2
19820223 99.5 98 95.5 95.8 77.9 62.4 74.1 10.8 18.7 39.2 98.4 7.1 72.8 82.7 81.8 31.3 98.7 NA 95.4 100 99.7 88.7 13
19820224 99.6 97.8 95.1 95.2 76.9 60.4 75.9 11.7 18.1 41.1 98.5 10.8 74.1 83 82.6 36.3 98.1 NA 95 100 99.7 89.3 14.1
19820225 99.6 97.7 94.7 94.7 76.1 59.7 77.4 12.5 17.6 44.4 98.8 14.5 75.3 81.6 83.8 43.6 97.1 NA 94.5 100 99.8 89.7 15.2
19820226 99.7 97.5 94.4 94.1 75.1 57.3 79.1 13.1 16.4 46.2 98.9 14.3 76.2 81.9 84.4 48.4 96.4 NA 93.7 100 99.8 90.2 14.9
19820227 99.8 98.3 95 96.1 76.3 56.5 81.6 14.3 16.1 48.7 99.2 18.1 78.3 81.5 88.2 55.7 95.8 NA 93.4 100 99.8 91.8 16
19820228 98.3 98.1 94.4 95.3 73.8 54.4 83.3 15.1 15.4 49.8 98.4 21.7 78.7 81.3 88.4 60.2 94.7 NA 92.8 100 99.9 92 17.1
19820301 98.3 97.9 94 94.7 73.2 53.3 84.8 16 14.9 52.4 98.5 25.3 80.1 79.7 89.2 65.7 94.1 NA 92.4 100 99.9 92.7 18
19820302 98.4 97.7 93.6 94.1 71.9 51.3 86.5 16.6 13.7 54.9 98.8 25.2 80.8 80.1 90.2 72.2 93.1 NA 91.6 100 100 92.9 17.9
19820303 98.4 97.5 93.3 93.5 70.9 49.3 87.6 17.4 13.2 56.7 98.9 28.9 82.1 78.2 90.9 77.2 92.5 NA 91.2 100 100 93.4 18.8
19820304 98.4 97.8 93.6 94.1 75.2 56.3 87.9 17.4 12.5 56.9 98.3 29.4 84.9 79.8 91.8 78.6 92.9 NA 90.9 100 100 94.1 22.5
19820305 98.4 98 94 94.6 78.7 64 88.4 17.2 11.6 57.3 97.6 29.9 87.6 79.5 91.6 79.1 93.4 NA 90.7 100 100 94.1 26.2
19820306 98.6 98.5 96.2 95.9 83 71.1 88.8 17.4 11.2 57.5 97.3 30.4 90.4 81.1 93 81.1 94.4 NA 90.4 100 100 95.6 30
19820307 98.4 98.7 96.2 96.4 87.3 78.1 88.1 17.2 10.4 57.6 95.9 30.9 91.8 78.2 90.3 79.7 94.8 NA 89.8 100 100 95.9 33.4
19820308 98.4 98.9 96.6 96.9 90.7 85.7 88.6 17.1 9.6 58 95.2 31.4 94.5 79.8 91 80.9 95.4 NA 89.8 100 100 96.2 37.1
19820309 98.4 99.1 97 97.5 95.1 92.7 88.9 16.9 8.9 58.2 94.6 31.9 97.3 79.5 90.9 81.5 95.8 NA 89.3 100 100 96.5 40.9
19820310 98.4 95.3 95.2 96.5 89.1 89.6 83.9 15.2 8.3 53.4 94.5 27.4 91.4 71.5 86.6 76.8 95.5 NA 86.9 100 99.1 96.1 36.8
19820311 98.3 90.4 93 95.6 82.6 84.1 79.2 14.4 8 49 94.2 27.4 85.1 63.2 81.4 72 95.5 NA 84.5 100 98.3 95 33.3
19820312 98.3 85.8 90.2 93.9 73.9 80.3 70.9 12.7 7.5 41.8 92.9 22.9 76.5 50.7 74.5 65.6 95.2 NA 80.4 100 97.4 93.5 27.6
19820313 98.6 82 88.5 93.6 68.9 75 66 11 6.9 37 93 18.5 70.5 42.7 70 61.1 95.1 NA 78.8 100 96.6 93.2 23.5
19820314 98.5 75.8 83.8 92 62.7 71.5 60.7 9.3 6.4 31.9 92.5 14 64.2 34.4 64.7 55.3 94.8 NA 76.3 100 95.7 91.4 19.4
19820315 98.5 71.9 82 91.1 56.4 66 56.1 8.4 6.1 27.7 92.6 14 58.3 26.5 60.2 50.9 94.7 NA 73.9 100 94.9 90.9 16
19820316 98.4 66.3 78.8 89.4 47.4 62.2 47.7 6.7 5.6 20.3 90.9 9.5 49.3 13.6 52.6 44.1 94.5 NA 69.8 100 94 88.8 10.2
19820317 98.4 62.4 77.1 88.5 41.1 56.6 42.7 5 5 15.5 90.8 5 43.4 5.6 48.1 39 94.2 NA 67.4 100 93.2 88.2 6.1
19820318 96.9 64.5 76.6 88.4 39.9 51.2 46 5 5.3 19 86.3 5 39.9 9.1 47.7 38.8 90.8 NA 71.6 100 94 85.5 6.9
19820319 95.3 66.3 75.8 85.9 38 45.6 48.8 5 5.5 21.3 83.2 5 36.4 11.7 46.4 37.7 87.6 NA 75.8 100 95.7 83 7.3
19820320 93.8 68.4 75.6 85.9 36.8 41.2 54.1 5 5.8 24.8 78.8 5 33 15.3 47.2 38.3 84.5 NA 81.4 100 96.6 80.7 8.1
19820321 91.9 68 72.4 84.2 33.3 34.6 55.2 5 5.9 26.5 73.1 5 28.2 17.1 45 36.9 80 NA 85.3 100 97.4 77 8.6
19820322 90.4 69.9 71.6 82.2 31.6 29.2 58.6 5 6.1 30.3 70.1 5 24.7 20.5 44.8 36.5 76.7 NA 89.5 100 99.1 75.1 9.4
19820323 88.8 71.9 71.1 81.6 30.2 23.6 61.4 5 6.4 32.4 65.5 5 21.2 23.2 43.4 35.5 73.4 NA 93.7 100 100 71.8 9.8
19820324 87.7 70.5 69.6 80.7 28 22.7 56.9 5 6.1 29 67.4 5 26.9 20.6 40.4 33.7 73.8 NA 88.4 100 100 73.6 9.2
19820325 86.5 68.4 68.1 79.8 25.9 21.8 52.6 5 5.9 24 67.8 5 32.5 17.1 35.8 31.2 74.3 NA 83.1 100 100 75.4 8.2
19820326 86 67.5 67.7 82 25.1 22.2 49.7 5 5.8 20.8 71 5 38.2 15.4 33.7 30.3 75.5 NA 78.2 100 100 78.7 7.6
19820327 84.7 64.5 65.9 80.9 22.6 20.7 43 5 5.5 15.8 72.6 5 43.9 11.8 28.9 27.7 75.4 NA 71.5 100 100 79.9 6.6
19820328 83.6 62.5 64.6 80 20.5 19.8 38.7 5 5.3 12.5 73.2 5 49.5 9.2 25.6 25.5 75.9 NA 66.1 100 100 81.7 6
19820329 82.5 61 62.9 79 18.4 18.9 34.3 5 5 7.5 74.9 5 55.2 5.8 21.3 23.3 76.4 NA 60.8 100 100 83.6 5
19820330 81.6 56.2 59.1 78.3 17.7 18.9 32.2 5 5 8.1 72.2 5 52.9 6.6 22.7 24.5 74.7 NA 58.7 100 100 81.2 5
19820331 80.3 52.2 54.2 77.5 15.9 18 30.7 5 5 8.8 68.9 5 50.5 7.5 23.2 25.2 72.2 NA 56.8 99.9 99.7 78 5
19820401 79.4 47.3 50.4 75.7 15.3 17.9 28.1 5 5 9.4 64.2 5 47.2 8.3 24.5 26 70.5 NA 54.6 99.9 99.7 74.7 5
19820402 78.5 42.5 46.6 76 14.3 17.3 26.6 5 5 10.3 61.6 5 44.9 9.6 27 27.6 68.8 NA 53.1 99.8 99.4 72.4 5
19820403 77 35.2 39.6 74.3 12.8 17.2 24.5 5 5 10.8 57.8 5 41.8 10.3 27.3 28.2 66.3 NA 50.5 99.7 99.4 69.2 5
19820404 76.3 31.1 35.8 73.5 11.9 16.4 22.4 5 5 11.5 55.2 5 39.5 11.1 28.9 29.2 64.6 NA 48.4 99.7 99.1 66.7 5
19820405 74.7 26.3 30.9 71.6 10.4 16.3 20.5 5 5 12.1 49.7 5 36.1 12 29.1 29.7 62.1 NA 46.4 99.6 99.1 62.7 5
19820406 73.8 21.5 27.1 70.8 9.4 15.5 18.4 5 5 12.7 47.1 5 33.8 12.8 30.5 30.5 60.5 NA 44.3 99.6 98.8 60.2 5
19820407 72.1 18.9 24.7 70.4 9.3 15.9 17.2 5 5 12 46.7 5 29 12 28.6 29.1 54.3 NA 38.3 96.5 98.8 62.2 5
19820408 71 17.1 22.1 69.8 9.4 16.5 16.4 5 5 11 45.6 5 25.8 11.1 25.5 27.2 50.3 NA 34.4 94.5 99.1 63.1 5
19820409 69.3 14.5 19.6 69.3 9.2 16.9 15.2 5 5 10.3 45.2 5 21 10.4 23.6 25.8 44.2 NA 28.4 91.4 99.1 65.1 5
19820410 68.1 11.9 17.2 67.8 9.4 17.2 14.4 5 5 9.3 44.5 5 17.8 9.3 20.6 24.2 37.2 NA 22.4 88.3 97.6 66.6 5
19820411 66.4 9.3 14.7 67.4 9.2 17.6 13.2 5 5 8.6 44.1 5 13 8.5 18.7 22.8 31.1 NA 16.4 85.3 97.6 68.6 5
19820412 65.3 7.6 12.1 66.8 9.3 18.2 12.5 5 5 7.5 43 5 9.8 7.6 15.6 20.9 27 NA 12.5 83.2 97.9 69.5 5
19820413 63.6 5 9.7 66.3 9.2 18.6 11.3 5 5 6.9 42.6 5 5 6.8 13.7 19.5 20.9 NA 6.5 80.1 97.9 71.5 5
19820414 55.7 5 8.9 58.8 8.8 17.5 10.4 5 5 6.6 43.2 5 5 6.9 13.6 18 18.2 NA 6.3 81.3 92.7 67.8 5
19820415 50.4 5 8.4 53.8 8.5 16.8 9.8 5 5 6.4 43.8 5 5 6.9 13.5 16.3 16.5 NA 6.1 82.1 88.4 64.7 5
19820416 42.5 5 7.6 46.3 8.1 15.7 8.9 5 5 6.1 44.4 5 5 6.9 13.4 14.8 13.8 NA 5.8 83.2 83.2 61 5
19820417 34.6 5 7.1 40.8 7.7 15 8.3 5 5 5.7 43.3 5 5 7 13.3 13.4 12.1 NA 5.7 84.4 77.6 57.7 5
19820418 26.7 5 6.3 33.3 7.3 13.9 7.4 5 5 5.5 44 5 5 7 13.2 11.9 9.4 NA 5.4 85.5 72.4 54 5
19820419 21.4 5 5.8 28.3 7.1 13.1 6.8 5 5 5.3 44.6 5 5 7 13 10.2 7.6 NA 5.3 86.3 68.1 51 5
19820420 13.5 5 5 20.7 6.7 12 5.9 5 5 5 45.2 5 5 7 12.9 8.7 5 NA 5 87.4 62.8 47.3 5
19820421 12.2 5 5 20.5 6.4 11.5 5.9 5 5 5 39.9 5 5 6.7 12.4 8.5 5 NA 5 86.9 67.5 46 5
19820422 10.8 5 5 20.3 6.1 11 5.8 5 5 5 34.2 5 5 6.4 11.8 8.3 5 NA 5 85.8 72.3 44.7 5
19820423 9.5 5 5 20.9 5.9 10.4 5.8 5 5 5 29 5 5 6.1 11.3 8.2 5 NA 5 85.7 79.2 44.3 5
19820424 7.7 5 5 20.7 5.5 9.9 5.8 5 5 5 23.3 5 5 5.6 10.6 7.8 5 NA 5 84.4 83.1 42.7 5
19820425 6.3 5 5 20.5 5.3 9.4 5.8 5 5 5 18 5 5 5.3 10 7.7 5 NA 5 83.3 87.9 41.5 5
19820426 5 5 5 20.3 5 8.8 5.8 5 5 5 12.3 5 5 5 9.5 7.4 5 NA 5 82.7 92.5 40.2 5
19820427 5 5 5 20 5 8.5 5.7 5 5 5 11.4 5 5 5 9.4 7.4 5 NA 5 77.1 88.6 38.7 5
19820428 5 5 5 19.7 5 8.2 5.6 5 5 5 10.8 5 5 5 9.2 7.4 5 NA 5 71.5 84.7 37.1 5
19820429 5 5 5 19.5 5 7.9 5.6 5 5 5 9.9 5 5 5 9.1 7.6 5 NA 5 65.8 84.4 35.6 5
19820430 5 5 5 19.2 5 7.5 5.5 5 5 5 9 5 5 5 9 7.6 5 NA 5 60.2 80.4 34 5
19820501 5 5 5 18.2 5 7.2 5.4 5 5 5 8.3 5 5 5 8.8 7.6 5 NA 5 51.5 77.1 32 5
19820502 5 5 5 17.9 5 6.9 5.3 5 5 5 7.4 5 5 5 8.7 7.6 5 NA 5 45.9 73.1 30.5 5
19820503 5 5 5 17.6 5 6.6 5.2 5 5 5 6.5 5 5 5 8.5 7.8 5 NA 5 40.2 72.8 28.9 5
19820504 5 5 5 17.4 5 6.2 5.1 5 5 5 5.9 5 5 5 8.4 7.8 5 NA 5 34.6 68.9 27.3 5
19820505 5 5 5 17.1 5 5.9 5 5 5 5 5 5 5 5 8.3 7.8 5 NA 5 29 65 25.8 5
19820506 5 5 5 16.9 5 5.7 5 5 5 5 5 5 5 5 7.9 7.3 5 NA 5 25 54.7 23.1 5
19820507 5 5 5 16.9 5 5.6 5 5 5 5 5 5 5 5 7.6 7.1 5 NA 5 22.3 48.8 21 5
19820508 5 5 5 16.6 5 5.5 5 5 5 5 5 5 5 5 7.2 6.5 5 NA 5 18.3 38.5 18.3 5
19820509 5 5 5 16.1 5 5.4 5 5 5 5 5 5 5 5 6.8 6.3 5 NA 5 15.7 31.5 15.8 5
19820510 5 5 5 15.8 5 5.2 5 5 5 5 5 5 5 5 6.3 5.8 5 NA 5 11.7 21.2 13 5
19820511 5 5 5 15.8 5 5.1 5 5 5 5 5 5 5 5 6 5.5 5 NA 5 9 15.3 11 5
19820512 5 5 5 15.5 5 5 5 5 5 5 5 5 5 5 5.6 5 5 NA 5 5 5 8.2 5
19820513 5 5 5 14.2 5 5 5 5 5 5 5 5 5 5 5.5 5 5 NA 5 5 5 7.6 5
19820514 5 5 5 12.6 5 5 5 5 5 5 5 5 5 5 5.4 5 5 NA 5 5 5 6.9 5
19820515 5 5 5 11.2 5 5 5 5 5 5 5 5 5 5 5.2 5 5 NA 5 5 5 6.3 5
19820516 5 5 5 9.7 5 5 5 5 5 5 5 5 5 5 5.1 5 5 NA 5 5 5 5.6 5
19820517 5 5 5 8.3 5 5 5 5 5 5 5 5 5 5 5 5 5 NA 5 5 5 5 5
19821221 5 5 5 5 5 5 5 5 5 5 5 5 5 5 7.9 5 5 NA 5 5 5 5 5
19821222 5 5 5 5 5 5 5 5 5 5 5 5 5 5 8.1 5 5 NA 5 5 5 5 5
19821223 5 5 5 5 5 5 5 5 5 5 5 5 5 5 8.4 5 5 NA 5 5 5 5 5
19821224 5 5 5 5 5 5 5 5 5 5 5 5 5 5 8.5 5 5 NA 5 5 5 5 5
19821225 5 5 5 5 5 5 5 5 5 5 5 5 5 5 8.8 5 5 NA 5 5 5 5 5
19821226 5 5 5 5 5 5 5 5 5 5 5 5 5 5 8.9 5 5 NA 5 5 5 5 5
19821227 5 5 5 5 5 5 5 5 5 5 5 5 5 5 9.1 5 5 NA 5 5 5 5 5
19821228 6.1 5.2 5 5 5 5 5 5 5 5 5 5 5 5.2 9.4 5.6 9.1 NA 5.5 9.3 5.7 5 5
19821229 8.4 5.5 5 5 5 5 5 5 5 5 5 5 5 5.6 9.8 6.9 14.5 NA 6.6 17.8 7.1 5 5
19821230 10.6 5.5 5 5 5 5 5 5 5 5 5 5 5 5.6 10.1 8 16 NA 6.6 17.8 7.1 5 5
19821231 12.9 5.9 5 5 5 5 5 5 5 5 5 5 5 6 10.6 9.3 21.3 NA 7.6 26.3 8.5 5 5
19830101 12.9 5.9 5 5 5 5 5 5 5 5 5 5 5 6.1 10.6 9.3 22.8 NA 7.6 26.3 8.5 5.1 5
19830102 15.2 6.2 5 5 5 5 5 5 5 5.1 5 5 5 6.5 11.1 10.5 28.2 NA 8.6 34.8 9.9 5.1 5
19830103 17.4 6.2 5 5 5 5 5 5 5 5.1 5 5 5 6.5 11.4 11.7 29.6 NA 8.6 34.8 9.9 5.1 5
19830104 15.2 6.2 5 5 5 5 5 5 5 5.1 5 5 5 6.5 10.9 10.6 28.2 NA 9 38.7 18.9 5.1 5
19830105 15.2 5.9 5 5 5.1 5 5 5 5 5.1 5 5 5 6.1 10.6 10.4 22.8 NA 7.9 34.2 23.9 5.1 5
19830106 12.9 5.9 5 5 5.1 5 5 5 5 5 5 5 5 6 10 9.3 21.3 NA 8.6 38.1 30.3 5.2 5
19830107 10.6 5.5 5 5 5.1 5 5 5 5 5 5 5 5 5.6 9.4 8 16 NA 7.6 37.5 36.7 5.2 5
19830108 10.6 5.5 5 5 5.2 5 5 5 5 5 5 5 5 5.6 9.3 8 14.5 NA 8.2 37.5 41.8 5.2 5
19830109 8.4 5.2 5 5 5.2 5 5 5 5 5 5 5 5 5.2 8.7 6.8 9.1 NA 7.2 36.8 48.2 5.3 5
19830110 6.1 5.2 5 5 5.2 5 5 5 5 5 5 5 5 5.2 8.2 5.7 7.7 NA 7.9 36.9 53.2 5.3 5
19830111 5 5 5 5 5.3 5 5 5 5 5 5 5 5 5 7.8 5.1 5 NA 7.4 38.5 59.6 5.3 5
19830112 19.9 17.5 5.6 8.1 5.9 5.4 5.9 5 5 5.4 13.2 5 5 5 9.2 5.3 16.5 NA 17.4 47.6 60.6 14.3 5
19830113 29.9 25.9 5.8 8.1 7.9 6.3 7.7 5 5 5.7 20.1 5 5 5 10.1 5.9 24.2 NA 27.3 54.9 63 23 5
19830114 42.6 34.2 6.5 14.3 8.8 6.4 9.3 5 5 5.9 25.9 5 5 5 11.1 5.9 31.9 NA 42 64.7 63.3 28.9 5
19830115 59.7 48.6 6.9 14.3 9.2 7.1 11.1 5 5 6.2 31.6 5 5 5.1 12.9 6.4 39.6 NA 51.8 73.8 61.8 38.1 5
19830116 69.6 59.2 7.1 14.3 12.8 8.2 12.9 5 5 6.5 39.6 5 5 5.1 13.8 7 55 NA 61.2 79.9 64.3 45.2 5
19830117 82.4 67.6 7.8 20.5 13.7 8.3 14.5 5 5 6.7 45.5 5 5 5.1 14.8 7 62.7 NA 76.4 90.9 65.6 53.7 5
19830118 95.9 78.9 8.2 20.5 14.1 9 16.3 5 5 7 51.2 5 5 5.1 16.1 7.5 70.4 NA 85.8 98.1 65.9 59.6 5
19830119 95.8 78.6 8.1 20.5 14.5 9.9 16.3 5 5 6.8 50.3 5.5 7.2 7.1 16.4 8.7 73.8 NA 81.4 98.1 68.1 59.2 5.2
19830120 95 77.4 7.6 14.3 14.4 11.2 16.3 5 5 6.5 47.4 6.6 10.8 9.8 17.5 10.9 78.2 NA 79.8 98.1 70.7 56.2 5.7
19830121 94.9 77.2 7.5 14.3 11.6 11.6 16 5 5 6.3 46.3 7.7 14.8 10.7 17.3 11.1 80.8 NA 75.5 98.1 72.9 55.4 6.2
19830122 97.6 77.8 7.4 14.3 11.9 12.9 16.7 5 5 6.1 43.5 8.8 18.4 13.9 18.3 13.3 86.9 NA 76.8 99.2 75.1 53.6 6.7
19830123 95.9 75.6 6.8 8.1 11.8 13.5 16.4 5 5 5.8 42.3 9.8 22 16.6 19.4 14.9 89.2 NA 75.2 99.2 78 53.3 7.2
19830124 95.7 75.4 6.7 8.1 10.5 14.6 16.4 5 5 5.6 39.5 10.9 26 17.4 19.1 15.6 93.9 NA 68.2 99.2 79.1 50.2 7.7
19830125 95.7 75 6.4 5 10.8 15.2 16.5 5 5 5.2 38 12 29.6 20.4 20.1 17.3 97.2 NA 67.3 99.2 82.7 48.1 8.2
19830126 95.4 70.1 6.5 5.5 12.4 15.1 15.9 5 5 6.3 44.7 12.5 31.7 25.4 21.1 16.7 91.1 NA 68.2 99.2 76.9 50.5 8.1
19830127 95.5 66.5 6.4 5.6 13.5 14.9 14.9 5 5 8.4 49.6 12.4 33.6 24.8 20.6 15.8 82.3 NA 76.4 99.2 72.3 51.9 7.9
19830128 96.2 63.7 6.5 6.4 14.6 14.6 14.3 5 5 8.4 53.9 12.4 34.9 33.3 22 15.8 77.2 NA 78.1 99.2 67.3 52.7 7.8
19830129 93.1 57.7 6.5 6.5 15.5 15.3 13.8 5 5 10.4 64.2 13.3 38.9 34.9 22.6 14.4 68.4 NA 79.8 99.7 58.6 54.4 7.7
19830130 92.8 54 6.4 6.6 17.7 15.2 13.3 5 5 12.5 69.1 13.3 40.7 35.3 23.3 13.8 60.1 NA 83.6 99.7 54.1 57.1 7.6
19830131 93.3 50.8 6.6 7.4 18.8 15 12.2 5 5 12.5 73.4 13.2 42.1 42.9 23.5 13.1 54.3 NA 84.4 99.7 48.2 58.5 7.4
19830201 93 45.3 6.4 7.5 19.9 14.6 11.3 5 5 14.6 80.5 14.2 43.8 43.7 24.1 12.4 46.7 NA 89.8 99.7 43.2 60 7.4
19830202 93.8 49.7 6.4 7.6 20 14.6 11.4 5 5 14.7 79.8 14.9 43.8 43.3 24.5 12.8 49.2 NA 87.3 99.7 50 59.6 7.4
19830203 93.6 50.4 6.4 7.6 20 14.4 11.7 5 5 14.9 79.1 15.4 43.6 43.1 24.8 12.6 49.3 NA 83.5 99.7 56.1 59.2 7.4
19830204 94.4 53.2 6.4 7.7 19.6 14.2 12.3 5 5 14.9 79 15.9 43.5 42.9 25.2 13.3 54.2 NA 83.1 99.7 65.1 58.4 7.4
19830205 95 56 6.2 7.4 19.4 14 12.6 5 5 14.9 78.5 15.8 43.5 34.9 24.3 13.1 54.3 NA 80.1 100 72.6 57.9 7.5
19830206 95.2 54.5 6.1 7.4 19.8 14 12.8 5 5 15.2 75.4 16.8 43 34.6 24.9 12.9 54.3 NA 76.8 100 78.7 57.7 7.5
19830207 95.6 57.4 6.1 7.5 19.7 13.9 13.2 5 5 15.1 77.2 17.2 42.9 34.4 25.2 13.3 54.3 NA 74 100 86.3 57.3 7.5
19830208 96.1 60.2 6.1 7.6 19.5 13.7 13.6 5 5 15.3 75.6 17.7 42.7 34.1 25.4 13.3 59.3 NA 71.9 100 95.5 56.7 7.4
19830209 96.1 64.1 10.5 10.6 20.4 14.3 12.8 5 5 15.4 79 17.7 41.4 34.3 24.9 13.2 69.3 NA 69.4 100 87.2 55.2 7.3
19830210 96.1 76.8 16.5 13.4 20.4 13.6 11.8 5 5 15.5 80.3 16.8 43.1 34.8 24.9 13.2 69.6 NA 68.8 100 81.6 53 7.2
19830211 97.3 79.4 19.4 15.6 21.7 14 10.9 5 5 15.7 85.5 16.4 40.6 41.5 22.5 12.5 79.6 NA 65.9 100 70.7 51.6 6.8
19830212 97.3 84.7 25.2 19.7 21.8 14.2 9.8 5 5 15.5 88.7 15.5 39.2 41.7 22.4 12.3 79.9 NA 66.1 100 64.6 48.5 6.7
19830213 97.3 91 28.2 21.8 23.1 13.6 9 5 5 14.8 89.6 15 39.4 41.8 21.6 11.8 89.9 NA 62.5 100 53.6 46.5 6.5
19830214 97.3 95 32.6 24.3 23.3 13.9 8.2 5 5 15.2 92.7 14.3 37.5 41.8 20.3 11.4 95 NA 61.1 100 45.3 44.6 6.2
19830215 97.3 93.9 31.5 22.1 22.9 12.6 8.1 5 5 14.5 91.7 14.3 36.2 43.2 20.7 11.3 92.8 NA 63 99.8 46.2 46 6.3
19830216 97.3 87.9 28.9 20.1 22.2 12.7 8.3 5 5 13.8 90.6 14.3 34.7 39.6 21.2 11.4 85.7 NA 65.9 99.7 49.2 47.7 6.3
19830217 97.3 85.8 26.7 19.3 21.8 11.4 8.4 5 5 13.1 89.5 14.3 33.1 40.9 21.2 11.4 81.2 NA 70.3 99.7 51.5 48 6.4
19830218 97.3 84 24.5 16.9 21.2 10.2 8.4 5 5 12.4 88.4 14.3 30.4 42.2 21.8 11.3 76.8 NA 73.3 99.5 50.6 49 6.2
19830219 96.5 81.9 22.3 14.7 20.8 9 8.4 5 5 11.7 85.7 13.9 29 39.5 22.4 11.6 72.5 NA 77.1 99.3 53.5 49.8 6.3
19830220 96.6 79.8 20.1 12.5 20.1 9 8.6 5 5 11 84.5 13.8 27.5 37.3 22.3 11.8 68 NA 80.8 99.1 56.4 51.4 6.4
19830221 96.5 69.8 17 10.1 19.7 7.8 8.6 5 5 10.3 83.5 13.8 26 38.6 23 11.7 58.3 NA 83.7 99.1 58.7 51.7 6.4
19830222 96.6 67.9 14.8 7.9 19 6.5 8.7 5 5 9.6 82.3 13.8 23.1 38.6 22.8 11.4 54 NA 87.4 99 57.8 53 6.3
19830223 96.6 64.9 11.5 6.1 19 5.9 8.9 5 5 9.4 81.5 13.7 20.8 38.2 23.4 11.6 47.3 NA 90.3 98.8 60.7 54.6 6.3
19830224 93.9 57.1 10.6 6 17.1 5.9 8.4 5 5 8.9 74 12.7 18.6 35.5 23.5 10.6 45.3 NA 82.6 98.8 56.2 53.9 6.1
19830225 88.8 49 9.8 6 15 5.7 7.6 5 5 8.2 66.5 10.6 16.8 31 23.3 9.7 41.8 NA 72.4 98.8 51.4 50 5.9
19830226 86.1 41.5 8 5.4 13.1 5.7 7.1 5 5 8 66.3 9.6 14.7 26.1 23.4 8.2 38.5 NA 67.1 98.8 47.1 48.8 5.7
19830227 82.2 33.7 7.2 5.4 10.2 5.5 6.3 5 5 7.3 58.8 7.6 12.9 21.3 22.8 7.2 32.4 NA 54.6 98.9 42.5 45.4 5.5
19830228 78.4 25.7 6.3 5.3 8.3 5.5 5.9 5 5 6.8 51.3 6.5 10.7 18.3 22.4 6.3 29.1 NA 49.2 98.8 37.7 44.2 5.3
19830301 75.1 15.9 5 5 6.4 5.4 5.2 5 5 6.3 43.8 5 8.1 13.7 22.6 5.1 25.7 NA 37.8 98.8 33 41.2 5
19830302 73.6 15.9 5 5 6.4 5.3 5.2 5 5 6.2 43.7 5 8.1 13.8 21.3 5.2 23.3 NA 34.1 97.9 32.9 40.6 5
19830303 71.7 11.6 5 5 6.4 5.3 5.2 5 5 6 43.1 5 8 13.8 20.8 5.4 20.9 NA 31.3 96 32.6 39.4 5
19830304 70.2 11.6 5 5 6.4 5.2 5.2 5 5 5.9 43.4 5 8 14.1 19.8 5.6 18.5 NA 27.5 95 31.9 38.6 5
19830305 68.7 11.5 5 5 6.4 5.2 5.2 5 5 5.7 42.4 5 8 14.3 18.3 5.8 13.4 NA 23.9 94 28.6 37.8 5
19830306 66.9 7.2 5 5 6.4 5.1 5.2 5 5 5.6 42.7 5 8 14.3 17.7 5.8 10.9 NA 21.1 92.1 28.5 37 5
19830307 65.3 7.2 5 5 6.5 5.1 5.2 5 5 5.4 41.8 5 8 14.4 16.7 6 8.5 NA 17.3 91.1 28.2 35.6 5
19830308 64.3 5 5 5 6.5 5 5.2 5 5 5.2 40.1 5 8 14.3 15.6 6.2 5 NA 16.1 89.7 27.8 34.5 5
19830309 64 5 5 5 6.5 5 5.2 5 5 5.2 38.2 5 7.7 12.8 14.8 6 5 NA 14.3 91.1 25.7 33.1 5
19830310 63.3 5 5 5 6.5 5 5.1 5 5 5.2 38.4 5 7 11.7 14.2 5.8 5 NA 13 92 22.3 32.2 5
19830311 63 5 5 5 6.5 5 5.1 5 5 5.1 36.3 5 6.7 10.7 13.7 5.7 5 NA 11.8 93.4 21.1 31.3 5
19830312 62.7 5 5 5 6.4 5 5.1 5 5 5.1 34.1 5 6.4 8.6 12.6 5.5 5 NA 9.3 94.2 19 29.5 5
19830313 62 5 5 5 6.4 5 5 5 5 5.1 34.3 5 5.8 7.6 11.9 5.3 5 NA 8.1 95.1 15.6 28.6 5
19830314 61.7 5 5 5 6.4 5 5 5 5 5 32.3 5 5.5 6.6 11.4 5.1 5 NA 6.9 96.5 13.5 27.6 5
19830315 61.2 5 5 5 6.4 5 5 5 5 5 32.5 5 5 5 10.6 5 5 NA 5 97.7 11.2 26.3 5
19830316 57.4 5 5 5 6.1 5 5 5 5 5 27.9 5 5 6.1 10.9 5.4 6.1 NA 5.8 97.9 15.8 26.8 5
19830317 53.6 5 5 5 6 5 5 5 5 5 24.9 5 5 8.2 11.8 6.1 6.9 NA 6.4 97.4 25 27.6 5
19830318 45.9 5 5 5 5.8 5 5 5 5 5 21.8 5 5 8.2 11.4 6.7 7.6 NA 6.9 97.5 34.3 28.6 5
19830319 42.1 5 5 5 5.7 5 5 5 5 5 18.8 5 5 10.3 12.3 6.8 8.3 NA 7.5 97.9 34.1 29.6 5
19830320 38.3 5 5 5 5.5 5 5 5 5 5 15.7 5 5 10.3 12.1 7.5 9.1 NA 8 98.1 43.4 30.4 5
19830321 34.5 5 5 5 5.4 5 5 5 5 5 12.6 5 5 12.5 12.9 8.2 9.8 NA 9.1 98.4 52.6 31.2 5
19830322 30.7 5 5 5 5.2 5 5 5 5 5 9.6 5 5 12.5 12.8 8.2 10.6 NA 9.7 97.2 52.7 31.9 5
19830323 25 5 5 5 5 5 5 5 5 5 5 5 5 14.6 13.5 8.9 11.3 NA 10.2 97.3 61.7 32.9 5
19830324 24.7 5 5 5 5 5 5 5 5 5 5 5 5 12.8 13.3 8.2 10.6 NA 9.7 96.9 54.7 31.9 5
19830325 23.2 5 5 5 5 5.1 5 5 5 5 5 5 5 13.3 14.4 7.6 9.8 NA 8.6 97.3 49.3 30.8 5
19830326 23.1 5 5 5 5 5.1 5 5 5 5 5 5 5 11.5 14.5 7.5 8.3 NA 8 96.9 49.5 29.6 5
19830327 22.6 5 5 5 5 5.1 5 5 5 5 5 5 5 9.8 14.6 6.8 7.6 NA 7.5 96.4 44.2 28.5 5
19830328 21.1 5 5 5 5 5.2 5 5 5 5 5 5 5 9.9 15.2 6.2 6.9 NA 6.4 96.4 37.1 27.3 5
19830329 21 5 5 5 5 5.2 5 5 5 5 5 5 5 8.5 15.9 5.5 6.1 NA 5.8 95.9 31.9 26.2 5
19830330 20 5 5 5 5 5.2 5 5 5 5 5 5 5 7.7 16.2 5.1 5 NA 5 95.7 28.3 24.4 5
19830331 17.2 5 5 5 5 5.2 5 5 5 5 5 5 5 7.3 15.1 5.1 5 NA 5 90.7 25 23.5 5
19830401 15.8 5 5 5 5 5.2 5 5 5 5 5 5 5 6.9 14 5.1 5 NA 5 88.3 20.3 23 5
19830402 13 5 5 5 5 5.1 5 5 5 5 5 5 5 6.5 12.9 5.1 5 NA 5 83.2 17 21.7 5
19830403 11.7 5 5 5 5 5.1 5 5 5 5 5 5 5 6 11.8 5.1 5 NA 5 80.9 12.3 21.2 5
19830404 8.8 5 5 5 5 5 5 5 5 5 5 5 5 5.6 10.7 5.1 5 NA 5 75.7 9 20.2 5
19830405 6.8 5 5 5 5 5 5 5 5 5 5 5 5 5 9 5.1 5 NA 5 72 5 19.4 5
19830406 7.7 5 5 5 5 5 5 5 5 5 5 5 5 5 8.9 5.1 5 NA 5 65.4 5 18 5
19830407 8.3 5 5 5 5 5 5 5 5 5 5 5 5 5 8.7 5.1 5 NA 5 52.2 5 15.2 5
19830408 8.9 5 5 5 5 5 5 5 5 5 5 5 5 5 8.5 5.1 5 NA 5 45.6 5 13.8 5
19830409 10.1 5 5 5 5 5 5 5 5 5 5 5 5 5 8.4 5.1 5 NA 5 39 5 12.5 5
19830410 10.7 5 5 5 5 5 5 5 5 5 5 5 5 5 8.2 5.1 5 NA 5 25.8 5 9.7 5
19830411 11.3 5 5 5 5 5 5 5 5 5 5 5 5 5 8.1 5.1 5 NA 5 19.2 5 8.3 5
19830412 12.3 5 5 5 5 5 5 5 5 5 5 5 5 5 7.9 5.1 5 NA 5 9.3 5 6.2 5
19830413 11.8 5 5 5 5 5 5 5 5 5 5 5 5 5 7.9 5.1 5 NA 5 9.3 5 6.2 5
19830414 11.2 5 5 5 5 5 5 5 5 5 5 5 5 5 7.9 5.1 5 NA 5 9.3 5 6.1 5
19830415 10.6 5 5 5 5 5 5 5 5 5 5 5 5 5 7.9 5.1 5 NA 5 9.5 5 6.1 5
19830416 9.8 5 5 5 5 5 5 5 5 5 5 5 5 5 7.9 5.1 5 NA 5 9.5 5 6.1 5
19830417 9.2 5 5 5 5 5 5 5 5 5 5 5 5 5 7.9 5.1 5 NA 5 9.5 5 6 5
19830418 8.6 5 5 5 5 5 5 5 5 5 5 5 5 5 7.9 5.1 5 NA 5 9.6 5 6 5
19830419 7.9 5 5 5 5 5 5 5 5 5 5 5 5 5 7.9 5.1 5 NA 5 9.7 5 5.9 5
19830420 7.7 5 5 5 5 5 5 5 5 5 5 5 5 5 7.9 5.1 5 NA 5 9.2 5 5.8 5
19830421 6.9 5 5 5 5 5 5 5 5 5 5 5 5 5 7.8 5.1 5 NA 5 8.2 5 5.6 5
19830422 6.7 5 5 5 5 5 5 5 5 5 5 5 5 5 7.7 5.1 5 NA 5 7.7 5 5.5 5
19830423 6.5 5 5 5 5 5 5 5 5 5 5 5 5 5 7.7 5.1 5 NA 5 7.2 5 5.4 5
19830424 5.7 5 5 5 5 5 5 5 5 5 5 5 5 5 7.6 5.1 5 NA 5 6.2 5 5.2 5
19830425 5.5 5 5 5 5 5 5 5 5 5 5 5 5 5 7.6 5.1 5 NA 5 5.7 5 5.1 5
19830426 5 5 5 5 5 5 5 5 5 5 5 5 5 5 7.5 5.1 5 NA 5 5 5 5 5
19830427 5 5 5 5 5 5 5 5 5 5 5 5 5 5 7.4 5.1 5 NA 5 5 5 5 5
19830428 5 5 5 5 5 5 5 5 5 5 5 5 5 5 7.2 5.1 5 NA 5 5 5 5 5
19830429 5 5 5 5 5 5 5 5 5 5 5 5 5 5 7.1 5 5 NA 5 5 5 5 5
19830430 5 5 5 5 5 5 5 5 5 5 5 5 5 5 7 5 5 NA 5 5 5 5 5
19830501 5 5 5 5 5 5 5 5 5 5 5 5 5 5 6.9 5 5 NA 5 5 5 5 5
19830502 5 5 5 5 5 5 5 5 5 5 5 5 5 5 6.8 5 5 NA 5 5 5 5 5
19830503 5 5 5 5 5 5 5 5 5 5 5 5 5 5 6.6 5 5 NA 5 5 5 5 5
19831220 65.3 14 5 5 5.7 5 5 5 5 5.3 5.2 5 5 20.6 21.9 5.7 70.2 NA 45.2 91.8 9.9 31.8 5
19831221 71.6 22.9 5.3 7 6.1 5 5.2 5 5 5.3 7.8 5.1 5.2 21.2 22 6.6 75.6 NA 49.9 92.5 12.5 34.2 5
19831222 71.6 30.6 6 11 6.3 5 5.3 5 5 5.3 9.4 5.1 5.3 20.5 21.7 7.3 75.7 NA 53.1 93.1 17.9 36.1 5
19831223 77.8 38.5 6.6 15 6.6 5 5.4 5 5 5.2 11.1 5.2 5.5 20.9 21.8 7.8 81 NA 56.2 94.1 23 37.9 5.1
19831224 84.1 49.2 7.3 19 6.9 5 5.5 5 5 5.2 12.8 5.2 5.6 21.3 21.2 8.3 86.4 NA 59.6 93.6 28.2 41.2 5.1
19831225 88.1 56.1 7.3 19 7.4 5 5.7 5 5 5.2 16.1 5.3 5.7 20 21.5 9 86.4 NA 65.3 94 28.4 43 5.1
19831226 92.3 64 7.9 23.1 7.6 5 5.8 5 5 5.1 17.8 5.3 5.9 20.3 21.1 9.5 91.8 NA 68.4 95 33.7 44.9 5.1
19831227 95.4 71.5 8.6 27.1 7.9 5 5.9 5 5 5.1 19.4 5.4 6 20.5 20.9 10.1 94.5 NA 71.8 95.6 38.8 46.9 5.1
19831228 95.9 75.8 22.7 35.7 8 6.5 7.6 5 5 5.9 21.7 5.3 11.5 20.5 21.1 11.3 94.5 NA 71.8 95.7 46.1 51.5 5.1
19831229 96.3 78.1 32.1 41.6 8.1 6.5 8.7 5 5 8.4 24.3 5.3 15.2 20.5 21.3 12.9 94.5 NA 72 95.7 49 54.5 5.1
19831230 97 81.2 42.1 51.2 8.1 9.6 9.8 5 5 8.5 25.2 5.2 19 22.3 21.7 13.8 94.5 NA 71.4 95.8 54.6 57.6 5.1
19831231 98.2 88.8 60.3 59.7 8.5 9.6 12.1 5 5 10.1 29.7 5.2 26.2 22.3 22.4 15.7 94.5 NA 72.9 96.2 60.5 61.4 5.1
19840101 98.5 91.9 70.3 69.2 8.5 9.6 13.2 5 5 12 30.6 5.1 29.8 22.3 22.5 17.5 94.5 NA 73 96.3 66.1 64.4 5
19840102 99.2 94.2 79.7 75.3 8.6 12.6 14.4 5 5 13.6 33.2 5.1 33.6 23.2 22.8 18.2 94.5 NA 73.3 96.3 68.9 67.5 5
19840103 99.6 98.1 93.8 84 8.7 12.6 16.1 5 5 13.7 34.6 5 39 23.2 23 19.8 94.5 NA 72.8 96.3 74.4 70.8 5
19840104 99.6 98.1 93 78.9 8.5 12.7 14.4 5 5 13.9 36.8 5 39.5 20.8 21.1 17.6 94.6 NA 73.7 96.3 76.9 69.2 5
19840105 99.6 97.9 92.9 79.8 8.3 9.6 13.2 5 5 12.6 36.9 5 39.7 19.1 19.9 16.6 94.6 NA 74.2 96.3 79.6 67.4 5
19840106 99.6 97.9 92.4 76.3 8.1 9.7 12 5 5 11.3 38.8 5 40 17.4 18.6 14.4 94.8 NA 74.1 96.3 84.2 66 5
19840107 100 96.7 91.2 73 7.9 9.7 9.7 5 5 10.1 38.8 5 40.9 14.2 16.2 11.7 99.7 NA 74.6 99.6 86.8 65.1 5
19840108 100 96.7 91.2 73.5 7.7 6.7 8.6 5 5 10.5 41.5 5 41.2 12.5 15 10.8 99.9 NA 75.9 99.6 89.3 63.3 5
19840109 100 96.5 90.6 70.4 7.6 6.7 7.5 5 5 8.3 41.7 5 41.4 10.9 13.7 8.8 99.9 NA 76.4 99.6 92 61.7 5
19840110 100 96.5 90.4 68.9 7.3 5.2 5.7 5 5 7.9 42.6 5 41.8 8.4 11.9 7 100 NA 76.6 99.6 95.6 59 5
19840111 100 96.5 90.9 72.4 11.9 8.7 15.8 5.1 6.1 10.1 49.6 9.6 48.6 21.2 17.5 9.4 100 NA 79.8 99.6 95.6 61.2 9.9
19840112 100 96.9 91.4 75.9 14.9 11 22.5 5.2 6.8 12 55 12.6 53.1 29.8 21.3 12.5 100 NA 82.3 99.6 94.5 62.6 13.2
19840113 100 96.9 91.9 79.5 18 13.3 29.2 5.2 7.6 13.5 60.7 15.7 57.7 38.3 25 15.6 100 NA 84.4 99.6 94.5 64.1 16.5
19840114 100 98.1 93.2 83.1 21 15.6 36 5.3 8.3 14.9 65.5 18.7 62.6 46.9 28.9 18.8 100 NA 87.7 100 97.8 66.3 19.8
19840115 99.8 98.1 93.7 86.7 24.1 17.9 42.7 5.3 9 16.8 70.3 21.8 67.1 55.4 32.6 21.6 100 NA 89.9 100 97.8 67.7 23.1
19840116 99.8 98.5 94.2 90.2 27.2 20.2 49.7 5.4 9.7 18.2 77.4 24.8 71.6 64.7 36.6 23.5 100 NA 92.4 100 95.6 69.2 26.4
19840117 99.8 98.5 94.7 93.7 30.3 22.5 56.4 5.5 10.5 19.7 82.7 27.8 76.2 73.2 40.3 26.6 100 NA 94.5 100 95.6 70.7 29.6
19840118 99.8 98.5 95 95.5 34.8 26 66.4 5.5 11.6 22.1 88.8 31 82.9 85.7 45.9 30 100 NA 97.7 100 95.6 72.8 34
19840119 99.8 95.7 92.7 93.5 32.9 24.5 62.3 6.9 11.2 19.5 86.1 27.8 77.3 78.4 41.4 27.9 100 NA 89.4 100 95.6 70.5 29.8
19840120 99.8 93.9 91.2 92.1 32 23.5 58.2 8.8 11.5 17.8 84.5 21.9 73.5 73.6 37.9 27.1 100 NA 84.1 100 97.8 68.9 25.5
19840121 100 90.3 88.2 89.4 29.3 21.6 54.2 9.6 10.6 14.3 81.8 18.7 67.6 64.7 32.4 24.5 100 NA 73.6 100 97.8 65.9 20.4
19840122 100 88.4 86.7 88.1 28.3 20.6 50.8 11.5 10.8 12.6 80.3 12.8 63.8 59.8 29.7 23.2 100 NA 68.3 100 97.8 64.2 16.1
19840123 100 84.8 83.7 85.4 25.6 18.7 46.9 12.4 9.9 9 76.4 9.6 56.4 50.9 24.2 20.9 100 NA 57.7 100 98.7 61.1 10.9
19840124 100 82 81.4 83.4 23.7 17.3 41.8 14.2 9.8 6.4 73.9 5 50.8 44 19.7 18.4 100 NA 49.8 100 98.9 58.8 6.1
19840125 99.6 82.9 83.7 85.4 28 23.5 43.4 14.5 10.1 6.8 74.1 5.6 54.1 45.8 22.1 21.4 100 NA 56.1 100 98.9 64 7
19840126 99.2 83.9 84.7 86.7 31.7 27.8 46.5 14.7 10.3 7.5 74.2 5.6 56.3 47.2 23.8 23.8 100 NA 60.3 100 98.9 67.5 7.5
19840127 99.2 85.7 86.2 88.1 35.3 32 48.1 14.9 10.5 8.2 73.8 6.8 57.6 47.9 25.3 25.9 100 NA 64.5 100 98.9 71.1 8.2
19840128 98.4 87.3 87.7 89.4 38.7 36.3 52.1 15.1 10.6 8.2 73.7 6.8 59.8 49.4 27.4 27.7 100 NA 69.3 100 99.6 74.7 8.7
19840129 98.4 89.1 89.2 90.8 42.2 40.5 53 15.3 10.8 8.9 73.8 7.9 62 50.7 28.7 29.6 100 NA 73.5 100 99.3 77.9 9.4
19840130 97.6 89.8 89.7 92.6 44.9 44.7 53.5 15.6 11.2 9.6 74.3 7.9 64.6 52.2 30.4 32.3 100 NA 78 100 99.3 81.5 10.1
19840131 97.6 91.1 91.2 93.9 48.3 48.9 56.9 15.8 11.4 9.7 74.2 9.1 65.9 53.6 32.2 33.9 100 NA 82.2 100 99.3 85 10.8
19840201 96.7 92.9 93.4 95.7 53.2 55.2 58.1 16 11.6 10.3 74.1 9.1 68.1 55 34 36.7 100 NA 88.3 100 99.3 90 11.3
19840202 96.9 92.9 93.3 95.7 56.9 56.3 60.6 21.2 12.4 14.4 77.3 9.4 71.5 56.3 41.2 42.1 100 NA 89.3 100 99.3 90.4 12.6
19840203 96.9 93.3 93.3 95.7 58.6 55.4 63.5 25.1 13.5 17.7 79.7 10.1 74.8 57.1 46.3 45.6 100 NA 89 100 99.3 89.5 14
19840204 97.1 94.4 93.7 95.7 61 56.5 65.9 28.1 13.6 20.2 82.4 10.1 77.8 58 51.6 49.6 100 NA 90.9 100 99.3 89.6 15.2
19840205 96.4 92.4 93.1 95.7 64.6 57.5 67.9 35.2 15 25.1 84.8 10.7 83.9 56.7 59.6 54 100 NA 92 100 100 89.9 17.2
19840206 96.6 92.6 93.1 95.7 65.2 54.8 70.1 39.1 16.1 28.3 86.9 10.7 86.9 59.5 66.3 58.8 100 NA 90.2 100 100 87.5 18.6
19840207 96.7 93.1 93.2 95.7 67.7 55.9 72.6 42.2 16.2 30.9 90.2 11.4 90.2 60.3 71.8 62.3 100 NA 91.3 100 100 87.5 20
19840208 96.7 93.4 93.2 95.7 70 56.5 75.4 47.7 17.5 35.4 92.8 11.4 94.1 60.6 78.3 66.3 100 NA 92.8 100 100 88.2 21.4
19840209 95.9 88.9 89.5 95.7 67 51.7 71.4 42.3 15.3 31.5 89.8 11.4 91 55.5 72.3 62.2 99 NA 88.9 100 100 86 19.5
19840210 95.3 84.2 86.9 95.7 63.8 48.4 68.6 39.8 14.2 30.3 89 9.5 86.9 50.3 66.2 57.8 97.1 NA 84.3 100 98 83.7 17.4
19840211 94.4 80.4 84.3 95.7 61.1 44.3 64.6 35 12.1 26.2 86.1 9.5 84.4 41.4 58.3 52.5 96.2 NA 80.9 100 98 80.5 15.6
19840212 93.6 75.4 79.5 95.7 56.8 39 58.7 29 9.9 22.5 83.2 7.7 81.4 35.9 51.3 47.3 95.2 NA 75.6 100 98 78.3 12.9
19840213 93 70.8 76.9 95.7 54.1 34.8 56.8 26.8 8.8 21.3 83.2 7.7 75.3 30.7 44.4 42.5 94.3 NA 71.9 100 98 76.7 11
19840214 92.1 66.8 74.3 95.7 50.4 31 51.4 21.4 6.7 17.2 78.5 5.9 72.2 25.8 38.5 38.5 92.4 NA 67.5 100 96 72.8 9.1
19840215 91.4 63 70.9 95.7 46.6 25.8 48.5 17.5 5 14.8 77.9 5 70.1 18.5 31 32.7 91.4 NA 62.5 100 96 70.5 7.1
19840216 90.5 61.5 66.9 89.5 46.3 25.5 41.5 15.6 5 13.6 74.8 5 65.5 16.7 29.7 32.7 90.2 NA 61 100 96 67.8 6.9
19840217 90 58.3 64.4 84.6 45.2 24.9 36.4 13.7 5 12.4 71.5 5 60.5 15.5 25.8 30.1 87.7 NA 60 100 96.6 66.2 6.6
19840218 90.8 56.8 61.7 80.3 44.5 24.4 29.5 11.7 5 11.1 68.3 5 56.9 14.3 25.3 30.1 86.4 NA 58.5 100 96.6 65.5 6.4
19840219 88.9 53 56.4 71.8 45.1 22.9 22.3 9.8 5 9.9 66.7 5 51.9 11.9 23.8 29.8 84.7 NA 57 100 93.6 63.7 6.1
19840220 89.8 49.8 54 66.9 45 22.2 17.2 7.9 5 8.8 63.6 5 46.9 10.7 19.8 26.6 82.2 NA 55.9 100 93.6 60.6 5.9
19840221 87.9 48.2 51.2 62.6 43.9 22.2 10.2 6 5 7.5 60 5 42.8 9.5 18.5 26.6 80.9 NA 54.4 100 94.1 59.3 5.7
19840222 88.8 45.9 47.4 56.1 42.8 22.3 6.3 5 5 7 58.2 5 35.9 7.7 16.3 25.6 79.1 NA 53.1 100 94.1 57.6 5.3
19840223 88.7 52.5 52.8 59 39.9 21.4 8.7 5 5 8.1 59.4 6 36 14.6 20.6 25.5 79.3 NA 52.3 100 92.2 57.2 5.6
19840224 89.3 56.9 56.1 61.9 38.7 20.2 11 5 5 8.7 58.7 6.6 36 16.6 23 24.8 74.5 NA 50.6 100 90.9 55.4 5.7
19840225 89.3 61.3 59.7 63.7 35 19.1 14.3 5 5 9.5 59.3 7.3 36.2 26.2 28 24.5 74.2 NA 49.7 100 89 55.9 5.9
19840226 89.9 67.9 63.6 66.4 32.4 19.1 16.7 5 5 10.3 58.5 8 36.2 28.2 30.8 24.7 73.9 NA 48.8 100 88.9 55.1 6
19840227 89.9 73 69.6 71.1 29.5 18.1 18 5 5 10.9 58.9 9.3 36.3 30.3 32.6 23.9 73.3 NA 47.1 100 87.7 54.4 6.4
19840228 90.1 77.4 72.9 73 28.3 17.1 21.4 5 5 11.7 58.4 9.9 36.4 39.8 37.6 23.9 69.8 NA 46.2 100 85 54.9 6.5
19840229 90.4 83.6 77.2 75.5 24.8 15.9 23.6 5 5 12.3 58.4 10.6 36.5 41.9 40.1 23.1 68.9 NA 44.9 100 83.8 52.8 6.7
19840301 89.9 83.4 78.9 76.4 33.4 24.6 32.9 5 5 16.6 60.4 9.9 38.5 49.2 49 33.3 67.1 NA 53.6 99.7 85 58.1 6.6
19840302 91.9 83.1 80.2 78.5 38.6 29 37.9 5 5 19.5 61.3 9.3 42.1 56.6 55 40.3 65.1 NA 59.4 99.4 86.8 63.2 6.6
19840303 91.4 82.5 81.1 79.6 46.3 33.9 44.3 5 5 22.8 62 8 42.3 66.2 64 47.7 60.5 NA 65.3 99.4 90.5 68.1 6.2
19840304 90.9 79.6 82.6 80.4 54.7 39.4 51.5 5 5 25.9 63.2 7.3 45.8 72 73.6 56.6 58.5 NA 76.7 98.9 91.8 73.8 6.3
19840305 92.9 79.6 84.4 81.5 60 46.8 58.4 5 5 28.8 63.5 6.6 49.3 79.3 80.8 66.4 57 NA 82.5 98.8 93.4 78.9 6.3
19840306 92.4 79.3 85.6 83.6 66.8 52.5 63.6 5 5 31.9 64.9 6 49.5 87.8 87.7 73.5 55 NA 88.4 98.4 95.7 84 6.1
19840307 93.4 78.8 87 84.5 73.2 57.2 69.9 5 5 34.8 64.6 5 53.2 92.3 94.8 81.2 51.7 NA 97 98.3 97.8 88.6 6
19840308 94.2 80.2 87.3 83.8 72.2 57.5 70.8 5.9 5 33.2 68.2 5 60.6 92.6 94.2 79.2 58.4 NA 97 98.4 96.7 88.7 8.8
19840309 94.7 81.4 87.7 82.4 71.3 57.3 71.3 7.8 5 31.6 72 5 62.9 93 93.9 78 64.4 NA 97 98.8 94.5 88.9 10.5
19840310 95.4 82.1 87.7 81.8 71 57.2 73.5 9.7 5 31.3 75.8 5 69.2 93 93.7 77 69 NA 97 98.9 92.2 88.9 12.4
19840311 96 84.3 90.1 81.6 70.3 59.1 75 9.7 5 29.9 78 5 72.3 94 93.4 76.7 74.7 NA 97 99.4 92.7 90 14.1
19840312 96.5 85 88.3 78.5 69.2 58.9 75.3 11.6 5 28 80.8 5 78.3 94.2 93 73.5 79.2 NA 95 99.4 90.3 90 16
19840313 97.1 86.3 88.7 78.3 68.3 59 76 13.5 5 26.4 84.3 5 80.7 94.5 92.6 71.2 86.7 NA 95 99.7 88.2 90.4 17.7
19840314 97.6 87 88.9 76.9 67.3 58.8 77.4 13.5 5 25.5 88.1 5 86.9 94.8 92.3 71.4 91.2 NA 95 99.7 88 90.4 19.7
19840315 98.4 88 89.2 75.3 67 58.9 78 15.4 5 24.8 91.4 5 90.4 95 91.7 69.3 97.3 NA 95 100 85.7 90.3 21.5
19840316 92.1 81.4 85.4 73.9 59.3 52.9 68.5 13.5 5 22.4 83.6 5 83.8 95 91.1 68.7 88.3 NA 90.3 100 84.8 85.8 19.4
19840317 79.9 76.2 82.4 71.5 53.5 46.2 61.3 11.6 5 20.6 74.3 5 77.8 95 91 67.4 79.5 NA 87.1 100 85.5 82.6 17.5
19840318 73.7 67.7 76.9 66.9 48.7 34.8 53 11.6 5 18.4 68 5 67.9 95 89.8 65.8 72.8 NA 83.9 100 83 79.5 13.9
19840319 67.3 61.1 73.5 67.2 38.6 28.7 41 9.7 5 15.6 58.8 5 60.5 95 87.9 63.5 60.7 NA 77.6 100 82.9 73.7 11.7
19840320 55.1 55.8 70.4 64.8 33.5 22.3 33.9 7.8 5 13.8 49.4 5 54.5 95 86.7 61.4 52 NA 74.4 100 80.4 70.5 9.8
19840321 48.9 50.6 67.3 62.9 27.7 16 26.9 5.9 5 12 43.2 5 48.7 95 86.7 60.5 45.3 NA 71.3 100 82.6 67.4 7.9
19840322 39.6 42.1 62.1 59.8 20.3 7.1 16.6 5 5 9.4 33.8 5 40 95 85.3 58.7 35.3 NA 66.5 100 80.2 62.8 5
19840323 55.6 63.3 76.7 74.9 29.6 12.6 44.4 5 5 7.3 39 5 37.2 72.6 72.7 48.9 56 NA 74.8 100 88.1 71.7 5.2
19840324 74 79.9 88.9 88.2 37.4 17.9 69.4 5 5 5.1 45.2 5 34.4 52.7 57.8 34.3 78.7 NA 81.9 100 96 80.7 5.6
19840325 73.2 71.1 84.4 81.2 33.5 15.9 60.7 5 5 5.3 43.7 5 38 57.5 55.6 31.9 73.5 NA 78.6 99.7 93.1 78.7 5.7
19840326 73.1 68.2 82 75 31 14.8 55.5 5 5 5.6 42.4 5 44.4 59.9 52.6 28.9 65.5 NA 75.3 99 89.8 74.1 5.3
19840327 72.4 61.1 78.6 67.4 26.9 12.7 46 5 5 5.9 41 5 48.2 63.5 48.2 23.6 58.2 NA 69.4 98.6 85.8 71.5 5.3
19840328 71.9 54 74 59 23.3 10.8 36.9 5 5 6 39.6 5 54.3 68.1 46 20.8 48.9 NA 65 98 82.5 68.5 5.4
19840329 71.4 47.2 70.7 53.1 20 9.4 30.2 5 5 6.3 38.7 5 58.1 71.9 42.8 17.7 42.5 NA 62.3 97.6 79.5 65.8 5.2
19840330 71.2 48.3 64.4 53.5 20 8.7 28.8 5 5 6.2 39.1 5 53.1 71.2 42 17.8 36.6 NA 60.7 97.2 79.4 64.4 5.2
19840331 70 48.1 60.1 52.1 20 8.2 27.3 5 5 6.1 39.7 5 47.8 72.1 42.5 17.8 32.7 NA 58.1 96.4 78.4 62.8 5.2
19840401 69.9 49.6 54.7 52.2 20.1 7.7 24.3 5 5 5.8 40.6 5 42.1 71.9 41.7 17.9 27.3 NA 52.3 96 78.3 61.7 5.1
19840402 69.7 50.3 47.1 50.1 19.8 6.7 23.6 5 5 5.7 41.2 5 33.4 71.9 41.2 18 19.5 NA 52.1 95.5 77.8 58.7 5.1
19840403 69.5 50.8 40.2 47.3 19.8 6.2 22.2 5 5 5.7 42.2 5 28.4 73.5 41.2 18 15.5 NA 49.6 94.6 76.9 57 5.1
19840404 68.4 50.6 36.6 47.4 19.9 5.7 20.7 5 5 5.6 42.5 5 23.1 73.5 41.3 18.1 10.9 NA 47.2 94.2 76.8 56.1 5
19840405 68.2 51.6 29.2 46.2 19.9 5 18.5 5 5 5.4 43.5 5 17.7 73.4 40.7 18.1 5 NA 43.8 93.6 76.3 54.3 5
19840406 62.9 43.8 29 46.5 18 6.3 17.3 5 5 5.4 40.1 5 16.1 73.7 39.2 17.5 5 NA 40.2 86.7 72.4 48.8 5
19840407 56.6 33.4 26 41.6 15.8 7.8 15.5 5 5 5.4 35.6 5 12.4 71.6 35.9 16.3 5 NA 35.5 79.6 68.9 43 5
19840408 51.3 21.8 24.1 37.5 13.1 9.1 13.2 5 5 5.4 30.5 5 10.5 71.6 34 15.6 5 NA 29.9 71.4 64.7 37.3 5
19840409 44.6 18.6 22.8 37.4 13.1 8.3 12.4 5 5 5.3 28.6 5 9.3 65.5 31.5 16.1 5 NA 25 73.5 69.5 37.6 5
19840410 35.1 17 21.7 38.3 13 8 11.7 5 5 5.2 27.8 5 7.6 61.1 29.8 16.7 5 NA 21 74.4 73.4 37.8 5
19840411 27.2 13.7 20.1 37.1 12.9 7.5 11.1 5 5 5.2 24.8 5 6.4 54.8 26.4 16.9 5 NA 17.1 77.7 74.7 38.2 5
19840412 17.6 11.3 18.5 36.9 12.9 6.8 10.3 5 5 5.1 22.9 5 5 49.1 24 17.1 5 NA 12.2 78.6 79.4 38.3 5
19840413 17.2 10.4 17.8 34.9 12.2 6.5 10.4 5 5 5.1 20.4 5 5 42.4 22.5 16.9 5 NA 11 77.3 72.1 36.9 5
19840414 16.3 9.8 17 32.6 11.7 6.1 10.4 5 5 5.1 17.7 5 5 38 21.1 16.7 5.5 NA 10.2 76.2 64.1 35 5
19840415 10.2 9.2 15.4 28.3 11.2 6.1 10.4 5 5 5.1 15.4 5 5 33.6 19.8 16.5 5.5 NA 9.4 74.8 60.9 34.2 5
19840416 9.8 8 14.5 26.2 10.2 5.8 10.5 5 5 5 12.7 0 0 27.1 17.8 16.1 5.5 NA 7.8 72.1 49.6 32.2 0
19840417 8.9 7.4 13.9 24.1 9.8 5.5 10.5 5 5 5 10 0 0 22.6 16.5 16 6.6 NA 7 71.3 41.7 30.3 0
19840418 5.7 6.8 13.1 22 9.3 5.2 10.6 5 5 5 7.7 0 0 18.2 15.3 15.8 6.6 NA 6.2 69.9 38.4 29.5 0
19840419 5 5.9 11.9 18.7 8.6 5 10.6 5 5 5 5 0 0 12.7 13.6 15.5 6.6 NA 5 68.6 28.8 27.5 0
19840420 5 5.8 11.1 17.1 8 5 10.2 5 5 5 5 0 0 13.2 13 14.4 7.2 NA 5 62.5 23.6 25.3 0
19840421 5 5.7 10.3 15.5 7.6 5 9.9 5 5 5 5 0 0 13.6 12.2 13.7 7.8 NA 5 50.3 23.6 21.4 0
19840422 5 5.5 8.6 12.3 7.2 5 9.6 5 5 5 5 0 0 11.9 11.6 13 7.9 NA 5 40.4 18.2 19.3 0
19840423 5 5.4 7.8 10.7 6.4 5 9 5 5 5 5 5 5 12.4 10.9 11.5 8.6 NA 5 34.3 12.9 17.1 5
19840424 5 5.3 7 9 6 5 8.7 5 5 5 5 5 5 12.8 10.1 10.7 9.2 NA 5 22.1 12.9 13.2 5
19840425 5 5.2 6.2 7.4 5.6 5 8.3 5 5 5 5 5 5 12.2 9.5 10 9.5 NA 5 14.1 7.6 11 5
19840426 5 5 5 5 5 5 8 5 5 5 5 5 5 12.8 8.7 8.9 10.4 NA 5 5 5 8 5
19840427 5 5 5 5 5 5 7.6 5 5 5 5 5 5 11.5 8.3 8.3 9.5 NA 5 5 5 7.5 5
19840428 5 5 5 5 5 5 7 5 5 5 5 5 5 10.6 7.7 7.8 8.9 NA 5 5 5 7.1 5
19840429 5 5 5 5 5 5 6.6 5 5 5 5 5 5 9.7 7.4 7.4 7.7 NA 5 5 5 6.5 5
19840430 0 0 0 0 0 0 1.4 0 0 0 0 0 0 8 6.8 6.5 2.4 NA 0 0 5 1.3 0
19840501 0 0 0 0 0 0 1 0 0 0 0 0 0 7.2 6.3 6.1 1.8 NA 0 0 5 1 0
19840502 0 0 0 0 0 0 0.4 0 0 0 0 0 0 6.3 5.9 5.7 0.6 NA 0 0 5 0.3 0
19840503 0 0 0 0 0 0 0 0 0 0 0 0 0 5 5.4 5 0 NA 0 0 5 0 0
19841222 5.6 0 0 0 4.4 0.7 0 0 0 1.1 5 0 0 5 7.8 5 0 NA 0 5 7.5 5.8 0
19841223 7.3 0 0 0 4.4 0.7 0 0 0 1.1 5 0 0.5 9.8 11 6.1 1.9 NA 10.9 10.6 8.3 5.9 0
19841224 9.7 0 0 0 4.4 0.7 0 0 0 1.1 5 0 1 16.3 15.1 7.7 2.9 NA 16.4 18 9.6 6 0
19841225 10.8 5 5 5 5 5 5 5 5 5 5 5 6.3 19.5 17.6 8.4 9.4 NA 29.6 21.7 10 6 5
19841226 13.2 5 5 5 5 5 5 5 5 5 5 5 6.8 26 21.7 9.9 11.3 NA 35.1 29.1 11.3 6.1 5
19841227 14.3 5 5 5 5 5 5 5 5 5 5 5 7.3 29.2 24 10.7 12.3 NA 46 32.8 11.7 6.1 5
19841228 16.7 5 5 5 5 5 5 5 5 5 5 5 7.8 34.2 27.4 11.8 14.2 NA 54.2 38.4 12.7 6.2 5
19841229 29.8 16.8 5.8 5 6.2 5 5.8 5 5 5.7 13.3 5 13 32.7 27.5 12.1 27.8 NA 56.8 47.8 17.7 12.8 5
19841230 38.6 24.6 6.4 5 6.9 5 6.4 5 5 6.1 18.8 5 17 31.5 27 12.3 36.8 NA 58.6 54.1 26.8 17.2 5
19841231 47.4 32.5 7 5 7.7 5 7 5 5 6.6 24.4 5 20.5 30.5 27.1 12.4 45.8 NA 60.3 60.4 35.9 21.6 5
19850101 56.1 40.3 7.5 5 8.5 5 7.5 5 5 7.1 29.9 5 24.5 29.4 27.3 12.7 54.8 NA 62.1 67.6 36.4 26 5
19850102 64.9 48.2 8.1 5 9.3 5 8.1 5 5 7.5 35.5 5 28 28.3 27.4 12.8 63.8 NA 63.8 73.8 45.4 30.4 5
19850103 75.6 56.5 8.6 5 10.1 5 8.7 5 5 8 41 5 32 27 26.2 13 73.2 NA 65.5 80.1 55 35.6 5
19850104 84.4 64.3 9.2 5 10.9 5 9.2 5 5 8.4 46.5 5 35.5 26 26.3 13.1 82.2 NA 67.3 86.4 55.4 40 5
19850105 96.6 72.2 9.8 5 11.8 5 9.8 5 5 8.9 53.7 5 41 24.4 26.5 13.4 91.3 NA 69.8 95.9 64.6 46.2 5
19850106 96.6 73.2 10.9 6.4 14.4 5.4 11.8 5 5.2 9.9 58.6 5 41 26 26.3 14.5 91.3 NA 72.7 95.9 71.3 49.9 5
19850107 96.6 73.9 12 7.5 16.1 5.5 13.1 5 5.3 10.6 61.9 5 41.1 27 26.3 15.3 91.6 NA 74.6 95.9 73.4 52.3 5
19850108 96.6 74.6 13 8.5 17.8 6.1 14.5 5 5.4 11.2 65.1 5 41.1 28.1 25.8 15.9 91.6 NA 76.5 95.9 80.1 55 5
19850109 97.1 75.3 14.1 9.5 20.5 6.2 16.8 5 5.6 12.2 72.8 5 41.4 28.9 25.9 16.5 91.6 NA 80.5 95 82.4 58.1 5
19850110 97.1 76.7 15.3 11.6 23 6.5 18.8 5 5.8 13.4 76.1 5 41.4 31 25.9 17.9 91.6 NA 82.4 95 89.1 62.2 5
19850111 97.1 77.4 16.3 12.6 24.7 7 20.1 5 5.9 14 79.4 5 41.5 32 25.8 18.7 92 NA 84.3 95 92.1 64.9 5
19850112 97.1 78.1 17.4 13.6 26.9 7.2 21.8 5 6 14.7 84.3 5 41.5 33 25.1 19.2 92 NA 87.2 95 95.4 67.6 5
19850113 97.1 80.3 23.2 14.5 26 8.3 22.1 5 6.2 14.9 84 5.8 41 33.7 26.4 19.4 90.6 NA 87.2 95 95.2 67.3 7.2
19850114 97.1 81.7 27.2 15.3 25.3 9 22.6 5 6.3 14.9 83.8 6.3 40.7 34.1 27.4 19.4 89.1 NA 87.2 95 95 66.9 8.7
19850115 97.1 83.2 30.6 15.7 24.1 9.7 23 5 6.4 14.9 83.5 6.9 40.4 34.2 28.1 19.4 86.9 NA 87.2 95 94.6 66.2 10.1
19850116 99.8 87.5 34.6 16.3 23.7 10.6 23.5 5 6.5 15 83.1 7.4 39.5 36.1 30.3 20 88.1 NA 87.2 100 94.8 66.8 11.6
19850117 99.8 90.3 42.3 17.6 23.1 11.4 23.7 5 6.7 15.2 82.9 8.3 39.4 36.4 31.3 20 86.7 NA 87.2 100 94.6 66.4 14.5
19850118 99.8 91.7 46.7 18.2 22 12.1 24.2 5 6.8 15.2 82.7 8.9 39 36.9 32.3 20 85.3 NA 87.2 100 94.4 66 16
19850119 99.8 93.3 49.9 18.9 21.2 12.8 24.6 5 6.9 15.3 82.4 9.4 38.4 37.4 33.5 20.2 83.4 NA 87.2 100 94.1 65.4 17.5
19850120 99.8 92.9 51.4 22.8 22.5 14.1 26.1 8.3 7 14.5 82.7 17.5 41 40.2 34.6 21.8 85.3 NA 87.7 95 94.3 65.8 18.1
19850121 99.8 93.1 51.6 25.4 23.6 15.4 26.9 10.5 7.1 13.9 82.9 22.8 42.8 42.1 35.3 22.9 87.3 NA 88 95 95.8 66.8 18.5
19850122 99.8 92.6 51 28.1 24.6 16.6 28.1 12.6 7.2 12.9 83.1 27.8 44.5 44.2 36.4 24.3 89.7 NA 88.5 90 95.9 67 18.9
19850123 99.9 94.9 54 30.7 26.7 17.5 29.9 14.8 7.1 11.7 85.7 33 48.2 48.5 38 26.4 94.2 NA 92 90 97.5 69.2 20.5
19850124 99.9 94.6 55.1 33.4 27.7 18.2 30.9 17 7.2 11.1 85.9 38.3 49.9 50.4 38.6 27.4 95.6 NA 92.4 90 97.7 70.1 20.9
19850125 99.9 94.6 55.6 36 28.6 19.5 32 19.2 7.3 10.4 86.1 43.6 51.6 52.5 39.8 28.8 98.5 NA 92.8 80 99 69.2 21.3
19850126 99.9 94.3 55.8 39.1 29.8 20.6 33.3 21.4 7.4 9.5 86.5 48.7 54.2 55.3 40.6 30.3 99.9 NA 93.3 80 99.3 70.7 21.9
19850127 99.8 94.6 61.9 47.6 29.2 21.3 36.6 21.9 8 11.6 87.7 42.9 53.7 56.5 42.4 31.3 99.9 NA 94.1 80 99.3 71.6 19.1
19850128 99.8 95.9 66.2 53.8 28.7 22.7 38.6 22.2 8.4 13.1 88.6 37 53.3 57.3 43.7 32 99.9 NA 94.6 90 99.4 74 17.2
19850129 99.7 96.1 70.1 62.1 28.2 23.3 40.8 22.5 8.9 14.6 89.4 31.2 53 58.2 44.8 32.5 99.9 NA 95.1 90 99.4 74.8 15.3
19850130 99.7 96.4 78.3 73.7 28.2 24.7 43.4 22.9 9.3 15.9 89.5 25.4 52.5 59.8 46.8 34 99.7 NA 96.2 90 99.9 75.4 11.6
19850131 99.6 97.8 82.6 79.9 27.7 25.7 46.9 23.2 9.7 18.3 91.2 19.5 52.1 60.6 47.9 34.2 99.7 NA 96.7 95 100 77.4 9.7
19850201 99.6 97.9 86.7 86.9 27.3 26.7 49 23.5 10.1 19.8 92.1 13.7 51.8 61.5 49.3 35.2 99.7 NA 97.2 95 100 78.1 7.8
19850202 99.6 98.7 92.7 95.6 26.5 27.4 51.5 23.8 10.5 21.2 92.9 5 51.2 62.7 50.7 35.6 99.7 NA 98 100 100 79.5 5
19850203 99.6 98.7 93.1 95.6 30.3 31.9 51.2 25.8 11 22.2 92.8 10.2 58.6 68.3 57.8 40.8 99.7 NA 98 100 100 81.7 9.2
19850204 99.7 98.9 93.3 95.6 32.5 34.7 51 27.1 11.4 22.9 92.9 13.7 63.5 72.1 62.3 44.1 99.7 NA 98 100 100 83 12.1
19850205 99.8 98.9 93.6 95.6 35.5 37.7 50.6 30.9 12.4 24.2 92.6 17.2 68.5 75.8 67.2 47.4 99.7 NA 98 100 100 84.3 15
19850206 99.8 99.4 94.3 95.7 40 43.9 50.7 33.5 13.2 26.1 94.3 20.7 79.2 80 73.1 53.6 99.9 NA 99.2 100 100 87.4 19.5
19850207 99.9 99.4 94.6 95.7 42.8 47 49.9 34.8 13.6 26.7 93.9 27.7 84.2 85.6 81 57.7 99.9 NA 99.2 100 100 88.8 23.6
19850208 100 99.6 94.8 95.7 45 49.8 50.1 37.4 14.3 27.8 94.1 31.2 89.1 89.3 85.5 61.2 99.9 NA 99.2 100 100 90.2 26.4
19850209 100 99.6 95.2 95.7 49.1 54.4 49.4 39.3 14.8 28.6 93.9 34.7 96.5 94 91.1 65.8 99.9 NA 99.2 100 100 91.9 30.1
19850210 100 99.6 95.2 94.4 53.6 53 52.3 39 15.6 28 90.8 31.2 96.5 94 89.7 66 99.6 NA 99.2 100 100 91.2 28.4
19850211 100 99.6 95.2 93.4 56.7 50.7 54.2 38.2 15.8 27.2 89.3 30.7 96.5 94 87.9 65.5 99.2 NA 99.1 100 100 90.1 28
19850212 100 99.6 95.2 92.6 59.7 49.7 56.3 37.9 16.4 26.6 86.8 26.7 96.5 94 85.6 65.1 98.9 NA 99.1 100 100 89.6 26.1
19850213 100 99 95 90.7 63.1 48.5 57.3 37 16.8 25.4 82.8 23.3 93.1 96.1 85.1 64.2 98.7 NA 98.3 100 100 87.6 23.6
19850214 100 99 95 89.8 66.8 44.7 60.1 35.6 16.6 24 80.7 19.8 93.1 96.1 84.2 64 98.5 NA 98.3 100 100 86.2 22.1
19850215 100 99 95 88.9 71 43.7 62.2 35.4 17.2 23.5 78.7 19.3 93.1 96.1 82.6 63.9 98.1 NA 98.2 100 100 85.6 21.5
19850216 100 99 95 87.6 74 42.3 64.4 34.8 17.7 22.8 75.9 15.5 93.1 96.1 80.2 63.4 97.8 NA 98.2 100 100 84.8 19.7
19850217 100 98.3 94.5 88.2 76.5 47.6 66.9 36.1 18.1 23.5 77.4 16.5 93.1 92.3 80.6 64.3 97.8 NA 98.2 99.8 99.9 86.2 19.7
19850218 100 97.9 94.2 89.1 78.1 51 68.6 37 18.4 24.2 79.2 18.5 92.8 89.8 83.1 64.9 97.9 NA 98.2 99.7 99.9 87.2 20.3
19850219 100 97.4 93.9 89.5 82.1 55.9 70.3 39.5 20 26.1 80.2 18.5 92.8 87.3 83.6 67 97.9 NA 98.2 99.4 99.8 89.6 19.4
19850220 100 96.6 93.2 91.5 84.2 61.9 71.9 41.3 20.6 26.9 81.6 23.6 92.8 82.2 83.8 68.7 98.3 NA 98.2 99.4 99.8 91.7 21.1
19850221 100 96.1 92.9 92.4 87.5 68.9 75.3 42.2 20.8 27.7 83.6 25.6 92.8 79.7 84.1 68.9 98.3 NA 98.2 99 99.7 92.9 21.6
19850222 100 95.7 92.6 92.8 90.3 73 77 43.8 21.7 29.1 85.3 25.6 92.5 77.2 87 70.1 98.4 NA 98.2 99 99.7 94.6 21.2
19850223 100 95 92.2 93.7 92 76.5 78.6 45.2 22.1 29.7 86.4 27.6 92.5 73.4 87.1 71.3 98.4 NA 98.2 98.7 99.6 95.9 21.5
19850224 100 93.4 87.3 93.1 81.8 69.9 72.1 44.8 22.5 29.3 83.5 27.9 92.5 74.4 87.6 72.5 97.9 NA 97.6 99 99.7 90.2 21.8
19850225 100 92.1 83.7 92.6 72.9 64.1 66 44.6 22.7 28.8 80.9 26.7 92.7 75.1 87.2 72.9 97.6 NA 96.7 99 99.7 85.7 22.2
19850226 100 91 80.2 92 59.4 53.9 55.9 44.4 22.9 27.8 75.2 26.8 92.7 75.8 87.8 74.3 97.1 NA 96 99.4 99.8 80.7 22.1
19850227 100 89.1 73.9 91.8 48.2 47.3 47.9 43.9 23.4 27.4 72.5 27.2 95.5 77.3 87.3 74.8 96.8 NA 94.8 99.4 99.8 74 23.2
19850228 100 87.7 70.3 91.2 37.6 41.4 41.6 43.7 23.6 26.9 69.5 27.6 95.5 78 87.7 75.8 96.4 NA 94.1 99.7 99.9 68.9 23.3
19850301 100 86.5 66.8 90.7 28.7 35.6 35.5 43.5 23.8 26.5 67 26.1 95.7 78.7 87.3 76.2 95.9 NA 93.2 99.8 100 64.7 23.6
19850302 100 84.9 61.9 90.1 17.1 26.8 27.1 43.1 24.2 25.7 62.6 26.5 95.7 79.7 87.2 77.1 95.5 NA 92.5 100 100 58.8 23.5
19850303 100 83.6 62.3 90.8 21.6 25 30.6 42.9 24.4 26.5 66.1 23.7 85.2 78.5 86.8 75.2 94.4 NA 92.5 100 100 63 21.5
19850304 100 81 62.6 91.7 26 23.9 34.4 42.7 24.6 27 68.3 21 76.8 77.8 86.3 73.2 89.7 NA 92 100 100 65.1 18.6
19850305 100 79.9 62.8 92.2 29.6 22.9 37.7 42.5 24.7 27.5 70.8 18.2 67.8 77 86.3 71.7 88.6 NA 90.8 100 100 68.1 17.5
19850306 99.7 77.6 63.3 92.1 35.6 21 42.7 42.2 25 28.7 74.8 15.3 55.2 75.4 85.6 68.7 87.6 NA 88.3 100 100 71.9 14
19850307 99.7 74.9 63.6 93.1 40.1 19.6 46.2 42 25.1 29.2 77.1 13.6 46.6 74.6 84.9 66.9 86.6 NA 87 100 100 73.1 11.8
19850308 99.7 73.7 63.8 93.9 44.5 18.6 49.3 41.8 25.3 29.7 79.7 9.8 38.3 73.8 84.5 64.9 81.8 NA 87.7 100 100 76.2 9.3
19850309 99.7 71.8 64.1 94.4 48.1 16.9 53.5 41.5 25.5 30.4 83 7.5 27.5 72.7 84.1 62.8 80.8 NA 86.4 100 100 79.3 7
19850310 96.9 64.6 58.4 90.2 43.5 16.4 47.1 35.4 22.1 26.9 78.1 7.5 29.2 66.2 79 58.4 75.1 NA 79.4 100 100 75.8 7
19850311 91.5 53.4 53.3 85.4 38.4 15.8 41.8 31.4 19.8 24.9 74.3 6.5 30.4 58.7 73.8 54.5 67.2 NA 76 100 100 72.4 6.3
19850312 88.8 46.9 49.5 80.8 31.2 15.7 36.7 27.3 17.5 22.5 68.9 6.5 31.7 53.8 69.6 50.8 56.7 NA 70.5 100 100 70.1 6.3
19850313 85.7 39.1 41.9 75.4 25.7 14.9 27.6 19.2 13 18.2 64 6.5 33.1 45.4 62 44.4 50.3 NA 62 100 99.9 66.1 6.2
19850314 80.7 27.6 35.6 69.4 21.1 14.3 23.2 15.1 10.7 15.4 56.7 5.5 34.2 37 55.2 40.1 43.6 NA 58.6 100 99.9 62.1 5.6
19850315 77.7 21 31.8 66 16 13.8 17.1 11.1 8.4 13.4 54.5 5.5 35.5 32.1 51.5 37.2 36.7 NA 53.1 100 99.9 59.3 5.5
19850316 73.7 11.5 26 61.1 9 13.4 10.8 5 5 9.8 47.6 5 37.2 24.6 45.6 31.4 28.1 NA 47.2 100 99.9 55.1 5.2
19850317 77.7 10.7 25.2 61.1 9 15 11.6 5 5 10.2 48.3 5 37.3 23.5 44.3 32.9 26.2 NA 48.1 100 99.9 58.8 5.2
19850318 80.3 10.1 24.4 61.1 9.1 16.1 11.8 5 5 10.9 51.6 5 36.1 22.4 42.1 32.6 25.2 NA 48.7 100 99.9 62.7 5.2
19850319 83 9.2 24.4 63.5 9.1 17.5 12.4 5 5 11.3 52 5 36.5 21.2 40.8 33.7 21.2 NA 49 100 99.9 66.7 5.3
19850320 85.7 8.4 24.4 63.7 9.3 19 12.6 5 5 12.1 55.1 5 36.3 19.9 39.9 35.8 21.5 NA 49.9 100 100 72.8 5.3
19850321 90.9 7.5 23.6 63.7 9.2 20.7 12.8 5 5 12.7 56.7 5 35 18.9 38.1 35.9 18.8 NA 50.8 100 100 76.2 5.3
19850322 93.6 6.9 23.2 64.9 9.3 21.8 13.3 5 5 13.4 59.6 5 35.4 17.8 36.7 36.8 17.8 NA 50.9 100 100 80.1 5.4
19850323 96.2 5.8 22.1 64.9 9.3 23.2 13.8 5 5 13.7 59.5 5 34.7 15.9 33.9 37.2 14.4 NA 51.8 100 100 84.1 5.4
19850324 95.9 5.8 21.6 66.5 9.2 21 12.6 5 5 12.7 54.8 5 32.3 15.4 33.2 35.9 14.4 NA 51.3 100 100 80 5.4
19850325 95.6 5.5 21.1 67.2 9 19 11.8 5 5 11.6 49.9 5 28.7 14.9 32.1 34.6 11.4 NA 50.7 100 100 76 5.3
19850326 95 5.5 20.2 68.4 9 16.6 10.5 5 5 9.6 41.6 5 26.7 14.1 29.8 32.9 11.4 NA 50.1 100 100 71.1 5.2
19850327 94.7 5.5 19.2 66.4 8.9 13.8 9.2 5 5 8.6 36.7 5 23.6 13.8 28.8 31.1 9.6 NA 48.9 100 100 67.4 5.2
19850328 94.4 5.2 18.5 68.6 8.7 11.8 8.6 5 5 7.6 32.7 5 20.3 13.3 28.2 30 8.3 NA 48.5 100 100 63.1 5.1
19850329 94.1 5.2 18.1 69.7 8.5 9.7 7.5 5 5 6.5 27.8 5 18.3 12.7 27 28.6 6.5 NA 47.8 100 100 59.3 5.1
19850330 93.7 5 17.3 70.4 8.4 7.4 6.1 5 5 5 21 5 14.9 12.3 25.6 26.8 5 NA 47 100 100 54.7 5
19850331 87 5 15.6 67.5 8.1 7.1 6.1 5 5 5 19.5 5 14.4 11.7 23.9 23.7 5 NA 44.9 99.2 96.9 51.7 5
19850401 77.2 5 14 65 7.7 7 6 5 5 5 17.5 5 13 11.1 22 21.4 5 NA 41.2 98 92.8 48.9 5
19850402 67.1 5 12.7 59.6 7.4 6.3 5.5 5 5 5 13.2 5 12.5 10.5 19.2 18.9 5 NA 38.1 97.6 91.8 43.4 5
19850403 60.4 5 10.6 57.1 6.9 5.9 5.5 5 5 5 11.7 5 11.6 10.1 17.6 14.9 5 NA 35.4 96.4 86.6 41 5
19850404 50.6 5 9 55 6.6 5.7 5.3 5 5 5 9.7 5 10.5 9.2 15.8 12.6 5 NA 32.3 95.6 84.6 37.5 5
19850405 43.9 5 7.6 51.7 6.2 5.3 5.1 5 5 5 7.2 5 9.6 8.8 14.1 10.4 5 NA 29.6 94.4 79.4 34.9 5
19850406 33.9 5 5.5 48 5.9 5 5 5 5 5 5 5 8.6 8.2 11.8 7.1 5 NA 26.2 93.8 77.9 30.7 5
19850407 32 5 5.4 44.5 5.7 5 5 5 5 5 5 5 8.3 7.7 11.4 6.9 5 NA 26 93.6 76.7 30 5
19850408 28.2 5 5.4 41.1 5.7 5 5 5 5 5 5 5 7.5 7.2 10.9 6.5 5 NA 24.5 93.2 78 30.1 5
19850409 26.2 5 5.3 34.7 5.5 5 5 5 5 5 5 5 7.1 6.7 10.5 6.3 5 NA 24 93 76.9 29.3 5
19850410 24.3 5 5.2 31.1 5.3 5 5 5 5 5 5 5 6.7 6.2 10.1 6.1 5 NA 23.5 93.6 77.6 28.6 5
19850411 20.5 5 5.1 27.7 5.3 5 5 5 5 5 5 5 6 5.7 9.6 5.7 5 NA 22 93.1 75.8 28.7 5
19850412 18.6 5 5.1 24.4 5.1 5 5 5 5 5 5 5 5.6 5.2 9.2 5.5 5 NA 21.5 93 76.2 27.9 5
19850413 15.7 5 5 19.3 5 5 5 5 5 5 5 5 5 5 8.9 5.2 5 NA 20.8 92.7 76.6 27.6 5
19850414 14.6 5 5 18.6 5 5 5 5 5 5 5 5 5 5 8.7 5.3 5 NA 18.2 90.1 70.9 26.9 5
19850415 12.3 5 5 18.1 5 5 5 5 5 5 5 5 5 5 8.4 5.6 5 NA 16.4 85.6 61.9 26.2 5
19850416 11.2 5 5 17.6 5 5 5 5 5 5 5 5 5 5 8.3 5.8 5 NA 14.7 83.1 57.6 25.7 5
19850417 10.1 5 5 16.6 5 5 5 5 5 5 5 5 5 5 8.1 6.1 5 NA 11.1 80.5 52 24.7 5
19850418 7.8 5 5 16.1 5 5 5 5 5 5 5 5 5 5 7.8 6.3 5 NA 9.4 76 42.9 24.1 5
19850419 6.7 5 5 15.7 5 5 5 5 5 5 5 5 5 5 7.7 6.6 5 NA 7.6 73.5 38.2 23.5 5
19850420 5 5 5 14.9 5 5 5 5 5 5 5 5 5 5 7.4 6.8 5 NA 5 69.6 30.7 22.7 5
19850421 5 5 5 15.2 5 5 5 5 5 5 5 5 5 5 7.4 6.5 5 NA 5 62.8 27.9 20.8 5
19850422 5 5 5 15.4 5 5 5 5 5 5 5 5 5 5 7.2 6.3 5 NA 5 49.2 22.6 17.1 5
19850423 5 5 5 15.6 5 5 5 5 5 5 5 5 5 5 7.1 6 5 NA 5 42.4 19.8 15.2 5
19850424 5 5 5 15.9 5 5 5 5 5 5 5 5 5 5 7.1 5.7 5 NA 5 35.6 16.9 13.3 5
19850425 5 5 5 16.1 5 5 5 5 5 5 5 5 5 5 6.9 5.4 5 NA 5 22 11.7 9.6 5
19850426 5 5 5 16.3 5 5 5 5 5 5 5 5 5 5 6.8 5.1 5 NA 5 15.2 8.8 7.7 5
19850427 5 5 5 16.6 5 5 5 5 5 5 5 5 5 5 6.7 5 5 NA 5 5 5 5 5
19851214 32.3 28 5 5 5 5 5 5 5 5 5 5 15.7 7.1 10.2 5.2 40 NA 19.7 52.4 28.4 9.7 5
19851215 44.4 36.6 5.2 6 5 6.3 6.8 5 8.1 6.4 5.7 5 15.7 7 10.9 5.3 50 NA 25.9 63.1 28.6 15.2 5
19851216 49.8 40.8 5.4 6.7 5 8.3 9 5 10.2 7.4 6.2 5 15.6 6.8 11.3 5.4 59.9 NA 31.4 64.5 31.2 18.4 5
19851217 61.2 46.1 5.6 7.5 5 10.2 11.3 5 12.3 8.4 7.1 5 15.5 6.8 11.9 5.5 60 NA 38.3 74.5 32.1 22.4 5
19851218 70.4 54.2 5.9 8.2 5.1 12.5 13.7 5 14.4 9.6 7.6 5 16.8 6.7 12.3 5.6 69.9 NA 39.6 77.2 31.7 28.7 5
19851219 79.8 62.1 6 8.9 5.1 12.8 14.4 5 18.6 11.2 8.1 5 16.8 6.5 12.8 5.7 79.9 NA 45.1 87.2 31.6 32.5 5
19851220 89.2 66.5 6.2 9.7 5.1 14.8 16.6 5 20.7 12.2 9 5 16.7 6.4 13.2 5.8 89.7 NA 52 88.6 34.3 36 5
19851221 98.3 73.5 6.4 10.4 5.1 16.9 18.9 5 22.8 13.3 9.5 5 16.6 6.2 13.7 5.9 94.8 NA 57.5 95 34.6 41.1 5
19851222 98.3 76.4 20.1 24.3 6.1 16.8 18.4 5 20.7 12.2 15.4 5 17.7 10 14.5 6.1 94.8 NA 58.9 93.8 36.4 38.8 5
19851223 98.3 78.5 29.3 33.7 6.5 15.4 16.8 5 18.6 11.7 19.3 5 20 12.5 15.7 6.4 94.6 NA 61.1 91.4 37 37.1 5.1
19851224 98.3 80.9 38.4 43.5 7.9 15.7 16.5 5 14.4 10.2 24.7 5 20 16.4 16.2 6.5 94.6 NA 63.3 89 37.8 34.6 5.1
19851225 100 86.5 56.7 62.1 8.2 15.3 15.7 5 12.3 9.3 28.7 5 20.5 18.9 17.4 6.9 99.3 NA 66 90.4 37.7 32.1 5.2
19851226 100 88.3 65.8 71.4 8.6 15.2 15.2 5 10.2 9.2 32.6 5 20.5 22.6 17.9 7.2 98.9 NA 65.5 90.4 40.9 29.7 5.2
19851227 100 90.7 75 81 10 14.1 13.6 5 8.1 8.3 38.1 5 22.8 26.4 19.2 7.4 98.9 NA 68.7 88 38.8 28.3 5.3
19851228 100 93.6 88.7 95 10.4 13.9 12.8 5 5 7.1 42 5 22.8 28.9 19.4 7.6 98.9 NA 70.3 85.6 41.9 25.1 5.3
19851229 100 93.9 89.5 91.7 11 15.1 13.3 6 5.6 9.9 43.8 8.6 26.6 28.1 19.2 8.3 98.9 NA 71.3 88 44.8 29.4 5.9
19851230 100 94.1 90.1 89.5 11 15.7 13 7.9 6.8 12.5 45 14.4 29.2 26.6 18 8.7 98.7 NA 74 90.4 51.8 34.5 6.2
19851231 99.9 94.2 90.7 87.3 11.9 16 13.1 7.9 6.8 14.5 46.2 15.1 30.3 25 17.8 8.9 99.2 NA 74.9 92.3 56.2 39.4 6.6
19860101 99.9 94.3 91.6 81.4 12.4 16.6 12.8 9.9 8 16.1 47.3 20.9 33.3 24.2 17.1 9.3 96.8 NA 77.8 92.8 60.5 44.7 7.2
19860102 99.9 94.6 92.2 79.2 12.2 17.6 13.1 9.9 8 18.1 48.5 22.3 36.9 23.1 16.9 9.7 96.8 NA 78.9 95.2 63.7 47.2 7.9
19860103 99.9 94.9 92.8 77 13.1 18.2 13 11.9 9.2 20.7 49.5 28.1 39.4 21.7 15.8 10 96.9 NA 81.8 97.6 72 52.6 8.2
19860104 99.9 95 93.7 73.7 13.1 18.8 12.9 11.9 9.2 22.8 50.8 28.8 42.1 20.5 15.3 10.4 96.9 NA 82.4 99.7 75.8 57.6 8.6
19860105 99.6 88.5 92.3 71 12.4 16.6 13.9 11.9 9.2 20.7 49 28.1 38.2 20.3 16.3 10.4 95.3 NA 78.6 99.7 75.8 53.2 8.2
19860106 99 83.7 91.4 68.4 11.5 15.1 16.4 9.9 8 18 46.8 22.3 35.6 19.9 17.3 10.2 94.6 NA 78.3 99.7 77 49.2 7.8
19860107 98.7 79.4 89.4 66.2 11 13.7 15.8 9.9 8 15.9 44.9 20.9 33 19.9 17.7 10.6 92.7 NA 73.8 99.7 76.8 48.1 7.1
19860108 96.6 72.7 85.6 64.3 10.4 10.9 18.4 7.9 6.8 13.2 44.6 15.1 30.1 20.1 18.7 10.1 93 NA 71 99.7 76.7 43.8 6.4
19860109 96 67.3 83 61.8 9.5 9.4 18.1 7.9 6.8 11.1 42.9 14.4 27.5 19.7 20 9.9 93 NA 66.2 99.7 80.9 39.4 6
19860110 95.7 63 82.3 57.5 8.9 8 20.6 6 5.6 8.4 40.8 8.6 24.9 19.4 20.9 10.6 89.9 NA 66.3 99.7 77.9 35.5 5.6
19860111 95.2 57.5 80.4 56.2 8.1 5.8 20 5 5 5 37.7 5 22 19.3 21.6 9.9 89.8 NA 61.7 99.7 79.9 32.4 5
19860112 95.6 63 82.4 62.6 8 8.1 20.6 6.7 5 5.1 40.8 7.3 27.9 19.8 22.5 10.6 90 NA 62.1 99.7 83.1 34.3 5.2
19860113 95.8 67.3 83.4 68.3 8.2 10 22.5 8.2 5.1 5.4 43.6 13.6 32.8 20.1 23.2 13 93.1 NA 63.8 99.7 83.4 36.8 5.4
19860114 96.3 72.6 86.1 74 8 11.7 22.8 9.2 5.1 5.5 46.6 18.2 37.7 20.4 24.3 13.7 93.3 NA 64.1 99.7 86.5 38 5.6
19860115 98.4 79.4 90.1 77.2 7.9 14.5 24.7 11.6 5.1 5.5 49.3 22.8 42 21.1 25.7 14.9 96.2 NA 64.5 100 89.4 40.2 5.9
19860116 98.7 83.7 92.7 86.9 8.4 16.9 25.4 12.6 5.1 6.1 52.7 30.8 46.9 21.4 26.8 16.5 96.6 NA 64.6 100 89.4 44.5 6.2
19860117 99.2 88.5 93.4 88.5 8.2 18.6 27.2 14 5.2 6.2 55.6 35.4 51.8 21.7 27.4 18.2 98.1 NA 66.4 100 92.9 46.1 6.4
19860118 99.4 94.9 95 95 8.1 20.7 27.3 15.5 5.2 6.2 58.4 40 57.5 22.2 28.7 19.5 99.8 NA 66 100 94.4 47.3 6.7
19860119 99.5 94 94.8 95 11 21.6 28.1 15.4 5.2 7.9 59.2 36.8 59 21.4 28.3 19.8 99.8 NA 66.6 100 94.4 49.4 7.6
19860120 99.6 92.8 94.4 95 14.4 23.6 30.4 14.9 5.1 9.1 61 37.9 59.8 20.8 28.1 21.6 99.7 NA 70.5 100 94.4 50.9 8.1
19860121 99.6 92.3 94.4 95 18.9 24.3 31.3 14.8 5.1 10.4 61 32.5 62.5 20.2 27.9 21.5 99.7 NA 71 100 94.4 51.1 8.9
19860122 99.7 88.6 92.4 95.1 23.5 26.6 32 14.2 5.1 11.2 58.3 33.5 63.1 19 26.9 23.3 97.1 NA 71.7 100 94.6 52.6 9.7
19860123 99.8 86.9 92 95.1 26.5 28.8 32.4 14.1 5.1 12.5 59.2 31.6 63.9 18.4 26.7 23.8 97 NA 72.8 100 94.6 55 10.2
19860124 99.9 86.3 92 95.1 29.9 29.6 34.8 13.6 5 13.7 59.9 30.3 65.6 17.9 26.4 25.1 97 NA 76.1 100 94.6 56.3 11.1
19860125 99.9 85.5 91.7 95.1 34.4 32 35.8 13.3 5 15 60.6 27.9 66.1 17 26.3 25.5 97 NA 77.1 100 94.6 57.5 11.7
19860126 99.9 86.3 92 95.1 38.5 33.6 40.2 12.4 5.9 17.4 64.6 30.2 66.5 19 28.5 28.5 96.9 NA 79.9 100 94.6 60.7 11.8
19860127 99.9 87.3 92 95.1 42.9 35.5 42.5 12.4 7.7 19 69.3 30.4 66.8 20.5 30.2 30.7 96.8 NA 81.7 100 94.6 63.4 11.4
19860128 99.9 89.1 92.4 95.1 46.1 37.4 46.3 12.5 9.6 21 76.8 32.7 67.4 21.8 31.6 34.5 96.8 NA 83.6 100 95 65.4 11.6
19860129 100 92.4 94.4 97.3 50.5 39.5 51.2 11.6 11.4 24.4 82.3 32 67.6 23.4 33.9 38.4 99.6 NA 91 100 99.1 70.6 11.5
19860130 100 92.9 94.4 97.3 55.8 41.7 54.8 10.7 11.4 26.7 85.9 32.4 67.9 25.8 36.5 40.9 99.6 NA 93 100 99.1 72.6 11.4
19860131 100 94.5 94.8 97.3 57.6 43 57 10.7 13.2 28.2 91.1 34.7 68.3 27.3 38.2 44 99.5 NA 94.7 100 99.3 75.3 11.2
19860201 100 95.4 95 97.3 62.8 45.4 60.8 10.3 15 30.5 96.1 35.9 68.6 28.7 39.6 46.5 99.4 NA 97.5 100 99.3 77.7 11.2
19860202 99.9 93.7 94.1 94.3 59.3 47 54.9 10.1 16.2 30 91.4 32.3 69.6 30.5 41.7 48 99.3 NA 93.3 100 99.3 78.4 11.3
19860203 99.9 92.6 92.9 89.1 56.9 48.8 49.5 10.1 18.4 31.5 87.2 28.6 70.6 34.1 44.2 49 99.2 NA 90.5 100 98.8 78 11.9
19860204 99.8 91.5 91.8 86.6 54.6 49.6 44.6 10.1 18.4 30.1 83.5 21.4 71.9 36.1 46.2 49.8 99.2 NA 87.6 100 98.8 78.4 11.6
19860205 99.8 90.3 88.1 82.2 50.5 49.1 37.3 9.5 18.8 30.2 76.6 17.7 73.8 41 49 49.4 96.7 NA 83.9 100 98.5 77.1 11.6
19860206 99.8 88.3 86.9 78.6 47.2 51.7 33.3 9.4 21.1 30.3 73.2 14.1 75.1 44.5 52 52.1 96.6 NA 81.2 100 98.5 78.2 12.8
19860207 99.7 87.1 85.8 73.4 44.9 53.5 28.4 9.1 21.1 30.4 69.4 10.5 76.1 46.7 54.2 53.1 96.4 NA 78.3 100 98 77.8 12.8
19860208 99.7 85.9 84.5 70.9 41.8 54.4 21.9 9.2 23.3 30.5 64 5 76.8 50.5 56.5 53.6 96.4 NA 74.5 100 98 77.7 12.7
19860209 99.7 84.8 84.7 72.1 46 52.2 29.6 18 25.8 33.1 69.4 6.9 78.8 54.6 59.2 55 96.6 NA 77.3 100 98 79.2 15.4
19860210 99.7 86.1 86.7 78.7 48.1 47.9 35.5 24.8 31.5 36.6 72.9 8.1 80.8 62 61.7 55.2 96.7 NA 79.8 100 98.6 80.6 18
19860211 99.8 82.7 86.5 80 50.8 44 40.9 30.7 33.1 38.7 77 9.3 84.5 63.9 63.8 55.2 96.9 NA 81.6 100 98.6 81.5 19.4
19860212 99.8 85.5 88.5 82.6 54.5 40.3 47.3 40.5 39.2 43.1 83.8 10.6 86.9 70.5 64.8 58.1 97.6 NA 83.5 100 99 82.5 22.6
19860213 99.8 81.9 88.3 83.8 58.6 38.2 53 46.4 40.9 44.7 87.5 13.1 89.2 75.1 68.1 58.8 97.7 NA 86.2 100 99 84.1 25.6
19860214 99.9 83.5 90.3 90.4 61.2 33.9 59.1 53.2 46.5 48.9 91.6 14.3 92 79.1 69.3 59.1 97.9 NA 87 100 99.6 86.2 28
19860215 99.9 79.9 89.8 91.6 64 30.1 65.1 60.6 48.4 50.8 96.5 15.5 94 84.3 72.1 59.9 98.1 NA 89.6 100 99.6 86.5 30.1
19860216 99.9 80.8 89.5 91.1 65 32.8 65.8 62.1 50 52 96.5 16.1 93.8 84.6 75.5 63.1 98.1 NA 89.8 100 99.6 87.6 30.9
19860217 100 80.5 89.9 92.2 65.4 35 66.6 63.1 51.1 52.8 96.4 16.5 93.9 84.6 77.5 67 98.1 NA 90.2 100 99.6 87.9 31.7
19860218 100 81.1 89.2 91.2 65.8 36.7 67.4 64.4 52.2 54 96.8 16.9 93.6 84.4 81.6 71 98.1 NA 90.3 100 99.6 88.6 32
19860219 100 81 89.6 91.2 68.2 39.8 67.1 65.8 53.5 54.5 95.2 17.3 94 84.4 85.5 76.3 95 NA 90.4 100 99.5 88.3 32.7
19860220 100 81.7 88.6 90.1 69.5 42.1 66.5 66.8 54.6 55.7 95.2 18.1 93.7 84.2 88 80.1 95 NA 90.6 100 99.5 89.1 33.4
19860221 100 81.8 89 91.4 69.5 43.5 67.8 67.9 55.7 56.6 95.2 18.5 93.9 84.3 90.8 84 95 NA 90.7 100 99.5 89.2 34.2
19860222 100 81.8 88.4 90.4 70.4 45.7 68.3 69.1 56.9 57.4 95.2 18.9 93.6 83.8 94 88.5 95 NA 91 100 99.5 89.8 34.5
19860223 100 83.3 89.6 90.2 69.5 47.6 67.2 67.5 55.3 59.1 94.5 22.1 94 83.6 93.8 86.7 94.9 NA 90.8 100 99.5 89.2 35.4
19860224 100 81.9 89.8 89.5 67.2 49.2 65.8 65.9 52.5 59.8 93.7 24.1 94.3 81.2 93.4 86.5 94.9 NA 94.9 100 99.5 89.6 34.6
19860225 100 84.9 91.4 89.9 65.9 52 68 65.3 51 61.3 93 25.8 94.4 82 92.9 84.3 94.8 NA 94.8 100 99.5 89.1 33.8
19860226 100 82.9 89.7 86.1 69.7 55.6 67.3 64.2 50.4 64.4 94.1 27.9 95.3 79.8 91.9 82.2 97.3 NA 94.7 100 100 89.4 33.4
19860227 100 84.5 91 85.9 68.3 56 66.1 62.5 47.7 66.4 93.3 32.2 95.8 79.6 91.7 81.6 97.3 NA 96.6 100 100 88.8 34.8
19860228 100 83.3 91.1 85.3 66 58.9 66.4 61.2 45.5 67.5 92.6 34.3 96.1 77.2 91.1 79.8 97.2 NA 96.6 100 100 89.1 34
19860301 100 84.1 91.7 85.2 65.1 60.6 64.4 58.5 41.4 68 91.8 36.2 96.3 77 90.7 78.7 97.2 NA 98.4 100 100 88.2 33.3
19860302 100 81.6 90 83.4 62.3 54.4 66.4 56.2 40 68.2 92.4 32.6 96.1 78.7 89.9 78.2 95.5 NA 96.6 100 100 87.9 31
19860303 100 77.8 88.9 80.9 62.7 50.9 68 57 41.2 67.1 90.4 30.3 95.6 79.8 89.7 78.1 95.7 NA 92.8 100 100 88.1 32.1
19860304 100 75.7 87.8 80.1 61.3 47.5 69.5 53 38.4 66.9 90.9 24.1 95.5 81.3 89.3 78.1 94 NA 90.9 100 100 87.8 29.1
19860305 100 72.1 86 76.2 57.1 38.6 71.9 53.5 39.6 65.3 91.6 21.8 93.1 83.3 88.6 77.2 94 NA 88.6 100 100 88.6 30.1
19860306 100 68.3 84.8 74.8 54.3 32.9 73.4 54.4 40.8 65.3 90 18.4 92.6 84.4 87.7 76.3 92.2 NA 84.8 100 100 87.5 28.5
19860307 100 66.2 83.7 72.7 56.1 31.6 75 50.2 38 63.4 88.8 15.9 92.6 85.9 88 77.2 92.5 NA 83 100 100 88.3 28.3
19860308 100 62.9 82 70.3 52.5 24.4 76.7 51 39.2 64.6 89.5 11.2 92.1 86.7 86.8 75.9 90.7 NA 80.1 100 100 87.6 26.6
19860309 100 65.2 82.6 73.5 51.4 24.3 77.6 44.2 34 56.6 84 9.8 90.4 88.2 87.4 78 91.2 NA 83.2 100 100 86.4 22.1
19860310 100 67.4 83.2 75.6 53.2 26 78.4 37.3 29.2 49.5 77.6 9.8 89.1 89.1 88.2 78.7 87.1 NA 85.2 100 100 83.8 21.7
19860311 100 69 83.4 77.8 52.4 26.9 79 30.5 23.9 41.5 72.1 8.5 86.3 90.1 88.4 80.2 87.6 NA 87.2 100 100 82.6 16.9
19860312 100 70.1 84.5 82 52.7 31 80.5 23.8 19.1 34.5 67.9 7.1 81.9 89.3 88.1 78.7 87.6 NA 89.9 100 100 81.2 12.4
19860313 100 72.3 84.7 84.1 52.7 31 80.8 16.8 13.8 26.5 62.6 7.1 80.1 90.2 88.2 80 88.1 NA 91.9 100 100 77.3 12.1
19860314 100 74.3 85.2 86.3 52.6 31.8 81.7 10.1 9 19.4 55.8 5.7 78.4 91.2 88.9 81.2 84 NA 94 100 100 76 7.6
19860315 100 76.2 85.8 89.5 52.5 33.1 82.6 6.2 6.1 12.3 50.5 5 76.5 92.7 89.6 82.8 84.5 NA 97 100 100 74.7 5
19860316 100 74 85.4 89.7 54.1 34.4 82.7 6.2 6.1 12 50.4 5.7 76.5 87.2 83.7 77.7 83.8 NA 94.7 100 99.2 73.9 8
19860317 99.9 69.9 85.9 89.4 56.1 33.8 82.3 5.7 5.7 10.9 50.4 6.1 76.8 81.7 80.7 75.7 82.6 NA 92.6 100 99.2 74 9.6
19860318 99.9 68.3 85.5 89.5 58.7 36.5 82.5 5.7 5.7 10.6 50.3 6.5 78.3 71.8 74.5 70.1 80 NA 91 100 98.4 72.8 12.6
19860319 99.9 66.8 86 90.6 61.3 36.3 80.1 5.7 5.7 9.6 50.3 7 75.6 66.5 68.4 66.6 82.1 NA 86.1 100 98.4 76.7 14.2
19860320 99.9 65.3 85.2 90.3 61.3 36.9 79.1 5.2 5.2 8.5 50.3 7.8 77.6 60.9 63.6 61.5 80.2 NA 83.9 100 98.4 75.4 17.4
19860321 99.9 61.4 85.5 90.4 63.9 36.3 79.2 5.2 5.2 8.2 50.2 8.3 76.6 55.6 60 59.3 80.2 NA 82.3 100 96.8 75.6 20.4
19860322 99.8 59.1 85.2 90.5 66.1 37 78.8 5 5 7.5 50.1 8.7 78.1 47.7 53.3 53 78 NA 79.8 100 96.8 74.1 22
19860323 99.4 50.5 72 86.3 57.7 35.9 69.4 5 5 7.4 48.1 8.3 69.3 41.9 51.3 52.1 66.5 NA 72.3 97.6 96.8 71.6 20.4
19860324 98.4 43.3 62.6 83.6 48.7 33.6 61.2 5 5 7.4 43.8 7.8 60.3 38.1 48.9 48.6 57.2 NA 61.9 96.6 97.1 66.8 17.4
19860325 97.9 36.4 54.5 80.8 44.6 33.2 50.3 5 5 7.4 41.9 7 49.5 33.8 46.5 48.9 49.1 NA 50.2 94.2 98.2 61.2 14.2
19860326 97.4 26.1 37.5 74.5 35.6 29.8 39.3 5 5 5.3 36 6.5 41.9 26.4 43.9 45.8 34.3 NA 42.8 93.2 96.5 56.5 12.6
19860327 96.5 19 28.1 71.7 26.5 28.9 31.3 5 5 5.3 31.8 6.1 32.9 22.7 42.6 45 25.1 NA 32.3 92.2 96.6 53.9 9.6
19860328 96 12 18.7 69 19 26.6 23.1 5 5 5.2 29.7 5.7 23.7 18.3 39 42.6 17 NA 24.9 88.4 97.1 49 8
19860329 95.2 5 6.3 64.8 11.2 25.1 11.1 5 5 5.2 26.6 5 16.9 12.8 36.8 40 5 NA 13.7 87.4 97.2 44.5 5
19860330 95 5 6.3 63.7 10.6 25.8 11 5 5 5.2 25.8 5 15.3 12.1 35.1 37.9 5 NA 12.8 88.4 96.4 44.7 5
19860331 94.3 5 6.6 62.5 10.2 25.8 10.6 5 5 5.2 26.9 5 13.7 11.4 34.5 36.1 5 NA 11 91.7 94.7 43.7 5
19860401 94.2 5 6.6 60.2 10 24.5 10 5 5 5.2 26.6 5 12.1 10.4 33 33.7 5 NA 10 92.7 94.6 43.3 5
19860402 93.9 5 6.6 56.2 9.4 23.4 9.4 5 5 5.2 27.2 5 10.6 10.1 30.7 30.7 5 NA 9.1 93.7 94.3 43.1 5
19860403 93.1 5 6.8 56.2 9.4 23.4 9.2 5 5 5.2 25 5 9 9.4 29.1 28.5 5 NA 7.3 96.1 92.7 42 5
19860404 93 5 7 55.1 8.7 23.5 8.9 5 5 5.2 26.2 5 7.4 8.4 28.6 26.7 5 NA 6.4 96.6 92.6 41.5 5
19860405 92.5 5 6.9 52.2 8.3 22.8 8.4 5 5 5.2 25.6 5 5 8.2 27.4 24.6 5 NA 5 99 90.9 40.6 5
19860406 83.3 5 6.8 49.1 8 20.9 8 5 5 5.2 22 5 5 7.5 25.7 22.5 5 NA 5 96.6 84.6 38.6 5
19860407 64.9 5 6.4 43.4 8 18.8 7.5 5 5 5.1 18.2 5 5 7.5 23.5 20.1 5 NA 5 91.3 73.5 35.6 5
19860408 55.6 5 6.1 36.3 7 16.8 7.1 5 5 5.1 18 5 5 6.8 19.9 17.1 5 NA 5 86.4 67.2 33.7 5
19860409 46.4 5 5.8 30.9 6.8 15 6.6 5 5 5.1 14.4 5 5 6.1 18.3 14.8 5 NA 5 86.4 60.9 31.9 5
19860410 28 5 5.6 27.8 6.7 12.9 6.1 5 5 5 10.6 5 5 6.1 16.1 12.7 5 NA 5 81.5 51.7 30.1 5
19860411 18.8 5 5.2 22.1 6.1 10.8 5.7 5 5 5 7 5 5 5.4 14.3 9.8 5 NA 5 78.7 43.5 27.2 5
19860412 5 5 5 15.8 5.9 7.7 5 5 5 5 5 5 5 5 11.5 6.7 5 NA 5 73.8 35.7 24.2 5
19860413 5 5 5 14.9 5.8 7.8 5 5 5 5 5 5 5 5 10.9 6.9 5 NA 5 67.8 37.5 23.2 5
19860414 5 5 5 14.6 5.6 7.5 5 5 5 5 5 5 5 5 10.3 7 5 NA 5 67.2 38 22.3 5
19860415 5 5 5 13.4 5.6 8.3 5 5 5 5 5 5 5 5 9.9 7.1 5 NA 5 61 38.1 19.9 5
19860416 0 0 0 12.6 5.4 7.7 5 0 0 0 0 0 0 5 9.3 7.1 0 NA 5 50.7 35.7 17.7 0
19860417 0 0 0 12.3 5.3 7.4 5 0 0 0 0 0 0 5 8.8 7.5 0 NA 5 44.7 36.2 16.8 0
19860418 0 0 0 11.1 5.1 8.1 5 0 0 0 0 0 0 5 8.3 7.6 0 NA 5 44.1 36.7 15.4 0
19860419 0 0 0 10.6 5 7.7 5 0 0 0 0 0 0 5 7.7 7.7 0 NA 5 38.1 36.9 14.2 0
19860420 0 0 0 9.1 5 6.6 5 0 0 0 0 0 0 5 7.5 7.1 0 NA 5 30 28.7 11.7 0
19860421 0 0 0 8.3 5 6.6 5 0 0 0 0.6 0 0 5 7.1 6.4 0 NA 5 21.9 20.5 9.3 0
19860422 0 0 0 6.8 4.7 3.2 0 0 0 0 0.6 0 0 0.6 5.3 5.8 0 NA 0 11 11.2 6.8 0
19860423 0 0 0 5.6 4.7 2.2 0 0 0 0 0.6 0 0 0.6 4.8 5 0 NA 0 5 5 5 0
19861227 37.8 5 5 5 5 5 5 5 5 5 5 5 5 7.8 8.3 5.1 5 NA 17.1 10.5 5 6.8 5
19861228 37.7 5 5 5 5 5 5 5 5 5 5 5 5 7.5 8.3 5.1 5 NA 20.5 9.9 5 6.8 5
19861229 37.5 5 5 5 5 5 5 5 5 5 5 5 5 7.2 8.3 5.1 5 NA 24.8 8.7 5 6.7 5
19861230 37.6 5 5 5 5 5 5 5 5 5 5 5 5 7.2 8.3 5.1 5 NA 26.1 8.2 5 6.6 5
19861231 37.4 0 0 0 0 0 0 0 0 0 0 0 0 6.7 8.1 5.1 0 NA 30.2 7.6 5 6.5 0
19870101 37.1 0 0 0 0 0 0 0 0 0 0 0 0 6.4 8.1 5.1 0 NA 35.8 6.4 5 6.4 0
19870102 37.3 0 0 0 0 0 0 0 0 0 0 0 0 6.1 8.1 5.1 0 NA 36.4 5.9 5 6.4 0
19870103 36.7 0 0 0 0 0 0 0 0 0 0 0 0 5.9 8.1 5.1 0 NA 41.4 5 5 6.3 0
19870104 36.7 0 0 0 0 0 0 0 0 0 0 0 0 5.9 7.9 5.1 0 NA 34.9 5.5 5 6.3 0
19870105 38.6 0 0 0 0 0 0 0 0 0 0 0 0 5.9 7.9 5.1 0 NA 33.4 5.9 5 6.2 0
19870106 38.8 0 0 0 0 0 0 0 0 0 0 0 0 5.8 7.8 5.1 0 NA 27 6.6 5 6.2 0
19870107 38.6 0 0 0 0.6 0.1 0 0 0 0 0 0 3.3 1.3 3.3 0.1 0 NA 19.7 7 2.2 6.2 0
19870108 39.3 0 0 0 0.6 0.1 0 0 0 0 0 0 3.3 1.3 3.2 0.1 0 NA 13.3 7.4 2.2 6.1 0
19870109 39.5 0 0 0 0.6 0.1 0 0 0 0 0 0 3.3 1.2 3.1 0.1 0 NA 8.9 8.1 2.2 6.1 0
19870110 40.2 0 0 0 0.6 0.1 0 0 0 0 0 0 3.3 1.2 3.1 0.1 0 NA 5.3 8.4 2.2 6 0
19870111 47.4 2.1 0.2 0.6 0.6 0.1 0 0 0 0.2 1.1 0 3.3 3.1 3.8 0.1 9.9 NA 6.6 22.7 2.3 8.4 0
19870112 52.2 4.2 0.4 1.2 0.6 0.1 0 0 0 0.5 2.2 0 3.3 4.6 4.7 0.1 19.7 NA 9.3 32.4 2.4 9.7 0
19870113 57.3 4.2 0.4 1.2 0.6 0.1 0 0 0 0.7 3.3 0 3.3 6.2 5.4 0.1 29.6 NA 10.6 41.8 2.5 11.5 0
19870114 65.6 11.3 5.6 6.8 1.9 0 0 0 0 3.9 8.9 0 2.8 12.5 7.7 0.2 39.5 NA 13.3 51.4 5.4 9.5 0
19870115 70.4 11.3 5.6 6.8 1.9 0 0 0 0 4.1 10 0 2.8 14 8.5 0.3 49.4 NA 14.6 61.1 5.5 10.8 0
19870116 75.5 15.4 6 7.9 1.9 0 0 0 0 4.3 11.1 0 2.8 15.6 9.3 0.3 59.2 NA 17.3 70.4 5.6 12.7 0
19870117 82.6 15.4 6 7.9 1.9 0 0 0 0 4.5 12.3 0 2.8 17.1 10 0.3 69.1 NA 18.6 80 5.7 14 0
19870118 84.8 28.4 8 8.9 2.9 1 1.6 1.1 0.5 5.2 17.5 0 3.8 18.5 10.7 1.2 69.3 NA 25.5 78.9 11.1 16.1 0
19870119 86.3 38.4 9.3 9.5 4.5 3 4 3 0.9 6.6 23.7 0 5 19.5 11.8 2.2 79.3 NA 35.6 77.7 21.1 19.6 0
19870120 87.7 48.6 10.8 10.4 5.1 4 6.4 4.1 1.4 7.1 26 0 6.6 21.8 12.7 3.1 79.4 NA 43.5 85.5 31.1 23 0
19870121 91.1 61 11.9 11.4 7.7 6.8 9.1 4.9 1.4 7.7 31.7 5 10 22.6 14.2 5.7 85 NA 55.4 84.3 41.5 28.5 5
19870122 92.6 74.2 14.3 11.9 8.3 8.6 12.3 6 1.8 7.9 34.6 5 10.4 23.5 15.4 6.6 89.7 NA 63.3 83.2 51.4 31.5 5
19870123 94.1 84.4 15.7 12.9 9.7 9.7 13.1 7.9 2.3 9.3 40.2 5 12 25.2 16.2 7.6 92.5 NA 72.4 86.5 61.3 34.2 5
19870124 96.3 93.5 17.1 13.4 10.2 11.2 15.9 9 2.7 9.8 42.9 5 13.1 26.5 17 8.5 97.7 NA 80.3 84.8 71.5 36.8 5
19870125 96.3 93 21.5 15.5 10.9 11.5 18.3 7.9 2.3 9.3 47.8 5 13.8 24.8 16.9 8 97.7 NA 79.9 86.5 70.8 41.4 5
19870126 96.3 92.9 27.3 17.3 9.9 11.8 19.8 7.1 2.3 8.5 48 5 15.2 23.6 16.7 8.1 97.7 NA 79.2 87.5 63.7 45.2 5
19870127 96.3 92.2 33.1 18.6 10.8 11.9 21.6 6 1.8 8 53.1 5 16.6 22.4 16.4 7.9 97.7 NA 76.5 88.6 63.5 47.8 5
19870128 96.4 92.9 35.1 19.7 11.3 15.1 25.5 9.3 6.1 8.8 56.2 5 16.6 22.5 18.9 10.5 98.4 NA 74.8 93.2 64.4 51.2 5
19870129 96.3 89.7 40.1 21.3 11.8 15.3 26.5 8.5 6.1 8.9 57.1 5 18 21.2 18.6 9.8 97.1 NA 73.7 94.2 56 53.7 5
19870130 96.3 89.7 46.7 25 11.2 15.6 28.5 7.4 5.7 7.5 60.3 5 19.4 20.1 18.7 9.8 97.1 NA 72.8 96.4 55.8 57.7 5
19870131 96.3 89.1 46.9 26 11.6 15.7 29.7 6.3 5.2 6.9 64.8 5 19.4 19 18.4 9.5 97.1 NA 70.2 97.5 47.7 59.7 5
19870201 96.3 88.4 53.5 27.3 11.5 16.1 31.6 5 5 6.3 68.4 5 20.8 17.2 18.1 9.2 97.1 NA 69.2 98.6 47.8 63.6 5
19870202 96.3 79.6 47.5 25.1 10.8 14.1 28.5 5 5 6.1 62.7 5 20.4 15.5 18 9 95.3 NA 65.7 98.7 48.1 61.4 5
19870203 96.2 66.7 40.8 23.7 10.1 13.7 23.7 5 5 6 57.5 5 18.2 14.4 17.6 9 93.3 NA 62.3 98.7 56 56.2 5
19870204 96.3 56.4 35 21.5 9.3 11.7 20.4 5 5 5.7 52.2 5 17.7 12.1 17.1 9 90.9 NA 58.9 99.4 56.3 54.3 5
19870205 96.3 43.5 28 20 8.6 9.9 15.1 5 5 5.6 46.2 5 15.6 11 16.8 8.8 87.5 NA 55.5 99.5 56.6 51.5 5
19870206 96.3 33.1 21.8 17.8 7.8 7.9 11.9 5 5 5.3 40 5 15.1 8.7 16.8 8.7 84.3 NA 52 99.5 64.7 46.9 5
19870207 96.2 20.1 17.3 16.4 7.3 6.7 8.1 5 5 5.1 33.7 5 13.2 7.1 16 8.7 82.5 NA 50.3 99.6 65 45.1 5
19870208 96.2 33.8 30 26.8 7.5 9.3 12.5 5 5 5.1 39.5 5 18.1 7 15.3 8.9 84 NA 53.8 99.6 73.6 49.4 5
19870209 96.2 41 37.4 33.8 7.5 11 15.9 5 5 5.2 42.6 5 22.5 6.6 14.5 8.9 85.4 NA 58.1 99.5 73.8 55.8 5
19870210 96.2 51 47 40.8 7.6 12.8 19.2 5 5 5.2 47.5 5 26.1 6.6 14.2 9.1 86.4 NA 62.7 99.4 82.3 59.9 5
19870211 98.3 65.5 61.3 54.4 7.9 16.1 25.3 5 5 5.5 53.9 5 33.1 6.5 13.3 9.6 88.7 NA 68.2 99.6 82.3 67 5
19870212 98.3 75.5 70.2 61.3 7.9 17.8 28.1 5 5 5.5 58.7 5 36.7 6.1 12.6 9.4 90.8 NA 69.6 99.5 90.8 71.1 5
19870213 98.3 82.8 77.7 68.3 8 19.6 31.5 5 5 5.5 61.8 5 41.1 6.1 11.9 9.7 92.1 NA 74.2 99.5 91.2 75.3 5
19870214 98.2 95 89.6 78.8 8.1 22.1 36.2 5 5 5.5 67.1 5 45.6 5.9 11.3 9.8 93.2 NA 79.1 99.4 95.6 81.7 5
19870215 96.5 93.8 88.9 76.2 11 20.3 35.1 5 5 7.6 70.9 5 44.7 5.8 11.5 10 93.1 NA 82.9 98.8 92 80.2 5
19870216 96.1 92.6 89.7 77.8 13 19 33.9 5 5 9.1 74 5 45.3 5.6 11.5 9.3 93.2 NA 84.1 98.1 88.2 82.6 5
19870217 92.9 91.4 87.9 72 15 17.7 33.3 5 5 10.7 77.2 5 43.3 5.5 11.7 10.1 93.1 NA 87.5 97.7 84.6 79.1 5
19870218 92.7 85.3 85.3 73.8 16.8 14.8 30.9 5 5 12.7 79.5 5 44 5.4 9.9 7.8 94.5 NA 90.1 96.8 78.1 79.3 5
19870219 89.5 84.7 83.3 66.4 20.6 13.4 30 5 5 15.3 84 5 44.9 5.2 9.9 7.4 94.4 NA 93.8 96.8 74.4 78.7 5
19870220 89.3 83.5 84.2 68.2 22.6 12.2 29.1 5 5 16.8 87 5 42.5 5.1 10.2 7.7 94.5 NA 95.1 95.2 70.7 77.4 5
19870221 86 82 82.4 62.4 24.6 10.1 27.6 5 5 18.4 90.3 5 43.3 5 10.3 7.4 94.4 NA 97.4 95.2 66.4 78.1 5
19870222 85.2 81 81.3 63.6 22.7 9.4 26.1 5 5 16.8 82.8 5 40.4 5.2 10.1 7.4 94.5 NA 94.7 95.3 66 76.9 5
19870223 83.1 79.2 79 59.6 21.1 8.7 24.8 5 5 15.2 75.3 5 37.4 5.4 9.8 5.8 94.8 NA 92.6 96.5 64.1 77.9 5
19870224 84.2 76 78.1 65.3 17.4 8 23.1 5 5 12.1 60.5 5 34.3 5.6 9.7 5.8 95 NA 89.8 96.6 62.4 79.2 5
19870225 82.2 78.2 78.8 61.4 15.6 7.4 21.4 5 5 10.5 54.2 5 30.5 5.8 11.4 7.6 95.5 NA 85.8 98 63 81.4 5
19870226 81.3 77 77.7 62.6 13.7 6.7 20 5 5 8.9 46.6 5 27.1 5.9 11.1 5.9 95.6 NA 83.7 98 61.1 81.8 5
19870227 79.9 75.1 75.5 58.9 12.1 6 18.9 5 5 7.3 39.2 5 24.4 6.2 11 5.9 95.9 NA 81.6 98.6 60.7 82 5
19870228 79.4 72.9 73.7 59.5 9.3 5 17 5 5 5 28 5 22.4 6.3 10.7 5.1 96 NA 78.5 99.3 58.9 81.4 5
19870301 80.3 64.9 64.6 50.9 9.4 5.2 15.9 5 5 5 26.1 5 21.9 6.2 10.4 5.2 83.1 NA 77.3 99.3 58 73.2 5
19870302 79.5 58.4 57.7 44.8 9.1 5.4 14.9 5 5 5 23.9 5 20.4 5.9 9.9 5.3 69.5 NA 73.5 99.3 57.2 66.8 5
19870303 79.6 53.1 51.6 38.8 9.4 5.7 14.3 5 5 5 23.7 5 21 5.8 9.7 5.4 59.7 NA 72.8 99.3 56.6 60.3 5.1
19870304 80.1 42.4 39.4 27.1 9.2 5.8 12.8 5 5 5 19.6 5 19.3 5.6 9.4 5.5 43.7 NA 70.5 98 55.3 50.6 5.1
19870305 79.3 34.8 31.8 21.1 8.9 6 11.8 5 5 5 17.4 5 18.5 5.4 9 5.6 30.1 NA 68.2 98 54.6 44 5.1
19870306 79 29.5 25.7 15 9.2 6.3 11.2 5 5 5 17.3 5 17.6 5.2 8.7 5.7 20.3 NA 66.4 98 54 37.6 5.2
19870307 78.8 21.5 16.5 6.2 8.9 6.4 10 5 5 5 14.1 5 17.2 5 8.4 5.8 5.5 NA 64 98 53 28 5.2
19870308 80.3 19.3 15.1 6.8 8.9 6.6 9.7 5 5 5.1 18.8 5 16.9 5 8.5 5.7 10.4 NA 61.9 96.8 55.2 32.9 5.2
19870309 80 17.1 14.5 6.7 7.9 6.7 10.2 5 5 5.1 22.3 5 16.5 5 8.4 5.7 16.1 NA 65.8 96 59.8 36.4 5.2
19870310 82.9 14.9 12.9 7.1 7.9 6.8 9.9 5 5 5.1 26.1 5 16.3 5 8.5 5.6 21.9 NA 63.6 95.2 62 39.5 5.3
19870311 84.9 12.7 12.3 7.5 7.7 6.9 9.7 5 5 5.2 27.6 5 15.9 5 8.5 5.6 27.6 NA 63.2 92.9 65.6 43.2 5.3
19870312 84.6 10.5 10.8 7.8 6.8 7 9.9 5 5 5.2 32.9 5 16 5 8.6 5.5 35.4 NA 63.2 92.1 65.3 49.2 5.4
19870313 86.4 8.3 10.2 8.2 6.7 7.2 10 5 5 5.3 36.6 5 15.4 5 8.6 5.5 41.1 NA 65 91.3 70 52.9 5.4
19870314 87.3 5.5 8.2 8.4 6.2 7.3 10 5 5 5.3 40.4 5 15.2 5 8.7 5.4 46.8 NA 63.9 90.1 72.3 55.8 5.4
19870315 82.1 6.1 8.2 8 6.2 7.1 9.4 5 5 5.3 36.9 5 15.3 5 8.5 5.3 43.4 NA 59.9 91.3 68.4 52.9 5.4
19870316 78.5 6.5 7.3 7.6 6.2 6.8 8.8 5 5 5.2 33.3 5 15 5 8.4 5.3 42.3 NA 55.9 92.2 63.2 49.3 5.3
19870317 75.3 6.9 7.3 6.8 6.2 6.6 8.3 5 5 5.2 26.2 5 15.2 5 8.2 5.3 36.8 NA 52.4 93 64 43.3 5.3
19870318 67.7 7.2 6.4 6.4 6.3 6.4 7.7 0 4.1 5.1 22.9 0 15 0 4.1 0.4 33.4 NA 49.9 95.4 60.4 39.7 1.2
19870319 64.1 7.6 6.4 6 6.3 6.1 7.1 0 4.1 5.1 19.3 0 14.5 0 4 0.3 32.3 NA 45.8 96.1 56.4 36.7 1.1
19870320 60.9 8.1 5.5 5.6 6.3 5.9 6.6 0 4.1 5.1 15.9 0 14.9 0 3.9 0.3 28.9 NA 42.1 97 51.4 33.2 1.1
19870321 55.5 8.7 5 5 6.3 5.7 6.2 0 4.1 5 10.5 0 14.7 0 3.7 0.2 26.3 NA 36.1 98.2 49.2 28.4 1
19870322 52.7 8.1 5 5 6.1 5.6 6.1 0 4.1 5 9.6 0 13.6 0 3.6 0.2 22.7 NA 34.1 95.4 50.6 27.9 1
19870323 51.3 7.6 5 5 5.9 5.5 5.9 0 4.1 5 8.9 0 11.6 0 3.5 0.2 20.4 NA 30.5 91.5 50.6 26.9 1
19870324 48.9 7.2 5 5 5.8 5.4 5.8 0 4.1 5 8.3 0 10.6 0 3.5 0.2 18 NA 27.6 87.7 49.8 26.4 1
19870325 46.6 6.4 5 5 2.6 2.5 4.4 0 0 2.7 7.2 0 4.1 1.7 4.4 3.4 13.3 NA 23.5 83.2 51.4 25.9 0
19870326 45 6 5 5 2.4 2.4 4.3 0 0 2.7 6.5 0 3.1 1.7 4.3 3.4 10.9 NA 21.7 82.2 49.3 25 0
19870327 41.1 5.6 5 5 2.3 2.3 4.1 0 0 2.7 5.9 0 1 1.7 4.2 3.4 8.5 NA 18.2 78.4 50.6 24.4 0
19870328 39.4 5 5 5 2 2.2 4 0 0 2.7 5 0 0 1.7 4.1 3.4 5 NA 15.6 74.1 49.8 23.8 0
19870329 35.1 5 5 5 2 2.2 3.9 0 0 2.7 5 0 0 1.7 4.3 3.4 5 NA 13.7 73.3 47.4 23.2 0
19870330 30.8 5 5 5 2 2.2 3.9 0 0 2.7 5 0 0 1.7 4.4 3.4 5 NA 13.7 69.8 42.4 22.5 0
19870331 26.2 5 5 5 2.1 2.2 3.9 0 0 2.7 5 0 0 1.7 4.6 3.4 5 NA 11.8 67 39.4 21.5 0
19870401 21.9 5 5 5 5 5 5.1 5 5 5 5 5 5 5 7.5 5 5 NA 9.8 63.5 33.6 20.9 5
19870402 17.6 5 5 5 5 5 5 5 5 5 5 5 5 5 7.7 5 5 NA 9.8 62.6 31.6 20.2 5
19870403 13.3 5 5 5 5 5 5 5 5 5 5 5 5 5 7.9 5.1 5 NA 7.9 59.3 25.7 19.7 5
19870404 9 5 5 5 5 5 5 5 5 5 5 5 5 5 8 5.1 5 NA 6 58.2 23.5 19 5
19870405 6.5 5 5 5 5 5 5 5 5 5 5 5 5 5 8.1 5.1 5 NA 5 55 20.5 18 5
19880103 35.4 42 5 5 5 5 5 5 5 5 5 5 5 5 8.1 5 90 NA 39.8 19 6.2 5.8 5
19880104 44.4 50.5 16.4 19.1 10.3 8.3 9.9 6.1 8.6 10.5 14 15 9.4 5.7 12.3 6.8 90 NA 48.9 31.2 13.5 12.3 7.5
19880105 53.8 56.3 24.3 29.1 13.8 10.5 13.2 6.9 11 14.1 20 21.6 12.3 6.1 15 8 92.9 NA 54.9 40.6 18.6 16.7 9.2
19880106 60.3 62 31.7 38.8 17.5 12.8 16.5 7.6 13.4 17.7 26.1 28.2 15.7 6.5 18.2 9.3 92.9 NA 61.8 55 24.6 22.1 10.9
19880107 72.2 74.9 42 48.8 21.1 15.6 19.7 9.1 18.2 25 38.1 34.9 18.6 7.4 23.7 11.7 92.9 NA 67.8 65 33.2 28 12.5
19880108 79.9 80.6 49.9 58.8 24.6 17.8 23 9.8 20.5 28.7 44.1 41.5 21.5 7.8 26.5 12.9 92.9 NA 73.9 75 38.2 32.4 14.2
19880109 86.1 86.3 57.3 68.4 28.3 20.1 26.3 10.6 22.9 32.3 50.1 48.2 24.9 8.3 29.6 14.2 95.8 NA 80.8 88.7 44.3 37.8 15.9
19880110 96.8 94.7 66.4 78.4 31.8 22.6 29.6 11.7 26.5 37.8 59.1 54.8 27.8 8.9 33.6 16 95.8 NA 86.8 98.7 50.9 42.9 17.5
19880111 96.8 88.8 62.1 73.5 29.8 21.5 27.6 10.6 22.9 33.2 57.8 48.2 32.6 9.6 32.1 15.9 95.8 NA 84.8 98.7 51.8 43.2 16
19880112 96.8 84.7 58.4 69.4 27.6 20.4 25.6 9.8 20.5 30.2 56.9 41.5 36.2 10 31.6 16 97.2 NA 83.1 99.3 54.9 43.6 14.3
19880113 96.8 80.6 55.5 69.1 26.1 19.8 24.2 9.1 18.2 27.2 56.5 34.9 42.4 10.5 30.2 16 97.2 NA 81.1 99.4 57 44.4 12.7
19880114 99.9 72.8 51.2 64.2 24.2 18.7 22.7 7.6 13.4 21.2 54.3 28.2 47.7 10.5 29.1 16 98.5 NA 81.7 98.7 59.6 45.4 11.1
19880115 99.9 68.7 47.5 60.1 22 17.6 20.7 6.9 11 18.2 53.4 21.6 51.1 11.8 27.4 16 98.6 NA 79.8 99 58.5 45.6 9.5
19880116 99.9 64.6 43.9 57.4 20.1 16.7 19 6.1 8.6 15.2 53 15 56.4 12.3 26.9 16 99.2 NA 77.7 99 61.6 46 7.9
19880117 99.9 58.5 38.1 50.9 16.8 15 15.9 5 5 10.6 51.4 5 60.9 12.5 25.1 16 99.9 NA 74.9 99.3 63.5 46.2 5.5
19880118 97.9 58.5 38 43.7 16.4 14 15.5 5 5 10.2 53.8 5 54.8 12 25.1 15.5 99.3 NA 75.3 99.3 61.8 43.9 5.4
19880119 95.9 58.1 37.3 38.4 15.6 13.4 15.1 5 5 9.9 55.4 5 49.3 11.2 25.2 15.1 98.4 NA 75.5 99.3 61.8 42.1 5.3
19880120 93.9 57.9 37.2 33.4 15.3 12.5 14.7 5 5 9.6 58.2 5 45 9.8 25.8 14.7 97.9 NA 75.4 99.3 60.1 40.5 5.3
19880121 91.1 57.5 35.6 23.8 14.1 11.3 13.7 5 5 8.8 60.1 0 37.7 9.3 25.7 14 92.5 NA 75.6 100 60.4 36.8 1.4
19880122 89.1 57.3 34.4 18.5 13.3 10.4 13.7 5 5 8.5 60.9 0 32.2 8.6 25.5 13.6 91.6 NA 76.3 100 56.6 35.3 1.3
19880123 87.1 57.2 34.3 13.6 13 9.8 13.4 5 5 8.2 63.2 0 27.8 8 25.8 13.2 91 NA 76.5 100 56.9 33.6 1.2
19880124 85.1 56.9 34 6.1 12 8.6 12.7 5 5 7.6 65.7 0 21.3 6.9 25.9 12.7 90.2 NA 76.6 100 54.5 31.1 1.2
19880125 87.1 57.1 36.3 6.3 12.5 8.7 12.7 5 5 7.6 67.1 0 21.5 6.8 24.6 12.4 88.1 NA 74.6 100 56.5 32.9 1.2
19880126 89.1 55.3 37 9.1 12.8 9.1 13.7 5 5 7.5 70.6 0 21.6 6.5 23.2 12.2 86.6 NA 73 100 64.3 33.6 1.2
19880127 91.1 54.6 40.1 9.4 13.1 9.4 13.9 5 5 7.4 71.5 0 21.8 6.5 22 11.9 85.2 NA 69 100 65.3 35.4 1.2
19880128 92.6 50.6 39.8 9.2 12.2 9.8 14.9 5 5 7.4 76.5 5 23.1 6.2 20.4 11.4 78.3 NA 67 100 67.5 36 5.2
19880129 94.6 50.8 40.7 14.8 13.3 9.6 13.9 5 5 7.5 78.6 5 23.2 5.9 19 11.3 76.8 NA 65.1 100 68.5 36.7 5.2
19880130 96.6 50.1 43.9 15.1 13.6 10.1 14.9 5 5 7.4 81.1 5 23.5 5.9 17.8 11.1 75.4 NA 63.5 100 76.4 38.6 5.2
19880131 98.6 47.5 44.6 15 13.7 10.3 15.5 5 5 7.2 82.7 5 23.6 5.7 16.1 10.7 73.2 NA 60.5 100 77.4 39.3 5.2
19880201 98.6 54.9 51.4 23.4 19.5 11 18.6 10.1 6.1 9.4 84.3 5 30.2 14 20.3 13 76.2 NA 65.4 100 79 46.1 5.6
19880202 99.3 60.9 57 31.4 25.9 12.1 19.7 13.5 6.9 10.9 85.5 5 35.4 22.7 24.1 14.9 78.1 NA 68.6 100 80 53.2 5.9
19880203 99.3 66.9 65.8 41.4 29.2 12.8 22.6 16.8 7.6 12.4 86.5 5 43 31.5 27.8 16.5 80.1 NA 72 100 87.9 58.3 6.6
19880204 99.3 77.3 74.8 51.6 38.8 13.9 25.4 20.2 8.3 15.4 91.5 5 50.5 44 33.8 19.3 88.1 NA 78.4 100 88.7 67.7 7
19880205 99.3 83.3 80.4 61.6 44.1 15.5 27.7 27 9.8 16.8 92.5 5 55.7 48 36.9 21.5 90.1 NA 81.6 100 90.4 73.9 7.4
19880206 100 89.3 87.6 69.6 48.5 15.5 28.7 30.4 10.6 18.3 93.7 5 60.9 56.8 40.7 23.2 92 NA 85 100 94.8 79.3 7.8
19880207 100 95 93.4 81.5 55.5 16.8 31.6 33.8 11.3 20.5 95.3 5 68.7 67.4 45.2 25.3 95 NA 89.8 100 95.6 86.8 8.3
19880208 99.8 95 92.6 77.6 52 17.3 34.9 32.4 11.5 19.1 93.6 5 67.4 73.9 53.1 28 95 NA 91.2 100 95.6 88.1 8
19880209 99.7 95 92.4 80.3 49.6 19.6 36.4 29.1 11.7 19 92.7 5 68.2 75.2 58.3 29.2 95 NA 90.5 99.9 95.6 87.2 8.2
19880210 99.7 95 91.9 77.6 46.2 18.6 38.6 26.4 12.1 18.4 91.1 5 68.1 81.1 63.9 31.7 95 NA 91.7 99.9 95.6 88.2 8.3
19880211 99.3 94 89.9 73.4 39.7 20 40.7 25.1 12.7 17.1 89 5 68.2 83.9 73.2 33.8 99.9 NA 92.7 99.9 96.8 87.9 8.1
19880212 99.3 94 89.8 75.7 38.1 19.9 41.5 23.8 13.4 17 88.2 5 69 89.9 79.2 35.6 99.9 NA 90.6 99.8 96.8 88.6 8.2
19880213 99 94 89.3 73.3 34.7 21.5 43.7 20.4 13.6 16.3 86.5 5 68.8 91.1 84 37.9 99.9 NA 91.8 99.8 96.8 88.7 8.3
19880214 99 94 88.7 72.1 31.1 21.3 45.8 18.4 14.1 15.7 85.2 5 69 95.4 91.9 39.6 99.9 NA 92.7 99.7 96.8 89.2 8.3
19880215 99 94 89 74.7 32.4 21.6 45.7 20.2 13.6 17.1 84.9 5 67.6 93.9 91 40.4 99.9 NA 92.7 99.7 96.8 88.6 8.3
19880216 99 94 89.2 76.5 33.5 19.4 45.1 23.2 13.2 18.9 85.1 5 66.1 93.9 91.1 41.2 99.9 NA 92.7 99.8 96.8 88.3 8.1
19880217 99 94 89.4 78.2 35.3 19.7 46.4 24.6 12.9 19.1 84.4 5 64.4 90.9 89.3 41.4 99.9 NA 96.3 99.8 96.8 87.3 8
19880218 99 95 90.7 81 36.8 17.8 46.1 25.6 12.1 20.7 80.4 5 63.3 91.1 89 41.7 99.6 NA 96 99.8 98.5 86.4 8.1
19880219 99.2 95 90.9 82.8 38.5 18.1 45.5 27.7 11.2 20.9 80.1 5 61.8 88.1 89.1 41.5 99.6 NA 96 99.8 98.5 86.2 8
19880220 98.9 95 91.1 84.5 39.4 15.9 45.9 31.1 11.5 22.7 79.4 5 60.1 88.1 87.3 42.8 99.6 NA 97.9 99.9 98.5 86 7.8
19880221 99.1 95 91.4 87.2 40.6 15.2 44.8 32.2 11 23.3 79.1 5 60 85.1 87.4 42.7 99.6 NA 97.9 99.9 98.5 85 8.1
19880222 99 92.7 91.2 87.3 40 18.8 44.6 29.5 10.6 22.3 78.9 5 60.3 73.4 83.6 41.7 99.5 NA 92.4 99.9 98.5 82 8.4
19880223 98.9 92.1 91.6 88.2 42 21.6 43.9 26.7 9.7 19.4 78.2 5 61.7 64 82 40 99.2 NA 87.3 99.9 98.5 80 9.4
19880224 98.8 88.1 91.1 88.2 42.5 24.7 43.6 21 8.7 18 80.8 5 62.4 58 78.6 38 98.9 NA 83.4 99.9 98.5 76.3 10
19880225 98.7 87.2 91.5 89.2 42.4 27.8 42.4 18.4 8.3 14.9 79 5 64 43.3 73.7 36.7 98.7 NA 76.6 100 98.8 73.9 11
19880226 98.5 86.6 91.9 90 43 33.1 41.7 15.6 7.4 14 79.3 5 65.4 34.1 71.9 35.8 98.4 NA 70.9 100 98.8 72.3 12
19880227 98.5 82.9 91.4 90.1 44.9 36.1 41.5 12.9 6.9 11.2 79.1 5 66.1 25 69.4 33.8 98.1 NA 66.8 100 98.8 68.7 12.6
19880228 98.3 82 91.8 91 46.2 39 40.7 8.5 5.9 8.6 78.2 5 67.5 14.6 66 32 97.8 NA 61.2 100 98.8 66.3 13.6
19880229 96.6 79.1 87.2 87.7 47.2 38.8 42.5 8.4 6 8.5 79.4 5 66.7 16 64.8 34 98 NA 62.6 100 98.8 68 12.3
19880301 93.7 77.2 83.8 85.4 48.8 38.8 44.8 8 5.9 8.5 79.1 5 67.1 16.6 64.1 35.2 95.1 NA 64.2 100 98.9 71.5 12.1
19880302 92.2 75.2 80.3 82.7 46.8 36.6 48.1 7.9 6 8.4 79.8 5 65.9 17.5 63.1 35.8 95.3 NA 67.1 100 98.9 73.2 10.9
19880303 91.1 73.7 74.2 79.4 47.2 35.8 50.7 7.5 5.8 8.1 80.6 5 65 18.8 60.1 36.6 95.3 NA 69.7 100 99 75.4 10.6
19880304 89.2 66 70.7 77 48 36 50.9 7.1 5.7 8.2 79.1 5 63.8 20.4 60.1 37.4 95.5 NA 69.9 100 99 77.5 9.3
19880305 86.4 66 67.4 74.4 49.7 36 53.6 6.9 5.8 8.1 79.8 5 64.7 21.3 59.1 38.8 92.7 NA 72.2 100 99.1 80.1 9.2
19880306 84.8 64.1 63.3 71.9 48.6 34.7 56.3 6.5 5.7 7.9 80.6 5 63.1 22.1 57.8 39.7 92.9 NA 74.3 100 99.1 82.4 8
19880307 85.7 62.7 64.7 74.4 48 35.2 55.2 6.8 5.7 8.4 78.3 5 64 22.1 58.4 40 86 NA 71.6 100 96.3 79.3 8.1
19880308 85.9 59.4 65.2 76.1 45.6 35.9 54.2 6.8 5.4 8.7 76.4 5 63 21.9 57.8 40.2 76.5 NA 68.7 100 93.2 77.2 6.9
19880309 86.8 56.8 65.9 77.9 41.9 35.3 52.7 7.2 5.4 8.6 74.3 5 63.9 21.7 58 40.8 65.3 NA 66.9 100 91 75.1 6.9
19880310 88.2 56.3 66.9 81 40.4 36 53.1 7.5 5.4 9.1 72.9 5 62.6 22.5 59.6 42.1 58.5 NA 64 100 87.7 71.3 7
19880311 88.9 54.8 67 82.7 40.4 36.8 52.8 7.5 5.2 9.7 71.4 5 62.8 23.3 59.9 42.3 49.1 NA 61.6 100 84.6 68.4 5.9
19880312 89.4 51.6 67.9 84.5 37.9 37.1 50.9 7.8 5.2 9.9 69.3 5 62.2 22.5 59.6 43 42.2 NA 58.6 100 82.4 66.8 5.9
19880313 90.1 48.6 69 86.9 35.3 37.3 49.9 7.8 5 10.1 66.1 5 62.9 23.1 59.8 42.8 31.8 NA 55.8 100 79.1 63.9 5.3
19880314 88.2 45.7 60.6 87.1 34.6 33.9 46.2 7.7 5 9.9 66.5 5 60.6 26.7 61.8 45.2 30.6 NA 53.9 100 82.4 67.5 5.3
19880315 87.8 46.2 54 86.7 35.2 31.4 43.1 7.6 5 9.6 65.4 5 58 32.6 62.1 45.7 32.1 NA 46.7 99.9 84.6 70.1 5.2
19880316 84.6 41.3 48 87.1 33.9 26.1 35.7 7.5 5 8.9 63.6 5 57.9 32.6 63.1 46.9 30.2 NA 44.5 99.9 88.7 72.1 5.2
19880317 84 40.1 36.9 87 33.8 23.1 31.7 7.3 5 8.6 62.9 5 55.5 39.8 62.6 49 29.7 NA 39.6 99.9 91.3 78.3 5.1
19880318 81.8 38.4 30.5 86.6 34.4 20.1 29.4 7.2 5 8.5 63.4 5 52.9 47.6 64.3 48.7 31.2 NA 34.8 99.8 93.4 80.8 5.1
19880319 81.4 36.4 24.3 87 33.1 17.4 24.7 7.1 5 8.3 62.5 5 51.6 45.6 63.6 50 29.3 NA 30.2 99.8 97.6 83.2 5.1
19880320 79 33.8 14.9 86.8 33.9 13.1 20.2 7 5 7.7 61.5 5 48.2 53.2 66 51.7 29.8 NA 25.9 99.8 99.9 86.8 5
19880321 76.6 27.4 13.8 84.3 30.5 12.7 18 6.7 5 7.5 57.9 5 46 45 61.9 46.8 24.3 NA 22.4 99.4 97.4 86.3 5
19880322 76.4 27.4 13.7 83.5 29.9 11.6 16.5 6.4 5 7.2 54 5 44.8 44.4 57.8 41.7 24.3 NA 20.1 98.8 93 83.6 5
19880323 74.1 21 12.6 81.3 26.4 11.3 14.8 6.2 5 6.7 48.8 5 42.4 36.5 54.3 37.2 18.8 NA 17.8 98.4 90.6 82.7 5
19880324 71.8 14.6 11.1 74.6 22.1 11.4 12.3 5.8 5 6.4 45 5 40.9 28 47.3 31 13.3 NA 13.1 98.1 86.2 81.6 5
19880325 71.9 14.6 11.1 74.1 22.3 10.9 11.1 5.6 5 6.1 40.8 5 39.8 27.5 46.1 26.4 13.3 NA 10.8 97.4 81.8 77 5
19880326 69.4 8.2 10 71.7 18.4 10.1 9.4 5.3 5 5.9 37.3 5 37.2 19.6 39.6 21.2 7.8 NA 8.5 97.1 79.4 75.9 5
19880327 68.1 5 9.3 70 16.4 9.6 7.2 5 5 5.5 32.2 5 35.9 15.1 36.4 14.3 5 NA 5 96.6 75.9 74.9 5
19880328 64.4 5 9.1 68.8 15.5 9.8 7.2 5 5 5.4 30.7 5 33.3 14 32 12.9 5 NA 5 95 73.3 70.7 5
19880329 57.1 5 8.6 65.7 14 9.8 6.8 5 5 5.4 26.1 5 30.3 14 31 11.9 5 NA 5 93.1 73.6 64.5 5
19880330 52.8 5 8.3 63.4 12.4 9.4 7 5 5 5.3 24.8 5 27 12.9 27 10.5 5 NA 5 90 68.3 59.8 5
19880331 49.7 5 7.8 56.9 10.9 8.7 6.3 5 5 5.3 23.4 5 24.3 11.8 22.2 9.1 5 NA 5 90 70.6 54.6 5
19880401 42.4 5 7.6 54.7 10 8.7 6.1 5 5 5.2 19 5 21.2 11.8 21.3 8.1 5 NA 5 86.5 63 49.2 5
19880402 36.9 5 7.1 52.1 8.4 8.6 6 5 5 5.2 17.1 5 18.2 10.7 17.2 6.7 5 NA 5 86.6 65.3 43.9 5
19880403 31.7 5 6.9 50.4 6.9 8.6 5.8 5 5 5.1 14.4 5 16.2 10.2 14.3 5.8 5 NA 5 83.2 60 37.1 5
19880404 28.2 5 6.6 48.1 6.7 8.2 5.8 5 5 5.1 13.1 5 14 9 13 5.7 5 NA 5 78.9 58.5 35 5
19880405 24.6 5 6.3 45.1 6.4 7.6 5.5 5 5 5.1 11.9 5 13.6 9 11.7 5.5 5 NA 5 73.5 52.8 33.8 5
19880406 21 5 6.3 46.3 6.2 7.2 5.5 5 5 5.1 10.6 5 11.4 7.9 10.3 5.5 5 NA 5 72.4 57 31.7 5
19880407 17.5 5 6 44.5 5.9 6.7 5.5 5 5 5 9.4 5 9.9 6.7 9 5.4 5 NA 5 68.1 51.3 30 5
19880408 13.9 5 5.7 41.7 5.6 6.2 5.2 5 5 5 8.1 5 8.7 6.7 7.7 5.2 5 NA 5 62.6 49.8 28.7 5
19880409 10.3 5 5.4 39.8 5.4 5.7 5.2 5 5 5 6.9 5 7.3 5.6 6.3 5.1 5 NA 5 58.3 44.1 26.6 5
19880410 5 5 5.2 37.2 5 5 5 5 5 5 5 5 5.4 5 5 5 5 NA 5 55 43.3 24.8 5
19880411 5 5 5.2 32.4 5 5 5 5 5 5 5 5 5.4 5 5 5 5 NA 5 52.5 38.7 24.4 5
19880412 5 5 5.2 29.3 5 5 5 5 5 5 5 5 5 5 5 5 5 NA 5 45.9 35 22.5 5
19880413 5 5 5.1 26.1 5 5 5 5 5 5 5 5 5 5 5 5 5 NA 5 43.4 32 22.1 5
19880414 3.3 0 2.5 19.8 4.5 0.7 0.1 0 0 3.3 5 0 0.4 0.5 3.6 5 0 NA 0 40.8 25.8 21.3 0
19880415 3.3 0 2.4 16.7 4.5 0.7 0.1 0 0 3.3 5 0 0.4 0.5 3.6 5 0 NA 0 35.6 21.5 20.5 0
19880416 3.3 0 2.4 13.5 4.5 0.7 0.1 0 0 3.3 5 0 0 0.5 3.6 5 0 NA 0 31.7 18.5 19 0
19880417 3.3 0 2.4 8.8 4.5 0.7 0.1 0 0 3.3 5 0 0 0.5 3.6 5 0 NA 0 27.8 13.8 18.2 0
19881214 21.2 21.1 0 0.3 0 0 0 0 0 0 0 0 0 2 2.1 0 30.5 NA 17.8 49.3 21.2 14 0
19881215 21.5 21.7 0 0.3 0.9 0 0 0 0 0 0.5 0 0 2 2.3 0.3 31.6 NA 17.6 47.9 22.5 14.1 0
19881216 21.9 22.3 0 0.3 1.7 0 0 0 0 0 0.9 0 0 2 2.5 0.6 32.7 NA 17.4 46.3 23.8 14.2 0
19881217 25.6 20.3 0 0.5 1.6 0 0 0 0 0 1.2 0 0 2.6 2.8 0.5 31.2 NA 17.8 47.2 27.4 11 0
19881218 26.5 18.9 0 0.6 1.5 0 0 0 0 0 1.4 0 0 2.9 2.9 0.5 30.2 NA 18.1 46.8 28 8.6 0
19881219 29 16.9 0 0.8 1.4 0 0 0 0 0 1.7 0 0 3.4 3.1 0.4 28.6 NA 18.5 46.2 30.3 5.5 0
19881220 28.5 17.3 0 0.7 1.6 0 0 0 0 0 1.7 0 0 3.4 2.9 0.5 26.1 NA 18.9 44.2 30.5 3.9 0
19881221 27.9 17.7 0 0.6 1.8 0 0 0 0 0 1.7 0 0 3.5 2.7 0.6 23.6 NA 19.3 42.1 30.7 2.4 0
19881222 26.1 16.8 0 0.3 1.5 0 0 0 0 0 1.5 0 0 3.8 3.3 0.6 28.9 NA 21.6 42.8 25.9 3.1 0
19881223 24.7 15.8 0 0 1.1 0 0 0 0 0 1.1 0 0 4.1 3.7 0.5 31.1 NA 23.9 42.7 19.4 3.7 0
19881224 26.6 19 0 0 1.3 0 0 0 0 0 1.2 0 0 4.7 4.9 0.7 33.8 NA 31.7 45.2 26.7 5.2 0
19881225 28.3 21.3 0 0 1.4 0 0 0 0 0 1.3 0 0 5.2 6 0.9 39.9 NA 37.1 47.8 31.5 7 0
19881226 31.1 25 0 0 1.6 0 0 0 0 0 1.3 0 0 5.8 7.3 1.1 39.4 NA 44.3 51.9 38.7 8.9 0
19881227 31.1 25.3 0 0 1.6 0 0 0 0 0 1.4 0 0 5.6 7 0.9 40.8 NA 44.2 53.1 36.2 8.7 0
19881228 31 25.6 0 0 1.6 0 0 0 0 0 1.4 0 0 5.3 6.7 0.7 42.3 NA 44 53.8 33.8 8.4 0
19881229 45.9 29 0 0 1.6 0 0 0 0 0.5 4 0 0 6.3 7.4 0.8 43.9 NA 45.7 75.6 48 11.7 0
19881230 57.5 32.5 0 0 1.6 0 0 0 0 1 5.7 0 0 7.3 7.9 1 45.5 NA 47.1 95 59.3 14.5 0
19881231 58.5 33 0 0 1.7 0 0 0 0 1.1 6 0 0 7.6 7.9 0.9 47.5 NA 51.9 95 59.8 15.8 0
19890101 58.8 33.4 0 0 1.7 0 0 0 0 1.2 6.2 0 0 7.9 8 0.9 49.5 NA 52.7 95 60.4 17 0
19890102 59.6 34 0 0 1.8 0 0 0 0 1.2 6.5 0 0 8.2 8.1 1 51.4 NA 55.7 95 61.3 18.5 0
19890103 56.7 20.1 0 0 2.7 0 0 0.2 0.5 0.8 14.9 0 0 8.9 9.7 1.7 35.7 NA 55.8 92.6 47.7 23.7 0
19890104 51.9 6.2 0 0 3.3 0 0 0.3 0.9 0.3 21.3 0 0 9.1 11 2.2 20 NA 53.4 90.7 33.3 27.6 0
19890105 55.2 5.2 0 0 4.3 0.1 0 0.4 0.8 0.7 30.3 0 0 9.6 12.1 3.6 20 NA 53.3 92.6 34.5 33.5 0
19890106 57.4 4.1 0 0 5.3 0.2 0 0.5 0.6 1 35.3 0 0 9.8 12.7 4.6 20 NA 53.2 95 35.4 39.3 0
19890107 57.3 8.5 0 0 5.9 0.2 0 0.4 0.6 1.1 39.9 0 0 9.8 12.7 3.9 20.2 NA 53.1 95 36.7 39.6 0
19890108 57.2 12.7 0 0 6.6 0.2 0 0.3 0.5 1.2 44.2 0 0 9.7 12.7 3.6 20.5 NA 53 95 38 40 0
19890109 57 17.2 0 0 7.3 0.2 0 0.2 0.5 1.3 48.6 0 0 9.6 12.8 2.9 20.7 NA 52.8 95 39.3 40.3 0
19890110 75 49.5 4.7 11.5 10 0.2 5.3 0.3 0.4 2.7 52.1 0 3.7 18.8 24.5 4.9 60.4 NA 62.6 95 47.3 52.2 0
19890111 94.8 76.1 8.4 20.6 12.2 0.2 10.5 0.4 0.4 3.7 53.3 0 7.4 27.2 34.8 6.3 95 NA 70.5 95 53.9 62.4 0
19890112 94.9 76.9 7.6 22 12.7 0.1 10.3 0.5 0.4 4.9 55.1 0 7.9 29 33.3 7.5 95 NA 73.8 95 60.5 55.6 0
19890113 95 77.8 6.1 22.1 12.9 0.1 8.3 0.5 0.5 5.4 54.1 0 8.4 30.6 29.1 7.8 95 NA 76 95 65.7 47 0
19890114 94.9 77.8 6.4 20.6 14 0.3 8.6 0.6 0.9 5.5 54 0 8.9 30.8 30.1 8.7 95 NA 76.9 95 66.4 48 0
19890115 94.9 77.8 6.5 19.9 15.2 0.4 8.7 0.7 1.1 5.6 53.9 0 9.3 30.9 31.1 9.6 95 NA 77.4 95 67.9 48.9 0
19890116 94.8 77.8 6.8 18.5 16.6 0.5 9 0.8 1.5 5.8 53.7 0 9.8 31 32.1 10.4 95 NA 78.2 95 67.4 49.8 0
19890117 94.9 77.9 6.8 14.5 17.6 3.3 10.2 0.6 1.2 6.3 53.3 0 10.2 31.8 32.1 10.7 95 NA 78.7 95 48.3 50.7 0
19890118 94.9 77.9 5.7 7.7 18.6 5.7 11 0.4 0.9 6.8 52.8 0 10.5 32.6 32.1 10.8 95 NA 79 95 30.8 51.3 0
19890119 94.9 56.4 6.7 9.1 14.5 4.6 7.3 0.2 0.4 5 43 0 11.6 23.2 29.8 9.1 90 NA 74.9 95 42.2 48.8 0
19890120 94.7 28.6 6.2 6.8 9.4 3.1 1.8 0 0 2.8 30.8 0 12.7 12.6 27.3 7 80 NA 68.9 95 50.9 44.8 0.1
19890121 85.4 24 5.5 7.2 9.3 3.8 1.8 0 0 2.2 29.6 0 12.9 10.2 27.4 8.8 80 NA 59.1 95 52.4 44.7 0.1
19890122 79 21.1 5.1 7.7 9.3 4.4 1.9 0 0 1.6 28.3 0 13 9 27.4 10.1 80 NA 50.8 95 55.6 44.9 0
19890123 66.5 16.6 4.5 8.1 9.2 5.1 2.1 0 0 1 27.1 0 13.2 6.5 27.5 11.9 80 NA 41.6 95 57.2 45.1 0
19890124 79 15.9 2.2 6.1 11.8 4.3 1.7 0 0 2.3 31.6 0 16.6 10.5 26.9 13.8 66.8 NA 43.1 95 50 42.1 0
19890125 88.1 15 0 4 14.2 3.4 1.3 0 0 3.4 34.7 0 20 14.3 26.2 15.5 55.3 NA 44.1 95 42.5 37.7 0.1
19890126 92.7 14.9 2.3 4.5 14.3 4.3 1.6 0 0 3.5 33 0 18.2 17.1 31.4 19.7 65.7 NA 46.5 95 68.9 43.6 0
19890127 95 15 4.6 4.6 14.2 5.1 1.9 0 0 3.5 31.8 0 16.4 19.8 35.7 23.6 77.8 NA 48.7 95 95 48.7 0
19890128 93.1 10.9 3.7 3.3 9.9 3.9 1.1 0 0 3.2 29.4 0 19.4 17.9 27.9 16.2 73.2 NA 47.1 95 79.6 44.7 0
19890129 93 8 2.9 2.4 7.1 3.1 0.6 0 0 3.1 25.9 0 20.6 16.2 21.2 10.5 58.9 NA 45.6 95 67.1 41.5 0
19890130 89.2 3.9 2.1 1.1 3.6 2 0 0 0 2.9 22.9 0 22.9 14.2 12.7 3.1 49.4 NA 44.2 95 52.3 37.2 0.1
19890131 89.1 3.5 1.7 0.6 3.7 1 0 0 0 3.2 23.3 0 22 14.2 14 3.3 48 NA 44.4 95 51.8 36.5 0.1
19890201 88.7 2.4 0.9 0 3.8 0 0 0 0 3.5 23.4 0 21 14.1 14.9 3.4 46.6 NA 44.6 95 49.1 36.1 0.1
19890202 90.1 3.6 2 2.6 4.2 1.3 0 0 0 2.1 26.2 0 17.5 17.2 22.2 5.1 25.8 NA 47.1 95 48.4 36.9 0.1
19890203 90.5 4.5 2.9 4.9 4.7 2.2 0 0 0 0.6 28.5 0 13 19.6 28.2 6.4 5 NA 49.3 95 46.5 37.5 0.1
19890204 93.5 17.9 8.6 16.5 8.6 3 0.9 0 0 0.6 39 0 15.2 21.5 29.8 9.9 30 NA 49.4 95 61.7 45.7 0.1
19890205 93.5 27.3 12.9 24.5 11.3 3.8 1.6 0 0 0.7 46.6 0 15.7 22.9 30.5 12.5 60 NA 49.5 95 73.2 51.4 0.1
19890206 95 40.9 18.7 36.2 15.2 4.7 2.5 0 0 0.8 57.3 0 17.1 24.8 31.7 16.2 80 NA 49.5 95 88.8 59.1 0.1
19890207 95 66.7 27.7 49.2 22.2 5.8 3.9 3.8 1 2.1 60.5 0 21.6 29.4 31.8 15.4 90 NA 58.6 95 92.9 74.5 0.1
19890208 94.9 89 35.3 61.3 29.1 6.8 5.3 7.7 2 3.5 63.3 0 25.1 32.1 31.2 14.4 95 NA 67.5 95 95 89.3 0.1
19890209 95 92.5 62.1 67.6 28 8.2 12.6 10.1 2.7 2 51 0 27.4 28 25.5 15.4 95 NA 70.3 95 95 76.4 0.1
19890210 95 95 87.6 71.5 26.8 9.5 19.8 12.5 3.5 0.6 38.9 0 29.7 21.9 18.9 15.8 95 NA 73 95 95 64.8 0.1
19890211 94.7 95 90.4 78 26.3 11.3 21.6 13 3.4 2 38.3 0 30.6 23.1 20.7 16.2 95 NA 76.2 95 95 66.8 0.1
19890212 94.4 95 90.5 83.1 24.5 12.6 22.4 13.3 3.3 2.6 37.5 0 31.2 23.7 22.1 16.5 95 NA 77.7 95 95 68.7 0.1
19890213 94.1 95 91.5 89.1 23.4 14.4 23.8 13.8 3.2 3.9 36.7 0 32.1 24.8 23.6 16.8 95 NA 80.8 95 95 70 0.1
19890214 94.5 95 93.2 89.4 20.1 14 18.9 11.5 4 4.1 30.7 0 34 21.1 22.6 16.6 95 NA 69.8 95 95 63.8 0
19890215 94.8 95 94 89.1 15.5 12.7 12.7 9.2 4.9 3.7 24.1 0 34 17.1 20.6 15.5 95 NA 56.8 95 95 57.4 0
19890216 94.9 95 94.7 93 25.9 14 26.2 17.2 10.6 12.5 33.2 5 37.6 28.7 26.8 22.9 95 NA 76.5 95 95 56.2 5.1
19890217 95 95 95 95 33.4 11.3 34.7 20.2 11.6 17.3 38.3 5 38 35.5 29 26.1 95 NA 93.9 95 95 55 5.1
19890218 95 95 94.1 93.4 30.7 11.6 35 19.6 11.5 14.3 52.5 5 43.7 29.2 28.1 25.5 95 NA 92.1 95 95 58.4 5.1
19890219 95 95 94.1 93.4 26.5 7.7 33.8 16.1 7.3 8.8 66.1 0 48.4 21.1 23.5 22.8 95 NA 92.4 95 95 62.7 0.1
19890220 95 95 92.4 90.3 23.2 7.9 32.5 14.7 6.7 5.7 75.8 0 52.8 15 21.5 21.7 95 NA 88.4 95 95 64.2 0.1
19890221 95 93.4 90 86.4 21.1 8.7 24.5 16 7.1 8.6 75.6 0 50.2 35.8 24.5 22 95 NA 74.7 95 95 76.5 0.1
19890222 95 91.6 85.9 79.6 19 9.5 15.5 17.3 7.4 11 70.9 0 45.6 48.4 26.7 20.2 95 NA 60.7 95 95 89 0.1
19890223 94.9 84.5 87.5 86.4 14 10.4 18.6 18 7.9 10.2 72.9 0 45.2 50.9 36.8 29.6 95 NA 69.5 95 95 92.8 0.1
19890224 94.8 79 89.1 95 8.8 11 19.2 17.7 7.5 8.8 72.3 0 44.1 52.5 44.5 36.8 95 NA 73.9 95 95 94.8 0.1
19890225 94.9 83.1 91 95 16.1 14.2 22.2 18.1 8.6 9.9 78.4 1.2 43.3 61.9 46 36.1 95 NA 78.2 95 95 94.8 0.8
19890226 94.9 82.9 91.5 95 22.2 17.3 25.4 18.5 9.8 11.1 84.6 2.4 42.6 71.3 48.8 34.5 95 NA 82.8 95 95 94.9 1.5
19890227 95 83.9 92.4 95 29.5 20 28.5 19.1 11.1 12.4 91.7 4.9 41.9 80.6 49.4 33.3 95 NA 86.6 95 95 95 2.9
19890228 95 89.5 93.7 95 22.2 14 20.2 17.3 9.7 13.2 84.6 5 38.6 73.2 49.1 37.1 95 NA 71.2 95 95 94.9 2.9
19890301 95 95 95 95 14.8 7.9 11.8 14.7 7.9 13.7 76.4 5 34.6 56.7 46.4 40.5 95 NA 55.4 95 95 94.9 3
19890302 94.9 95 93.6 95 20.7 10.6 24.5 8.2 6.8 14.6 77.1 2.5 39.2 57.5 62.3 41 95 NA 59.3 95 95 94.9 1.6
19890303 94.8 95 90.8 95 23.4 12.2 35.9 1.7 5.5 14.3 77.8 0 43.5 58.7 75.9 40.8 95 NA 62.3 95 95 94.8 0.1
19890304 94.7 94.2 91.4 95 21.2 11 33.9 1.1 5 21.5 81.8 0 41.7 73 80.9 49.8 95 NA 60 95 95 90.6 0.1
19890305 94.7 93.3 89.1 95 16.9 12.8 32.3 0.5 4.7 27.2 85 0 39.5 80.1 84 57.6 95 NA 57 95 95 87.2 0.1
19890306 94.6 92.3 88.3 95 13.5 11.4 30.2 0 4.1 33.9 87.2 0 37.4 90.7 88.5 68 95 NA 53.9 95 95 82.1 0.1
19890307 94.8 93.3 91.1 95 20.8 22.3 37 2.7 2.3 36.3 88.3 7.4 39.5 90.8 89.8 76.3 93.2 NA 75.1 95 95 88.9 2.1
19890308 95 94.2 94.2 95 27.4 31.1 42.7 5.5 0.5 38.2 89.1 14.7 39.5 91.1 91.8 82.8 89.7 NA 94.2 95 95 94.9 3.9
19890309 95 92 94.2 89.4 44.9 33.8 53.9 5.9 0.2 35 89.4 12.7 40.7 69.9 85.9 73.8 86.5 NA 93.4 95 95 94.9 3.2
19890310 94.9 89.8 93.8 82.9 59.2 36.3 63.9 6 0 31.1 89.3 10.6 41 53 79.7 62.7 80 NA 91.5 95 95 94.9 2.6
19890311 94.7 83.8 86.6 71 55.2 35.5 54.6 6.3 0 29.2 82.6 14.8 40.3 71.7 83.4 67.3 80 NA 93.5 95 95 91 2.8
19890312 94.5 81 83.3 60.4 49.8 33.3 47.5 6.6 0 27.2 75.9 17.6 40.1 81 83.2 67.8 80 NA 93.4 95 95 86.4 3
19890313 94.3 69.7 70.7 43.3 42.4 30.9 37.9 7 0 25.3 69.1 21.6 40.2 95 84.7 68.8 80 NA 94.2 95 95 81 3.3
19890314 94.7 70.4 71.9 54 45.6 29.6 40.4 7.5 0 28.9 75.3 19.8 38.4 95 84.6 72.2 80 NA 93.3 95 95 80.5 2.8
19890315 95 71.2 72.2 58.8 49.9 27.9 42.1 8 0 31.4 78.3 16.9 36.3 95 84.3 72.3 80 NA 92.7 95 95 80 2.3
19890316 94.9 70.5 72.9 57.7 53.2 26.7 50.4 7.5 0 30.3 77.9 8.9 37 82.7 84.3 76.7 80 NA 93.4 95 95 85.8 1.3
19890317 94.8 69.9 73.5 57 56 24.3 56 6.9 0 26.3 77.2 0 35.8 72.9 83.5 79.4 80 NA 94.3 95 95 92.1 0.2
19890318 94.9 58.2 61.2 50.4 62.3 24.1 57.8 8 0.9 30.2 75.1 0 40.7 69.5 81.2 83.8 70 NA 94.6 95 95 92.1 0.2
19890319 94.9 41.7 42.5 40.3 65.2 23.3 57.4 8.9 1.8 32.9 71.4 0 40.9 66.6 77.5 82.4 60 NA 94.8 95 95 90.2 0.2
19890320 95 27.6 26.3 31.5 70.7 23.4 57.5 9.9 2.7 35.8 67.8 0 44.2 62.7 74.3 83.6 50 NA 95 95 95 89.1 0.2
19890321 95 27.4 20.5 22.1 69.7 18.8 60.2 7.3 2.7 34.9 73.9 0 43.8 72.4 79.6 86.9 50 NA 91.2 95 95 90.1 0.1
19890322 95 26.5 14.8 13.7 67.8 13.8 62.2 4.5 2.3 31.4 80.8 0 43.2 80.1 84.4 89.2 50 NA 87.5 95 95 91.2 0
19890323 94.8 17.6 16.9 12.9 68.5 25.9 65 4.7 1.4 32.1 81.6 0 43.4 83 85.1 89.1 50 NA 85.5 95 95 89.7 0.1
19890324 94.5 8.3 18.5 12.1 67 37.4 65.7 4.6 0 31.7 82.4 0 42.5 84.1 85.6 89.3 50 NA 83.6 95 95 88 0.1
19890325 94.6 7 14.3 11.4 57.9 28.8 61.9 2.9 0 31.7 82.4 0 41.2 84.4 85.6 88.9 30 NA 82.3 95 95 86.6 0.1
19890326 94.8 1.1 6.6 6.4 49.9 22.2 59.7 1.5 0 31.6 82.4 0 40.4 84.4 85.5 88.6 20 NA 82.8 95 95 85.4 0.1
19890327 94.8 0 2.1 5.6 39.8 13.5 54.3 0 0 31.5 82.4 0 39.8 84.5 85.3 88 0 NA 79.8 95 95 83.6 0.1
19890328 94.7 0 2.8 4.7 41.3 14.3 52.3 0.9 0 29.8 86.3 0 34.1 72.9 81.6 77.5 0 NA 84.1 95 93.4 81.4 0.1
19890329 94.6 0 2.9 3.7 42.5 15 49.2 1.6 0 26.6 90.4 0 27.8 60.2 77 66.2 0 NA 88.7 95 92.1 76.9 0.1
19890330 88.7 0.4 2.7 3 28.6 9.7 27.6 0.9 0 16.7 79.3 0 22.6 55.2 69.7 59.7 0 NA 67.3 95 84.8 73.3 0.1
19890331 81.9 0.9 2 2 16 4.3 6.1 0 0 6 66.5 0 15.9 51.1 63.4 51.7 0 NA 45.4 95 76.3 68.9 0.1
19890401 81.9 0.4 1 1.5 15.3 2.9 4.4 0 0 4.5 54.6 0 15.7 53.5 64 50.7 0 NA 39.4 95 77.3 64.3 0.1
19890402 85.4 0.2 0.5 0.8 14.4 1.4 3.6 0 0 2.7 43.5 0 15.9 55.3 63.9 50 0 NA 35.1 95 77.4 61 0
19890403 82 0 0 0.2 13.4 0 3.2 0 0 1.3 30.6 0 15.7 56.8 64.1 48.2 0 NA 31.4 95 77.5 54.6 0
19890404 79 0 0 0.2 11.8 0.8 2.3 0 0 0.9 34.6 0 13.5 42.2 56.3 46.6 0 NA 28.6 89.8 82.2 55 0
19890405 75.9 0 0 0 9 1.7 0.4 0 0 0.4 35.5 0 10.1 24.7 43.3 42.6 0 NA 25.2 79.7 88.1 53.2 0
19890406 78.6 0 0 0 9 2.2 0.8 0 0 0.4 33.3 0 5 28.5 42.8 50.3 0 NA 22 89.8 87 54.1 0
19890407 81.2 0 0 0 7.8 2.8 0.5 0 0 0.3 29.7 0 0 30.7 39.8 54.7 0 NA 17.4 95 80.1 51.8 0
19890408 84.9 0 0 0 8.2 2.1 2.3 0 0 0.9 34.2 0 0 35 45.3 52.7 0 NA 16.9 95 85.1 52.8 0
19890409 79.9 0 0 0 8.6 1.6 2.8 0 0 1.5 37.4 0 0 39.5 48.7 48.7 0 NA 15.6 95 82.1 54.4 0
19890410 79.2 0 0 0 9.1 0.8 4.6 0 0 2.1 42.1 0 0 43.7 53.2 45.2 0 NA 15.2 95 83.1 55.5 0
19890411 68.6 0 0 0 6.2 0.5 2.9 0 0 1.2 39.1 0 0 44.9 55.7 38.6 0 NA 11.3 90 88.3 54.1 0
19890412 57.5 0 0 0 3.2 0.1 0.3 0 0 0.1 35.5 0 0 41.2 55.5 31.6 0 NA 5.7 80 93 50.4 0
19890413 56.1 0 0 0 3.3 0.1 0.3 0 0 0.1 37.2 0 0 38.9 50.4 32.4 0 NA 3.6 80 83.2 41.9 0
19890414 53.7 0 0 0 3.4 0 0 0 0 0.1 38.9 0 0 35.4 43.1 32.6 0 NA 0 80 70.4 30.1 0
19890415 51.1 0 0 0 3.3 0 0 0 0 0.1 32.4 0 0 27.7 35.3 27.7 0 NA 0 77.3 67.1 32.2 0
19890416 47.9 0 0 0 3.2 0 0 0 0 0.1 27.8 0 0 22.8 30 23.6 0 NA 0 74.6 63.8 34 0
19890417 44.9 0 0 0 3.1 0 0 0 0 0.2 21 0 0 15.5 22 18.3 0 NA 0 71.9 60.5 35.9 0
19890418 44.8 0 0 0 3.1 0 0 0 0 0.1 19.5 0 0 16 19.8 13 0 NA 0 77.3 60.5 32.9 0
19890419 43.7 0 0 0 3 0 0 0 0 0.1 17.5 0 0 16.5 16.2 6.3 0 NA 0 80 53.9 28.1 0
19890420 32.5 0 0 0 2.8 0 0 0 0 0 14.6 0 0 9.8 15.2 7.8 0 NA 0 90 57.5 27.6 0
19890421 21.7 0 0 0 2.7 0 0 0 0 0 11.7 0 0 2.3 12.5 9.2 0 NA 0 95 61.8 25 0
19890422 16.7 0 0 0 2.1 0 0 0 0 0 12.4 0 0 1.7 10.9 7.4 0 NA 0 95 66.5 25.8 0
19890423 10.7 0 0 0 1.7 0 0 0 0 0 12.9 0 0 1.3 9.5 5.9 0 NA 0 95 65.8 25.6 0
19890424 5.7 0 0 0 1.1 0 0 0 0 0 13.7 0 0 0.7 8.4 3.9 0 NA 0 95 67.4 26.6 0
19890425 3.5 0 0 0 0.5 0 0 0 0 0 9.4 0 0 0.7 6.7 3.6 0 NA 0 76.9 60.6 25.7 0
19890426 1.4 0 0 0 0 0 0 0 0 0 5.1 0 0 0.6 4.4 1.9 0 NA 0 55.4 49.9 22.3 0
19890427 0.7 0 0 0 0 0 0 0 0 0 6.6 0 0 0.3 4 2.4 0 NA 0 61.5 47.6 20.7 0
19890428 0 0 0 0 0 0 0 0 0 0 6.8 0 0 0.1 3.6 2 0 NA 0 68.5 45.9 18.9 0
19890429 0 0 0 0 0 0 0 0 0 0 4.7 0 0 0 3.4 1.5 0 NA 0 59.8 46.7 15.6 0
19890430 0 0 0 0 0 0 0 0 0 0 3.4 0 0 0 3.3 1 0 NA 0 46.7 47.1 11.8 0
19890501 0 0 0 0 0 0 0 0 0 0 1.4 0 0 0 3.1 0.5 0 NA 0 35.9 47.3 8 0
19890502 0 0 0 0 0 0 0 0 0 0 0.7 0 0 0 2.8 0.7 0 NA 0 28.7 35.5 6.9 0
19890503 0 0 0 0 0 0 0 0 0 0 0 0 0 0 2.5 0.8 0 NA 0 15.7 21.2 4.9 0
19890504 0 0 0 0 0 0 0 0 0 0 0 0 0 0 2 0.6 0 NA 0 9.4 17.4 3.9 0
19890505 0 0 0 0 0 0 0 0 0 0 0 0 0 0 1.2 0 0 NA 0 0 8.7 2.1 0
19890506 0 0 0 0 0 0 0 0 0 0 0 0 0 0 1.2 0 0 NA 0 0 5.2 1.3 0
19890507 0 0 0 0 0 0 0 0 0 0 0 0 0 0 1.1 0 0 NA 0 0 3.5 0.8 0
19890508 0 0 0 0 0 0 0 0 0 0 0 0 0 0 1 0 0 NA 0 0 0 0 0
19891213 24.4 54.5 0 0 2.5 0 0 0 0 0 8.4 0 0 6.5 3.9 0.3 80 NA 40.1 60.7 19.6 1.6 0
19891214 36.7 54.5 0.7 0 2.8 0 0 0 0 0 20.2 0 5.4 7.3 5 0.5 89.9 NA 44.4 79.5 27 13 0
19891215 46.1 54.3 1.5 0 3.2 0 0 0 0 0 31.9 0 10.9 7.7 5.8 0.8 94.8 NA 47.2 93.1 32.7 22.2 0
19891216 56.1 64 4.2 2.3 3.7 0 0 1.6 0 0 32 0 11 7.4 5.9 0.8 94.8 NA 49.3 92.8 35.2 24.3 0
19891217 61.5 70.4 6 3.8 4.1 0 0 2.7 0 0 32.1 0 11 7.2 6.1 0.9 94.8 NA 51.5 93.2 38.4 26.3 0
19891218 69.8 80 8.7 6.1 4.7 0 0 4.2 0 0 32.2 0 11.1 7 6.3 0.9 94.8 NA 54.1 92.1 41.6 28.4 0
19891219 68.5 80 10.3 5 5.1 0 0 3.8 0.3 0.1 35.8 0 11.1 5.6 6.5 1.1 94.8 NA 50.6 92.7 43.1 28.1 0
19891220 66.9 80 11.8 3.9 5.3 0 0 3.4 0.5 0.3 39 0 11 3.9 6.5 1.3 94.8 NA 46.8 93 43.4 27.6 0
19891221 76 90 25.3 4 5.7 0 0.1 2.2 0.4 1.1 42.6 0 14.7 8.6 7.1 1.3 94.9 NA 48.9 94.3 53.1 35.4 0
19891222 84.7 95 36.3 4.1 5.9 0 0.3 1.1 0.3 1.7 44.8 0 18.4 12.9 7.5 1.3 95 NA 50.7 95 61.8 41.9 0
19891223 85.4 95 47.9 33.1 5.5 0 0.2 5 1.2 1.8 48.4 3.7 19.2 13.4 7.6 1.9 95 NA 50.3 95 68.3 45.2 0
19891224 85.4 95 55.7 54 5.2 0 0.1 7.9 1.8 1.9 50.3 6.2 19.7 13.9 7.6 2.4 95 NA 50 95 73 46.4 0
19891225 85.6 95 67.7 83.7 4.9 0 0 12 2.7 2 53.3 10 20.4 14.5 7.7 3 95 NA 49.9 95 78.6 49.2 0
19891226 91.6 93.7 64.4 58.1 11.7 2.3 3.9 13.4 3.6 4.2 57.6 8.9 32.9 20.4 15.2 7.8 95 NA 65.8 95 73.6 49.8 0
19891227 94.5 91.1 60.4 31.6 16.5 4.1 7.2 14.7 4.2 5.7 61.3 7.3 43.1 26.1 22.4 11.6 95 NA 79.8 95 63.8 50.5 0
19891228 94.7 91.6 58.6 50.7 15.5 4.7 11.2 14.9 4 7.6 67.7 3.9 43.5 27.4 25.7 11.9 95 NA 83.6 95 71.3 49.5 0.1
19891229 95 91.8 56.7 66.5 13.7 5.2 13.8 15 3.5 8.6 71.7 0 43.7 28.3 28.8 11.9 95 NA 85.8 95 75.4 47.4 0.1
19891230 95 92.1 50 64.6 13.5 4.9 13.1 13.5 3 8.2 72.5 1 42.8 24.4 28 11.7 95 NA 84.9 95 76.7 47.5 0.1
19891231 95 92.1 45.7 62.4 13.2 4.7 12.7 12.6 2.7 7.9 71.4 2 42.1 21.8 27.4 11.4 95 NA 84.3 95 77.4 47.8 0.1
19900101 94.9 92.3 39.1 60.6 13.1 4.5 11.9 10.9 2.3 7.5 70.7 3.2 41.4 17.8 26.5 11.1 95 NA 83.2 95 78.4 47.9 0.1
19900102 94.9 89.9 56.7 48.9 14.8 4.5 16.1 8.9 2.8 7.9 70.8 7.4 45.5 16.8 25.8 10.3 95 NA 76.2 95 79.4 46.9 0.1
19900103 94.8 86.1 71.3 35.4 15.3 4.5 19.2 6.9 3.4 8 70.9 11.3 49.1 15.7 24.9 9.5 95 NA 68 95 79.9 44.9 0
19900104 96.7 84.1 71.6 30.9 13.6 4.2 13.2 6.2 2.7 5.1 59.1 12.3 46.5 17.8 26.3 7.9 95 NA 61.6 100 82.3 46.6 0
19900105 93.7 82.5 70.5 25.3 10.5 3.7 6.8 5 1.7 1.6 46 12.7 43.4 19.8 27.2 5.7 95 NA 55.8 100 82.3 46.4 0
19900106 96.8 80.3 67.4 29.3 16.3 3.9 8.5 4.9 2 2.4 50 9.8 41.4 26.5 28.7 7.2 95 NA 62.2 100 90.4 47.4 0
19900107 93.8 75.7 61.1 32.3 19.3 4.4 9.2 4.9 2.4 2.9 51.1 5.9 40.8 32.8 29.8 8.6 95 NA 69.8 96.6 91.8 46.8 0
19900108 95.4 72.1 56.1 34.1 25 4.5 10.9 4.8 2.7 3.7 53.9 3 39.5 40.4 31.2 10.1 95 NA 74.6 96.6 96.3 47.4 0
19900109 95.4 62 53.3 53.7 20.7 4.3 11.1 6.9 3.8 4.6 54 4.3 39.6 42.7 31.8 10.3 82.6 NA 63.9 96.7 83.9 44.1 0
19900110 95.3 51.5 49.1 75.3 14.2 3.8 9.3 8.8 4.7 5.1 53.6 5.6 38.4 43 32.1 9.5 70.2 NA 52.7 96.7 69.7 40.7 0
19900111 95.5 50 43.3 77 13.5 5.6 9.3 9.1 3.9 5.1 56.7 2.8 36.9 42 34.1 8.6 82.6 NA 61.3 96.7 66.4 41.2 1.6
19900112 95.5 48.5 37.5 76.2 12.2 7.4 8.4 8.8 2.9 5 58.9 0 35.4 38.3 35 7.4 95 NA 66.9 95.7 62.3 41.3 3.2
19900113 95.5 47.9 36.3 76.6 12.4 7.2 10.1 9 3.1 5 57.2 0 36.1 38.4 34.6 7.2 95 NA 68.8 95.7 63.6 41.4 3
19900114 95.5 47.3 35.3 76.8 12.8 7 14.5 9.4 3.3 5.5 56.1 0 36.4 38.4 34.3 7.7 95 NA 72.2 95.7 65.3 41.7 2.8
19900115 95.5 46.8 34.3 77.2 13 6.8 16.1 9.6 3.5 5.4 53.6 0 36.9 38.3 33.8 7.5 95 NA 74.2 95.7 68 41.8 2.6
19900116 95.5 46.2 33 77.5 13.2 6.5 17.7 9.9 3.7 5.5 52.6 0 37.3 38.4 33.5 7.4 95 NA 76.4 95.7 67.6 41.9 2.4
19900117 92 70.8 40.2 86 9 5.9 8.6 15.8 7.3 10 76.2 21.6 46.8 28.2 17.9 7.8 95 NA 86 96.7 89.6 52.1 1.9
19900118 91.4 70.7 38.9 90.8 10.4 4.6 21.4 12.6 4 6.2 66.1 17.6 45.9 21.7 15.7 6.2 95 NA 78.5 96.7 85.9 51.4 2
19900119 90.2 70.3 37.5 95.4 10.8 3.3 34.3 8.9 0.4 1.3 52.9 12.5 44.2 13.9 13 4.3 95 NA 70 96.7 79.2 49.1 2.1
19900120 91.1 69.3 38.2 92.7 13 3.9 35.4 9.1 1.4 3.1 63.2 11.2 45.7 17.1 18.4 7.2 95 NA 75.6 96.7 86.7 56.4 1.9
19900121 91.2 69.1 38.9 89.5 14.6 4.7 36.4 9.5 2.1 4.6 72.8 9.5 46.6 19.6 22.1 9.2 95 NA 82.8 96.9 90.6 60.7 1.5
19900122 91.7 67.1 39.3 85.7 16.7 5.4 37.3 9.3 3 6.4 82.9 8.2 47.8 22.7 27.4 12.2 95 NA 86.8 96.9 96.2 67.2 1.3
19900123 91.9 67.9 30.5 81.7 18.2 5.9 28 10.1 3.2 6.6 80.6 6.7 45.2 23.7 28 11.8 95 NA 84.2 96.9 94.4 66.2 2.2
19900124 91.9 67.4 17.2 75.2 19.7 6.3 16.4 10.8 3.4 5.9 76.1 5.2 42.5 24.6 28.5 11.1 95 NA 74.4 96.9 90.4 63.9 3.1
19900125 92 47.2 11.4 58 16.9 4.6 12.5 9.2 1.8 5.8 77.2 5.2 40 27.1 28.5 14.1 80.5 NA 63.6 96.9 90.1 55.2 1.5
19900126 92 28 6.1 40.8 12.3 2.9 6 7.6 0.3 5.5 78 5.3 37.4 29.6 28.1 16.5 62.3 NA 50.5 96.9 89 45.1 0
19900127 87.4 25 4.9 40.5 11.8 3.2 4.8 6.5 0.3 3.9 72 3.7 35.9 29.1 26.9 15.8 63.1 NA 57.1 96.9 89.4 43.4 0
19900128 82.1 19.4 3.7 35.4 11.6 3.3 3.2 5.7 0.4 2.5 63.2 1.6 33 28.6 25.9 15.3 63.8 NA 65.5 96.7 88.9 42.1 0
19900129 75.6 15.8 2.5 32.6 11.1 3.6 2.3 4.6 0.4 0.7 54.8 0 31.5 28 24.6 14.4 64.3 NA 69.3 96.7 88.9 40.3 0
19900130 75.9 25.6 18.7 57.4 13.7 15.4 7.9 4.8 0.9 2.3 56.2 0 31.1 25.5 24.8 15 66.1 NA 58.1 96.7 89 43.2 0
19900131 76.7 35.7 30 85.3 15.3 27.1 13.1 5 1.3 3.8 56.8 0 30.6 23.1 24.9 15.4 68.8 NA 40.9 96.6 88.9 45.5 0
19900201 76.4 19.6 21.4 61.2 11.5 23.4 9.4 2.5 1.3 4 55.1 0 31.8 35.1 33.8 16.4 49.5 NA 42.2 100 87.9 43.8 0
19900202 76.2 3.1 8.3 37 5.7 19.8 5.5 0.1 1.3 3.9 51.7 0 32.7 46.9 41.3 17 24.6 NA 42.8 100 85 39.9 0
19900203 81.8 17.6 17.7 54.9 9.2 24.9 8.3 3.5 1.5 5 54.2 6.9 39 46.7 40.6 19.3 49.6 NA 48.9 100 92.3 48.3 0.1
19900204 87.5 28 24.6 67.7 12.4 28.4 9.7 5.8 1.6 5.5 55.6 13.6 43.6 45.2 39.5 20.8 69.5 NA 50.6 95.7 91.7 55.2 0.2
19900205 92 42.5 33.9 85.6 16.5 33.6 12.5 9.3 1.8 6.6 57.7 20.5 49.8 44.2 38.8 23 94.4 NA 54.5 95.7 95.3 64.7 0.3
19900206 91.8 33.7 30.6 79.2 11.5 33.2 15.5 9.6 1.8 6.9 58.7 21.6 53.2 36.3 40.6 22.2 94.7 NA 57.8 100 90.2 65.1 1
19900207 91.4 20.7 24.1 68.5 5.9 31.3 18.4 9.9 1.9 7.2 59.6 21.6 55.4 28.4 41.9 20.2 95 NA 60.1 100 84.4 63.9 1.6
19900208 91.7 24.5 29.3 74.8 18.2 22.8 17.3 9.2 1.7 7.1 61.3 21.2 51.9 39 40.7 22.6 88.3 NA 55.9 100 89.4 63.7 2.1
19900209 91.8 25.6 31.2 78.8 30.5 12.9 15.2 8.5 1.4 6.9 63.1 20.6 47.3 48.9 38.8 24.5 81.5 NA 51.6 96.7 93.8 62.1 2.6
19900210 91.2 22.4 21.9 67.7 30.7 10.8 11.1 5.3 0.9 4.6 59 14.3 45.2 55.3 35.7 22.1 77.3 NA 52.6 96.7 89.3 56.7 1.8
19900211 91.2 17.7 14.4 52 30.3 9.1 8.2 3.2 0.5 3.3 57.2 8.5 43.8 59.4 33.8 19.8 77.3 NA 53.7 96.6 85.1 52.8 1.2
19900212 89.9 12.8 4.5 37.2 30.4 6.9 4.6 0 0 1 53 3.5 41.6 65.5 30.3 17.1 68.8 NA 54.4 96.6 80.1 47.8 0.5
19900213 89.8 9.1 5.6 38.4 20.2 5.6 4.5 0 0 1.9 52.3 1.7 33.5 58.2 30.1 16.8 56.8 NA 52.6 96.7 86.6 47.6 0.4
19900214 89.6 2.2 5.7 36.4 8.7 4.2 3.7 0 0 2.8 51.2 0 25.4 52 29.7 16 46.2 NA 48.3 96.7 92.2 46.9 0.2
19900215 89.7 2.8 4.8 35.7 7.7 5.7 4.3 0.2 0.7 3.1 50.8 0 36.5 60.1 31.8 20.4 45.1 NA 55.6 96.7 92.6 47.4 0.2
19900216 89.8 3.4 2.9 34.6 5.8 6.5 4.9 0.3 1.4 3.5 50.1 0 47.6 69.2 32.7 23.5 46.2 NA 60.2 96.7 92.3 47.4 0
19900217 93.7 10.1 4.1 35.3 20 10.7 7.5 4.1 2.9 6.6 58.4 4.8 50 72.7 34 24.3 44 NA 55.2 96.7 93.9 58.3 0.5
19900218 93.6 15.1 5 36.6 29.8 13.6 9.4 6.6 3.9 8.6 64.4 8 51.6 70.9 34.2 24.7 35 NA 52.8 96.6 93.8 65.9 0.9
19900219 95.6 21.7 6.5 37.5 43.8 17.7 12.1 10.4 5.3 11.7 72.7 12.8 53.7 71.6 35.1 25.3 29.5 NA 46.8 96.6 94.6 76.6 1.4
19900220 90.9 13.7 5.8 34.2 44.5 15.3 12.7 5.2 2.7 9.4 62 6.4 59.2 72.7 43.6 22.6 33.2 NA 50.5 96.6 94.3 68 1.9
19900221 86.3 5.6 5.2 29.8 42.1 12.3 11.9 0 0 6.6 50.5 0 64.6 72.7 49.4 19.2 37.5 NA 51.9 96.6 93.7 60 2.3
19900222 84.8 2.8 3.5 34.2 31 10.2 12 0 0 5.5 50.9 0 47.6 67.9 46.3 15.3 32.1 NA 45.4 96.6 85 65.5 1.2
19900223 82.5 0 1.4 33.7 15.7 7.3 10.3 0 0 4 50.4 0 30.6 63 40.3 10.4 27.4 NA 37.7 95.7 76.5 69.5 0
19900224 84.1 22.3 6.2 49.3 23.5 11.1 16.4 0 0 4.1 50.4 8.1 48.2 68.3 48.1 17 42.7 NA 52.3 95.7 79.1 79 3.5
19900225 86.5 37.2 9.5 68 29 13.7 20.5 0 0 4.7 50.7 13.5 60.2 73.3 54 22.5 61.3 NA 62.1 100 83.8 84.4 5.8
19900226 87.2 59.4 14.2 80 36.9 17.4 27.2 0 0 4.9 51 21.6 77.9 78.6 61.6 29.3 73.1 NA 75.3 100 84.8 91.9 9.2
19900227 84.9 58.8 20.2 83 51.9 26 25.6 0 0 4.5 55.9 23.3 77.8 83.5 66.7 30.6 86.3 NA 71.1 100 92.1 93.3 14.4
19900228 81.7 59.2 26.3 84.5 64.3 34.1 19.6 0 0 3.8 58.7 24.9 77.6 85.5 69.5 31.4 95.7 NA 62.4 96.7 95.7 92.9 19.5
19900301 82.2 68.8 28.9 76.9 59.6 27.4 22.2 0 0 6.2 63.4 34.1 76 55.7 70.6 31.1 88.6 NA 62.4 96.7 96.6 92.4 20.8
19900302 81 79.3 31.6 69.7 55 20.7 24.4 0 0 7.5 66.5 43.5 74.4 29.1 71.7 30.2 78.3 NA 62.3 96.6 96.6 91.3 22.2
19900303 84.1 84.6 40.2 75 64.7 28.3 25.2 4 1.4 6.1 69 27.3 71.2 48.3 81 41.4 80.9 NA 68.2 96.6 96.6 90.7 16.3
19900304 87.7 84.9 47 76.3 72.7 33.4 25.5 6.6 2.4 5.5 71.6 16.2 68.9 70.4 85.6 48.2 84 NA 72.2 96.6 96.3 90.7 12.4
19900305 90.2 87.6 55.5 78.6 80.5 40.9 26.1 10.5 3.9 4.2 73 0 65.5 85.6 93.1 58.5 85.7 NA 78 96.6 96.3 89.4 6.5
19900306 90.5 88.1 63.2 79.2 80.3 49.7 47.2 10.3 3.8 8 79.7 16.1 55.7 84.3 90.5 60.5 85.1 NA 82.7 96.7 96.7 85.6 9.6
19900307 90.8 88.4 70.3 77.6 80 58.4 67.5 10.1 3.8 11.2 85.8 32.2 45.8 81.9 86.8 62.1 84.4 NA 87.2 96.7 96.6 81.1 12.6
19900308 91.1 88.4 79.8 79.5 69.3 52.6 67.4 10.9 3.7 9 82.2 30.9 48.3 82.1 82 56 92.2 NA 87.3 96.7 94.7 84.8 12.8
19900309 91.5 88.3 87.4 78.3 58.6 46.7 66.9 11.7 3.6 6.5 77.5 29.6 50.7 82.2 74.6 48.2 96.5 NA 87.3 96.6 93 88.2 13
19900310 90.6 70.4 75.4 85.8 62.9 44.4 59.9 9.3 3 6.4 78.3 21.9 50.6 84.2 72.8 48.7 91.2 NA 81.4 96.6 92.4 89.3 9.3
19900311 89.3 54.8 65.4 89.5 62.9 42.6 53.3 7.6 2.5 6.5 78.5 14.7 50.5 84.3 72.4 48.6 89.4 NA 74.9 95.7 92 89.8 6.1
19900312 88.1 33.9 51.5 95.2 65 40.1 44.7 5.2 1.9 6.3 78.5 7.1 50.2 85.2 68.7 48.4 79.1 NA 68.7 95.7 91.3 90.4 2.5
19900313 89.4 29 44.8 90 54.3 39.6 40.1 3 1 11.4 78.8 3.6 47.6 85.3 69.2 48.3 78.6 NA 67.4 96 90 88.4 2.4
19900314 88.7 25.9 40.3 84.5 40.5 36.6 33.1 0.7 0 14.7 78.7 0 45.1 85.3 69.5 47.5 74.9 NA 66 96 88.7 85 2.3
19900315 88.8 16.6 26 70.2 38.9 21.6 20.6 0.7 0 10.8 73.6 0 35.5 84.5 64.2 32.6 53.2 NA 55.2 96 90.6 75.6 1.2
19900316 88.9 0.8 8.1 53.7 36.2 5.8 4 0 0 4.5 64.3 0 26.9 82.8 59.2 17 31.7 NA 39.9 95.7 92.8 64.1 0.2
19900317 89.2 0.8 7.1 53.5 37.7 6.1 2.4 0 0 2.7 64.6 0 27.3 82.4 59.4 16.6 35.1 NA 37.2 95.7 89.8 61.2 0.2
19900318 89.1 0 6.7 52.5 39.4 5.6 1.8 0 0 1.5 59.1 0 25.9 82 59.5 15.6 38.1 NA 34.2 95.8 86.3 59.8 0
19900319 89 0 5.7 51.9 41.3 6 0.9 0 0 0.4 57 0 26 81.2 58.6 14.6 41 NA 30.8 95.8 82.2 56.8 0
19900320 74.5 0 3.5 33.1 39.4 3.6 1.6 0 0 0.6 52.4 0 25.6 43.7 38.6 12.9 37.7 NA 17.3 96.6 77.8 54 0
19900321 57.9 0 0 11.4 36.4 1.3 2 0 0 0.8 46.6 0 25.3 10.9 19.7 9.3 34.9 NA 2.3 96.6 74 49.6 0
19900322 53 0 0 8.4 24.8 0.7 1 0.1 0 0.6 42.3 0 21 10 21.1 8.9 19.1 NA 1.2 96.6 72.8 49.6 0
19900323 49.7 0 0 4.4 11.3 0 0 0.1 0 0.4 36.4 0 13.9 6 20.3 8.2 0.6 NA 0.2 95 69.7 48.2 0
19900324 49.8 0 0 5 9 0 0 0.1 0 0.8 40.8 0 17.7 16.2 22.4 9.6 0.6 NA 0.2 95 73.6 48.4 0
19900325 53.3 0 0 5.7 5.9 0 0 0 0 1 42.9 0 20.8 26.4 25.6 10.4 0 NA 0 96.6 77.3 48.2 0
19900326 50.2 0 0 6.1 3.7 0 0 0 0 1.3 46.2 0 24.6 38 27.5 12.2 0 NA 0 96.6 81.2 48.3 0
19900327 51.2 0 0 5.1 3.8 0 0 0 0 0.9 43.2 0 19.7 36 29.9 11.8 0 NA 0 96.9 73.3 45.7 0
19900328 51.7 0 0 3.8 3.1 0 0 0 0 0.4 39.8 0 14.7 31.6 30.3 11.1 0 NA 0 96.8 65.2 42.6 0
19900329 43.4 0 0 4.3 3.2 0 0 0 0 0.4 42.6 0 13.1 24.7 21.8 9.9 0 NA 0 96.9 68.6 40.9 0
19900330 37.3 0 0 4.7 2.7 0 0 0 0 0.4 43.8 0 11.5 18.3 12.7 8.5 0 NA 0 96.9 71.6 38.1 0
19900331 37.9 0 0 3.3 2.5 0 0 0 0 0.3 41.4 0 11.5 16.8 13 8.2 0 NA 0 96.9 73.5 37.1 0
19900401 38.6 0 0 2.1 2.2 0 0 0 0 0.3 39.8 0 11.5 15.9 11.6 7.9 0 NA 0 96.4 74.5 36.3 0
19900402 39 0 0 0.6 1.9 0 0 0 0 0.3 37.2 0 11.6 13.7 11.3 7.8 0 NA 0 96.4 75.6 35.5 0
19900403 26.5 0 0 1.3 1.6 0 0 0 0 1.1 28.2 0 8.5 10.4 9.2 7.6 0 NA 0 96.4 64.1 33.3 0
19900404 13.7 0 0 2 1.3 0 0 0 0 1.9 16.1 0 5.5 4.7 6.2 7.1 0 NA 0 95 50.6 30.6 0
19900405 18.3 0 0 1.9 1 0 0 0 0 1 20.2 0 2.8 4.6 6.8 6.7 0 NA 0 95 59.3 29.4 0
19900406 20.6 0 0 1.7 0.8 0 0 0 0 0 21.5 0 0 4.5 7.3 5.6 0 NA 0 95 66.6 27.1 0
19900407 17.5 0 0 1.5 0.8 0 0 0 0 0 16.8 0 0 4.3 6.8 4 0 NA 0 95 70.7 26 0
19900408 12.2 0 0 1.3 0.6 0 0 0 0 0 10.5 0 0 3.1 5 3.4 0 NA 0 95 70.6 25.6 0
19900409 7.5 0 0 1.1 0.5 0 0 0 0 0 5.2 0 0 3 4.6 1.8 0 NA 0 95 72.1 24.3 0
19900410 7.2 0 0 0.9 0.6 0 0 0 0 0 6.1 0 0 3 4.4 2.1 0 NA 0 95 68.3 23.5 0
19900411 6.8 0 0 0.7 0.7 0 0 0 0 0 6.5 0 0 3.1 4.2 2.1 0 NA 0 95 64.1 22.6 0
19900412 6.8 0 0 0.8 0.6 0 0 0 0 0 6.2 0 0 1.5 4.6 1.6 0 NA 0 95 65.8 22.8 0
19900413 6.8 0 0 0.8 0.6 0 0 0 0 0 5.7 0 0 0 4.9 1 0 NA 0 95 67.3 23.1 0
19900414 6.5 0 0 0.5 0.6 0 0 0 0 0 4.5 0 0 0 3.9 0.6 0 NA 0 79.9 56.3 19.5 0
19900415 1.4 0 0 0.3 0.6 0 0 0 0 0 2.9 0 0 0 2.5 0.3 0 NA 0 69.8 48.1 16.8 0
19900416 1.2 0 0 0 0.6 0 0 0 0 0 1.6 0 0 0 1.3 0 0 NA 0 49.8 33.8 12.3 0
19900417 1.2 0 0 0 0.6 0 0 0 0 0 1.6 0 0 0 1.3 0 0 NA 0 49.8 33.8 12.3 0
19900418 1.2 0 0 0 0.6 0 0 0 0 0 1.6 0 0 0 1.3 0 0 NA 0 49.8 33.8 12.3 0
19900419 0.7 0 0 0 0.7 0 0 0 0 0 1.2 0 0 0 1.8 0 0 NA 0 68.7 37.2 11.1 0
19900420 0 0 0 0 0.6 0 0 0 0 0 0.5 0 0 0 2.4 0 0 NA 0 92.3 40.1 8 0
19900421 0 0 0 0 0.6 0 0 0 0 0 0.5 0 0 0 2.4 0 0 NA 0 92.3 40.1 7.9 0
19900422 0 0 0 0 0.5 0 0 0 0 0 0.4 0 0 0 2.4 0 0 NA 0 92.3 38.1 7.8 0
19900423 0 0 0 0 0.5 0 0 0 0 0 0.4 0 0 0 2.4 0 0 NA 0 92.3 38.1 7.7 0
19900424 0 0 0 0 0.3 0 0 0 0 0 0.2 0 0 0 2.1 0 0 NA 0 85.5 32.9 6.4 0
19900425 0 0 0 0 0 0 0 0 0 0 0 0 0 0 1.7 0 0 NA 0 74.1 25.7 4.7 0
19900426 0 0 0 0 0 0 0 0 0 0 0 0 0 0 1.4 0 0 NA 0 37.2 20.1 2.5 0
19900427 0 0 0 0 0 0 0 0 0 0 0 0 0 0 1.1 0 0 NA 0 2 14.9 0.2 0
19901228 16 2.2 0 0 0 0 0 0.2 0.1 0 0 0 0 1.1 3.5 0 39.2 NA 0.2 69.7 0.9 0 0
19901229 18.7 19 0 0 0 0 0 0.2 0.1 0 0 0 0 2.2 4.1 0.1 59.9 NA 9.2 64.5 1.9 0 0
19901230 21.4 33.4 0 0 0 0 0 0.2 0.1 0 0 0 0 3 4.7 0.2 80 NA 18.4 58.7 2.8 0 0
19901231 30.4 36.4 0 0 0 0 0 1.3 0.7 0 4.8 0 0 4.9 5.2 0.4 76.5 NA 20.8 53.5 3.4 0 0
19910101 35.7 37.8 0 0 0.1 0 0 2.4 1.3 0 7.9 0 0 6.3 5.7 0.5 72.9 NA 21.7 51.3 3.9 0 0
19910102 44 40.7 0 0 0.2 0 0 3.3 1.8 0 12.7 0 0 8.2 6.2 0.7 69.4 NA 24.2 43.7 4.4 0 0
19910103 43.2 42.5 0 0 0.5 0 0 3.5 1.3 0.2 12.6 0 0 6.9 6.4 0.9 50.3 NA 23.1 47.3 5.8 0 0
19910104 42.1 39.8 0 0 0.7 0 0 3.7 0.9 0.4 12.5 0 0 5.2 6.5 1 27.6 NA 21.6 51 7.3 0 0
19910105 59.6 43.9 0 0 1.6 0 0.3 5.5 2 0.7 16.6 0 4.3 5.5 7.1 1.2 41.7 NA 31.6 67.6 27.5 8.1 0
19910106 75.6 47.7 0 0 2.3 0 0.5 6.7 2.9 1 19.3 0 7.2 5.8 7.5 1.3 55.8 NA 38.8 74.9 42.3 15.7 0
19910107 95 51.9 0 0 3.2 0 0.8 8.5 4 1.3 23.4 0 11.6 6.2 8.1 1.5 69.9 NA 48.4 88.6 63.1 25 0
19910108 95 57 0.2 0 6.9 0 0.8 7.5 3.2 1.3 24.5 0 18.6 10.3 12.4 2.9 63.3 NA 47.3 91.7 62.3 29.9 0
19910109 95 58.8 0.4 0 10 0 0.9 6.5 2.2 1.2 25.5 0 25.7 14.4 16.5 4.2 53.3 NA 44.7 93.2 61.2 33.8 0
19910110 95 61.9 1.9 2.5 9.3 2.9 0.9 4.8 2.4 1.2 25 0 24.9 14 17.4 4.1 66.7 NA 53.5 94.4 59.6 39.2 0
19910111 95 64.6 3.3 5.1 8.5 5.5 0.9 3.2 2.4 1.1 23.3 0 24.1 13.5 17.8 3.9 80 NA 62.1 95 57.8 43.8 0
19910112 95 69.1 5.7 5.9 14.3 7.6 4 3.7 3 1.2 26.6 0.7 31.3 21.3 20.1 6.4 80 NA 63 95 63.5 48 0.7
19910113 96.4 72.8 7.3 6.5 19 9.5 6 4.1 3.3 1.3 29.6 1.1 34.6 26.5 21.2 8.2 80 NA 63.2 95 66.6 50.4 1.2
19910114 96.4 77.2 9.7 7.4 25 11.8 9.1 4.7 4 1.4 33.3 1.8 40.5 34.1 23 10.8 80 NA 63.7 95 71.6 54.3 1.9
19910115 96.5 77.8 12.7 7 26.2 12.4 9.5 4.7 3.5 1 32.6 0.9 39.5 33.8 23.1 11.3 82.2 NA 64.2 95 73.6 55.5 1.1
19910116 96.5 77.6 14.9 6.6 27.2 12.5 10 4.6 2.9 0.7 31.7 0 38.1 33.3 23 11.8 83.4 NA 64.5 95 75.3 56.2 0.2
19910117 96.6 64.1 12.1 7.5 23 11 9.8 4.9 3.5 0.7 29.1 0 37.4 30.4 22.6 11.3 82.3 NA 58.3 95 72.2 56.8 0.3
19910118 96.5 42.6 7.4 8.3 18.2 9.4 9.7 5.1 3.9 0.7 26.1 0 36.5 27.1 22 10.7 78.7 NA 51.7 95 68.7 57.2 0.3
19910119 96.5 39.6 6.5 7.2 15.9 10.3 8.7 5.5 4.2 0.8 29.8 0 37.4 25.3 21.6 9.2 69.2 NA 51.5 95 74.9 54.6 0.2
19910120 96.2 39.5 5.3 6.1 13.9 10.4 7.6 5.7 4.3 0.9 33.4 0 37.2 23.9 21.5 7.9 64.5 NA 51.1 95 81.1 52.4 0.1
19910121 96.2 36 4.5 5.5 11.8 11.1 6.6 6 4.6 1.1 37.7 0 37.2 22.5 21.3 6.6 50 NA 50.8 95 88.3 50.2 0
19910122 96.5 44.4 9.1 6.9 12.2 11.7 7.6 8.8 6.1 0.9 37.6 0 37.5 24.3 22.7 9.6 50 NA 56.9 94 91.1 51.5 1.4
19910123 96.5 50 11.7 7.1 12.6 12.1 8.1 9.9 6.9 0.7 37.5 0 37.5 25.4 24.1 12.3 50 NA 60.3 93 93.8 52.4 2.4
19910124 97.8 62.7 10.1 7.9 17.4 12.4 14.5 13.2 5.8 2.1 47.4 6.1 38.4 34.4 30.2 12.5 67.8 NA 74.8 94 94.2 52.8 2.2
19910125 97.7 69.1 7.4 7.5 22 12.4 19.4 15.7 4.6 3.3 56.9 10.1 39.3 42.2 36 12.1 76.7 NA 88.5 95 94.4 52.6 1.9
19910126 97.7 75.3 7.6 9 23.1 11.8 19 13.7 4.9 3.6 57.7 6.1 42.2 60.5 48.5 14.4 77.8 NA 89.5 95 94.8 52.9 2.2
19910127 97.7 76.9 9.1 9.6 23.8 11.5 18 12.8 5.1 3.9 58.4 4 43.4 75.9 60.8 17.6 76.8 NA 92.7 100 98.3 54.3 2.3
19910128 97.7 80.5 9.3 10.7 24.8 10.5 17.3 10.8 5.5 4.3 59.1 0 45.4 92.8 72.7 19.7 77.9 NA 93.4 100 98.5 54.6 2.5
19910129 97.8 78.5 8.6 9.6 17.6 9.9 13.5 11.7 6.8 7.5 66.3 0 44.7 82.7 54.7 18.5 79.8 NA 88.7 100 98.6 51.3 2.2
19910130 97.8 74.1 6.6 8.4 10.2 9.1 8.5 12.7 8.2 10 71.1 0 43.6 72.6 33 16.2 79.6 NA 78.4 100 98.5 46.7 1.8
19910131 98.3 76.7 25.7 10.4 17.8 8.2 20.4 13.1 6.4 7.6 66.3 0 48.2 81.9 63.6 26 89.3 NA 88.2 100 98.6 55 2.4
19910201 98.3 75.9 43.6 12.1 22.1 6.9 27.8 13.3 4.4 4.5 58.2 0 52.4 89.7 92.1 35.1 94.2 NA 92.6 100 98.4 61.5 2.9
19910202 98.3 72.2 38 10.5 18.5 6.7 28.2 8.9 4 4 59.9 0 53.7 89.6 92.8 39.5 93.6 NA 93 100 98.4 61.1 2.6
19910203 98.4 68.5 32.4 9.6 16.7 6.7 28.4 5.6 3.9 3.7 61.8 0 53.6 89.8 93.2 42.9 92.9 NA 93 100 98.3 60.8 2.1
19910204 98.4 64.7 26.8 8.2 13 6.4 28.5 1.4 3.4 3.3 64 0 54 89.3 93.5 47.3 92.2 NA 93.2 100 98.3 60.3 1.8
19910205 98.4 68.4 28.3 8.4 9.1 8.2 18.6 0.9 2.3 2.8 55.5 0 46.5 57.4 64.3 28.1 92.3 NA 72.9 100 98.3 50.9 0.9
19910206 98.2 70.4 27 8.5 3.4 9.8 4 0.3 1.3 2.1 45.8 0 36.7 28 33.9 8 92.1 NA 49.4 100 95.8 39.7 0
19910207 98.5 65.9 20.3 6.3 3.5 6.8 2.8 0.1 1.2 2.8 48.9 0 31.2 27.1 30.2 6.1 91.7 NA 48.1 100 91 38.4 0
19910208 98.4 56.4 8.2 4.1 3.6 3.8 1.6 0 1 3.4 51.3 0 25.8 22.2 23.6 3.4 90.8 NA 46.8 100 85.5 37.1 0
19910209 96.1 57.7 4.3 3 4 3.8 1.6 0.1 1 2.7 51 0 26.8 18.1 19.1 3.3 79.4 NA 46.6 100 86.9 35.6 0
19910210 95.4 58.2 3 2.2 4.2 3.7 1.5 0.3 1.1 2.2 50.9 0 27.4 13.5 16.2 3.2 68.9 NA 44 95 87.7 33.8 0
19910211 90.8 59.5 1 1.2 4.6 3.8 1.4 0.4 1.1 1.5 51 0 28.2 8.9 12.4 3.2 50.9 NA 43.9 95 89.3 32.2 0
19910212 90.7 46.9 1 2.9 4.2 2.5 1.6 0.8 1.8 1 49.5 0 26 6.3 11 3.8 61 NA 43.4 95.8 90.6 35.3 0
19910213 90.5 31.1 0.2 3.9 3.6 0.9 1.7 1.1 2.3 0.6 47.5 0 23.9 2.7 8.1 3.9 72.5 NA 42.9 95.8 91.8 37.9 0
19910214 95.3 46.1 7.2 10.1 11.1 3.6 7.8 3.9 1.6 0.5 47.6 0 32.3 17 15.9 6.9 58.5 NA 65.1 95.8 94 49.6 0.9
19910215 97.8 57.6 12.3 15.3 17.6 5.5 11.9 5.6 0.9 0.5 47.5 0 37.1 31.3 23.7 9.5 45 NA 83.3 95 95.5 60.1 1.5
19910216 97.8 73.9 10.8 14.2 16.1 4.6 10.9 6.4 0.9 1 47.4 0 38.9 44.2 31.2 12.4 66.6 NA 77.1 95 95.5 58 1.2
19910217 98 80.8 9.9 12.7 15.2 4.2 10.5 8 0.9 1.5 48.1 0 39.9 53.7 38.3 15.3 78.3 NA 75.6 95 95.4 56.5 1.1
19910218 98 92.2 8.3 12 13.3 3.2 9.2 8.6 0.9 2.1 48.4 0 41.4 66.4 46.7 18.7 95 NA 69.6 95 95.4 54.3 0.9
19910219 98 90 8.8 11.3 9.7 4.3 10.5 8.8 1.9 2 45.7 0 38.9 56.3 44 19.3 92.4 NA 83.1 95 95.4 61.1 1.3
19910220 97.9 85 8.1 10.4 5.4 5.3 11.1 8.9 2.8 1.8 42.4 0 36.2 44.9 41.1 19.6 87.2 NA 93 95 95 64.5 1.6
19910221 97.9 63.5 7.1 12.9 3.7 3.8 7.6 6.9 2.4 1.4 43.9 0 32.1 45.2 43.9 21.6 81 NA 74.2 99.5 95 56 1
19910222 97.5 39.4 3.9 13.8 2.4 2.2 4.4 4.7 1.9 0.8 44.9 0 26.8 44.7 46.4 23.2 70.7 NA 53.5 99.5 95 44.2 0
19910223 97.5 36.2 5.4 10.6 4.6 3.3 6.3 7.2 3.8 4.2 58.7 0 33.3 60.6 60.5 30.3 52.9 NA 56.5 99.5 95 53.6 0
19910224 98.1 31 7.6 9.2 7 3.9 7.9 8.9 5.1 6.9 72.2 0 39.6 76.5 74.8 37 31.4 NA 60.8 95.8 95 60.5 0
19910225 98.1 27.2 9 6 9.4 5 9.7 11.4 7.1 10.5 88.2 0 44.5 95.1 91.3 45.1 10 NA 62.4 95.8 95 69.5 0
19910226 98.3 55.3 18.6 23.7 18.7 6 7.2 9.2 5.8 9.3 80 0 41.5 95.7 93.6 58.3 50 NA 64.1 100 99.5 79.7 0
19910227 98.1 77 25.8 36.8 27.5 6.6 3.8 6.6 4.3 7.4 72.4 0 37.7 95.6 95.5 69.6 88.5 NA 62.4 100 99.5 87.2 0
19910228 98.4 54.6 31.2 45.1 29.4 4.2 4.7 3.6 2.4 6.3 80.1 0 45.9 95.9 95.5 70.2 74.3 NA 51.2 100 99.7 84.8 0
19910301 98.3 32.3 36 53.3 30.3 1.8 5.4 0.3 0.3 5 88.6 0 53 95.9 95.4 70.3 59.8 NA 39.5 100 99.6 82.2 0
19910302 98.3 30.8 33.7 39.6 24.8 2.6 5.6 0.3 0.3 6.1 89.4 0 46.1 95.9 95.4 76.2 63.1 NA 46.6 100 99.6 73.5 0
19910303 98.3 26.5 31 24.6 20.1 4.1 6.1 0 0 7.3 90.1 0 40.5 95.9 95.9 80.2 67.3 NA 51.1 100 99.7 64.6 0
19910304 98.3 21.9 28 11.3 15.4 4.9 6.3 0 0 8.9 91.3 0 33.1 95.9 95.9 85.4 67 NA 57.7 100 99.7 55.8 0
19910305 98.6 19.4 22.9 8.7 14.2 3.3 5.6 0 0 6.4 88.1 0 27.4 95.9 96 84.6 61.1 NA 56.3 100 99.7 55.2 0
19910306 98.4 14.6 16.8 5.1 12.2 0.9 4.1 0 0 3.4 81.8 0 18.5 95.6 95.4 82.8 53.5 NA 53.9 100 99.7 53.3 0
19910307 88.8 11.2 13.2 4.4 8 1.2 3.2 0 0 2.1 66.4 0 17.2 94.8 92 73 46.2 NA 45.8 100 98.5 55.3 0
19910308 79 3.2 7.3 3.6 3.7 1.5 1.6 0 0 0.7 48.6 0 15 92.9 88.8 62.9 38.1 NA 37.3 100 97.6 53.7 0
19910309 80.3 2.3 5.2 4.9 6.6 1.3 2.5 0 0 0.7 50.2 0 17.7 91 90.7 64.1 37.4 NA 46.1 100 98.5 61 0
19910310 81.4 0.5 4.1 5.5 8.7 1 3 0 0 0.6 51 0 20.3 86.9 91.5 66.4 35.9 NA 54.3 95 94.3 63.6 0
19910311 82.3 0.1 2.4 6.9 11.5 0.7 4 0 0 0.6 51.4 0 23.5 83.8 92.5 65.5 34.5 NA 61.7 95 95 69 0
19910312 90.1 10.4 3.6 6.4 10.3 1.6 2.8 0 0 2.6 48.6 0 21.8 84.5 85.1 53.1 43 NA 48.3 100 96.8 77 0
19910313 97.9 19.7 4.5 5.2 9 2.4 1.4 0 0 4.6 43.9 0 19.8 85.3 77.3 38.4 49.4 NA 34.7 100 93.8 83.9 0
19910314 92.6 10.4 3.1 5.3 6.9 1.8 1.5 0 0 3.8 40.4 0 19.2 89.5 73.5 32.4 38.4 NA 31.9 99.8 90.6 68.4 0
19910315 86.4 0.9 1.3 5.2 4.3 1.2 1.2 0 0 2.9 36.8 0 18.4 93.9 69.1 26 26 NA 28.7 99.6 87.8 53.9 0
19910316 82.2 0.9 0.9 4.1 4.2 1.1 1.1 0 0 2.7 35.3 0 17.8 91.8 63.4 23.4 26 NA 25.9 99.7 89.6 51.8 0
19910317 77.9 0 0.7 3.5 4.1 1.2 0.9 0 0 2.5 30.4 0 17.4 89.9 58.9 21.5 23.1 NA 23.6 99.9 90.8 48.8 0
19910318 72.1 0 0.3 2.4 3.9 1.3 0.8 0 0 2.6 26.9 0 17.1 86.4 53.7 19.1 23 NA 20.7 100 92.4 45.7 0
19910319 74.8 0 0.4 2.5 3.4 0.9 1 0 0 2.7 26.1 0 13.9 87.2 56 16.5 13.6 NA 19.8 100 93.5 44.9 0
19910320 77.7 0 0.5 2.6 2.6 0.5 0.9 0 0 2.7 25 0 11.2 87.2 57.5 12.3 4.2 NA 18.8 100 94.4 41.1 0
19910321 76.1 0 0.4 2.8 2.6 0.5 1 0 0 1.5 22.7 0 6.7 91.1 59 10.6 3.6 NA 17.2 100 94.3 42.3 0
19910322 74.5 0 0.2 2.7 2.6 0.4 0.8 0 0 0.4 19.3 0 1.5 95 60.1 8.3 3 NA 14.4 100 94.5 42.6 0
19910323 73.5 0 0.1 2.3 2.4 0.3 0.5 0 0 0.4 17.4 0 2.1 76.3 48.7 5.9 2.5 NA 12.4 100 93.3 39.2 0
19910324 71.9 0 0.1 2.1 2 0.3 0.3 0 0 0 14 0 3.2 60.1 39.3 4.6 1.3 NA 10.4 100 87.6 36.4 0
19910325 70.5 0 0 1.8 1.9 0.3 0 0 0 0 12.4 0 3.8 39.1 28.2 2.8 0.6 NA 8.1 100 86.7 33.5 0
19910326 61.8 0 0 1.3 1.6 0.2 0 0 0 0.5 12.4 0 4.4 26.7 22.1 3 0.6 NA 5.2 100 86.5 32.1 0
19910327 52.3 0 0 0.7 1.1 0 0 0 0 1.1 11.7 0 4.9 14.6 15.8 2.7 0 NA 2 100 86 30.3 0
19910328 46.2 0 0 1.3 0.9 0 0 0 0 0.6 8.2 0 2.5 11.8 15 2.8 0 NA 1.4 100 88.4 28.4 0
19910329 39.6 0 0 1.9 0.6 0 0 0 0 0.2 3.9 0 0 8.4 14 2.6 0 NA 0.4 100 91.1 25.8 0
19910330 36.4 0 0 1.2 0.8 0 0 0 0 0.1 4 0 0 7.7 13.1 2.5 0 NA 0.7 100 83.6 24.7 0
19910331 30 0 0 0.7 1 0 0 0 0 0.1 4.7 0 0 7.8 12.4 2.2 0 NA 0.6 95 77.2 23.1 0
19910401 26.3 0 0 0 1.2 0 0 0 0 0 4.9 0 0 7.4 11.7 2.2 0 NA 1 95 70.9 22.1 0
19910402 18.9 0 0 0 1.7 0 0 0 0 0 3.6 0 0 9.4 10.2 2 0 NA 0.5 91.8 69.3 21 0
19910403 10.4 0 0 0 2.2 0 0 0 0 0 2.3 0 0 11.1 8.5 1.7 0 NA 0 88.2 67.3 19.7 0
19910404 11.2 0 0 0 1.9 0 0 0 0 0 2.2 0 0 14.9 8.6 1.5 0 NA 0 84.1 69.2 19.7 0
19910405 11.9 0 0 0 1.7 0 0 0 0 0 2.1 0 0 18.3 8.6 1.5 0 NA 0 80.4 70.5 19.7 0
19910406 8.3 0 0 0 1.4 0 0 0 0 0 1.7 0 0 16.3 8.8 1.7 0 NA 0 82 64.1 19.3 0
19910407 4.9 0 0 0 0.9 0 0 0 0 0 1.2 0 0 15 8.8 1.9 0 NA 0 83.2 57.3 19.1 0
19910408 0.8 0 0 0 0.6 0 0 0 0 0 0.9 0 0 12.3 8.8 2.1 0 NA 0 84.1 48.3 18.6 0
19910409 0.8 0 0 0 0.5 0 0 0 0 0 0.7 0 0 9.5 8 1.6 0 NA 0 80.9 46.4 18.3 0
19910410 0 0 0 0 0.2 0 0 0 0 0 0.3 0 0 6.7 7 0.3 0 NA 0 73.5 43.3 17.7 0
19910411 0 0 0 0 0.2 0 0 0 0 0 0.3 0 0 4.8 5.6 0.6 0 NA 0 72.5 34 15.1 0
19910412 0 0 0 0 0.1 0 0 0 0 0 0.1 0 0 2.7 3.9 0.9 0 NA 0 71.5 20.7 11.8 0
19910413 0 0 0 0 0.1 0 0 0 0 0 0.1 0 0 3.6 3.6 0.7 0 NA 0 67.9 20.3 13 0
19910414 0 0 0 0 0 0 0 0 0 0 0 0 0 4.3 3.5 0.6 0 NA 0 69.9 19.6 13.2 0
19910415 0 0 0 0 0 0 0 0 0 0 0 0 0 5.1 3.3 0.4 0 NA 0 65.9 19.2 14.1 0
19910416 0 0 0 0 0 0 0 0 0 0 0 0 0 4.7 3.1 0.6 0 NA 0 75 17.2 15 0
19910417 0 0 0 0 0 0 0 0 0 0 0 0 0 4.1 2.7 0.8 0 NA 0 76.8 14.5 14.4 0
19910418 0 0 0 0 0 0 0 0 0 0 0 0 0 3.6 2.6 0.5 0 NA 0 70 13.4 13.4 0
19910419 0 0 0 0 0 0 0 0 0 0 0 0 0 2.8 2.5 0.2 0 NA 0 55.9 9.8 10.8 0
19910420 0 0 0 0 0 0 0 0 0 0 0 0 0 2.8 2.5 0.3 0 NA 0 41.9 7 8.9 0
19910421 0 0 0 0 0 0 0 0 0 0 0 0 0 2.7 2.4 0.5 0 NA 0 23.9 4.4 5.8 0
19910422 0 0 0 0 0 0 0 0 0 0 0 0 0 2.7 2.3 0.6 0 NA 0 5 1 3.6 0
19910423 0 0 0 0 0 0 0 0 0 0 0 0 0 2.4 2.2 0.3 0 NA 0 5 1 2.7 0
19910424 0 0 0 0 0 0 0 0 0 0 0 0 0 2.1 2.1 0 0 NA 0 4.1 0.6 0.9 0
19910425 0 0 0 0 0 0 0 0 0 0 0 0 0 1.8 2.2 0 0 NA 0 4.1 0.6 0.8 0
19910426 0 0 0 0 0 0 0 0 0 0 0 0 0 1.3 2 0 0 NA 0 0 0 0.2 0
19910427 0 0 0 0 0 0 0 0 0 0 0 0 0 1.1 1.6 0 0 NA 0 0 0 0.2 0
19910428 0 0 0 0 0 0 0 0 0 0 0 0 0 1.1 1.5 0 0 NA 0 0 0 0 0
19910429 0 0 0 0 0 0 0 0 0 0 0 0 0 1 1.1 0 0 NA 0 0 0 0 0
19910430 0 0 0 0 0 0 0 0 0 0 0 0 0 1.5 0.8 0 0 NA 0 0 0 0 0
19910501 0 0 0 0 0 0 0 0 0 0 0 0 0 2 0.5 0 0 NA 0 0 0 0 0
19911206 54.4 0.5 0 0 0 0 0.3 0 0 0.2 0.1 0 0 9.7 12.9 1 0 NA 4.8 47.4 19.3 0 0
19911207 48.2 0.5 0 0 0 0 0.2 0 0 0.1 0.1 0 0 8.2 12.4 1 0 NA 4.3 49.6 18.8 0 0
19911208 42.5 0 0 0 0 0 0.1 0 0 0 0 0 0 7 11.9 1 0 NA 3.7 51.9 18.3 0 0
19911209 38 0 0 0 0 0 0 0 0 0 0 0 0 5.8 11.6 1 0 NA 3.3 54.1 17.8 0 0
19911210 26.3 0 0 0 0 0 0 0 0 0 0 0 0 6.8 10.7 1 0 NA 2 31.8 11.1 0 0
19911211 11.2 0 0 0 0 0 0 0 0 0 0 0 0 7.8 9.7 1 0 NA 0.3 3.5 3 0 0
19911212 10.8 0 0 0 0 0 0 0 0 0 0 0 0 6.3 8.7 0.6 0 NA 0.2 3.7 1.8 0 0
19911213 9.4 0 0 0 0 0 0 0 0 0 0 0 0 4.6 7.2 0.2 0 NA 0 2.2 0.5 0 0
19911214 12.1 0 0 0 0 0 0 0 0 0 0 0 0 5.5 8.6 0.4 0 NA 0 4.5 1.4 0 0
19911215 13.4 0 0 0 0 0 0 0 0 0 0 0 0 6.3 9.3 0.6 0 NA 0 4.6 2.7 0 0
19911216 15.7 0 0 0 0 0 0 0 0 0 0 0 0 7.1 10.5 0.8 0 NA 0 6.8 3.5 0 0
19911217 19.5 0 0 0 0.1 0 0 0 0.3 0 0 0 0 7.6 12.4 0.9 0 NA 1.4 14.8 4.7 0 0
19911218 22.5 0 0 0 0.1 0 0 0 0.6 0 0 0 0 8.2 13.8 1.1 0 NA 2.9 19.3 5.6 0 0
19911219 25 17.6 0 0 0.3 0 0 0.2 0.9 0 0.3 0 0 7.1 14.9 1.2 11.6 NA 16.4 39.2 5.4 0.4 0
19911220 26.5 31.8 0 0 0.5 0 0 0.4 1.3 0 0.6 0 0 6 15.4 1.3 19.3 NA 29.7 53.7 5 0.8 0
19911221 27.1 28.1 0 0 0.4 0 0 0.2 0.8 0 0.3 0 0 7 15 1.3 20.4 NA 27.6 50.6 5 0.8 0
19911222 26.2 22.2 0 0 0.3 0 0 0.1 0.5 0 0.2 0 0 7.8 14.9 1.3 20.7 NA 26.1 39.8 4.3 0.8 0
19911223 26.5 17.2 0 0 0.2 0 0 0 0 0 0 0 0 8.8 14.2 1.3 21.7 NA 23.9 36.7 4.3 0.8 0
19911224 26.3 16.6 0 0 0.4 0 0 0 0 0 0.7 0 4.5 12.4 16.2 1.3 20.5 NA 16.3 53.2 10.3 11.1 0
19911225 25.4 15.1 0 0 0.2 0 0 0 0 0 0.5 0 4.5 11.6 15.2 1.4 15.5 NA 15.4 55.6 10.7 11.5 0
19911226 24.1 13.6 0 0 0.1 0 0 0 0 0 0.2 0 4.5 10.9 14.9 1.4 8.5 NA 14.3 66.8 12.2 13 0
19911227 23.2 12.2 0 0 0 0 0 0 0 0 0 0 4.5 10.2 13.9 1.5 1.8 NA 13.4 69.1 12.6 13.4 0
19911228 20.1 9 0 0 0 0 0 0 0 0 0 0 3 7.4 12.2 1.3 1.8 NA 10.4 59.6 10.4 10.2 0
19911229 16.9 5.4 0 0 0 0 0 0 0 0 0 0 1.5 5 10.3 1 0 NA 6 49.8 8.1 7.5 0
19911230 13.6 2.2 0 0 0 0 0 0 0 0 0 0 0 2.6 8.4 0.8 0 NA 2.9 40.3 6 4.2 0
19911231 21.3 2.5 0 0 0 0 0 0 0 0 0 0 0 4.4 9.4 0.8 0 NA 4.3 74 7.9 11.2 0
19920101 17 1.5 0 0 0 0 0 0 0 0 0 0 0 4.1 9.9 0.9 0 NA 3.4 69.7 7.1 10.4 0
19920102 12.5 1 0 0 0 0 0 0 0 0 0 0 0 3.8 10.1 0.8 0 NA 2 65.4 6.7 9.6 0
19920103 8.5 0 0 0 0 0 0 0 0 0 0 0 0 3.6 10.6 0.8 0 NA 1.1 61 5.9 8.8 0
19920104 7.3 0 0 0 0 0 0 0 0 0 0 0 0 3.5 9.9 0.7 0 NA 1.6 54.6 5.1 8.7 0
19920105 6.1 0 0 0 0 0 0 0 0 0 0 0 0 3.7 9.7 0.6 0 NA 1.6 43.6 4.7 7.4 0
19920106 4.9 0 0 0 0 0 0 0 0 0 0 0 0 3.5 9 0.5 0 NA 2.1 37.2 3.9 7.3 0
19920107 5.8 0 0 0 0 0 0 0 0 0 0 0 0 3.8 9.2 0.5 0 NA 20.9 37.2 4 7.3 0
19920108 6 0 0 0 0 0 0 0 0 0 0 0 0 4 9.4 0.5 0 NA 38.8 37.2 3.9 6.9 0
19920109 7 0 0 0 0 0 0 0 0 0 0 0 0 5 10.4 0.6 0 NA 40 48.8 4.8 9.5 0
19920110 7.9 0 0 0 0 0 0 0 0 0 0 0 0 5.4 10.9 0.6 0 NA 39 54.3 5 11.6 0
19920111 10 0 0 0 0 0 0 0 0 0 0 0 1.1 5.6 11.8 0.7 0 NA 36.7 62.2 5.6 13.2 0
19920112 11.9 0 0 0 0 0 0 0 0 0 0 0 2.7 5.7 12.8 0.7 0 NA 34.5 72.3 6.7 15.9 0
19920113 14 0 0 0 0 0 0 0 0 0 0 0 3.8 5.8 13.7 0.7 0 NA 32.2 80.2 7.3 17.5 0
19920114 18.5 0 0 0 0 0 0.3 0 0 0 0 0 3.8 5.9 15.8 1 0 NA 37 79.6 7.2 17.8 0
19920115 21 0 0 0 0 0 0.6 0 0 0 0 0 3.8 5.9 17.1 1.3 0 NA 38.3 76.7 7 17.1 0
19920116 38 10.8 0 0 3.3 0 0.3 0 0.7 0 13.4 0 11.7 10.9 18.8 1.4 13.4 NA 41.8 86.2 9.7 28.9 0
19920117 50.4 18.6 0 0 5.8 0 0 0.1 1.2 0.1 22.9 0 17.6 15 20.1 1.4 22.4 NA 44.9 93.6 11.2 38.6 0
19920118 62.9 32.3 1 0.7 6.2 0 0 0.4 1.5 0.2 24.8 0 19.4 15.1 21.1 1.5 32.8 NA 44.8 91.9 14.1 38.4 0
19920119 74.8 46.8 1.5 1.4 6.5 0 0 0.6 1.8 0.4 26.1 0 22.2 15.8 22.3 1.6 41.8 NA 45.4 92.6 15.3 38.5 0
19920120 87.9 60.4 2.4 2.2 6.9 0 0 0.8 2.2 0.6 27.7 0 24 16 23.4 1.7 54.4 NA 45.3 90.8 18.2 38.2 0
19920121 91.1 57.9 2.6 2.4 8.4 0.4 0 2.7 2.7 0.5 32.1 0 22.4 14.9 23.4 4.3 68.4 NA 45.5 96.5 21.9 41.4 0
19920122 95 57 2.5 2.6 9.4 0.6 0 4 3.1 0.4 37.2 0 17.9 13.7 23.4 6.7 78.3 NA 45.4 99.1 24.9 44.5 0
19920123 95.3 65.8 3.7 1.8 11.7 0.9 0 3.3 2.9 0.5 38.8 0 20.9 15.6 25.4 7.3 78.6 NA 46.2 92.8 30.3 46 0
19920124 95.4 74.4 4.5 1.1 13.1 1.1 0 2.3 2.5 0.5 40.2 0 23 17 26.5 7.8 74.3 NA 46.7 85.8 35 47.2 0
19920125 95.4 74.8 4.5 1.6 13.2 1 0 3.3 3.2 0.5 41.2 0 24.4 18 27.2 8.2 74.1 NA 46.6 86.5 38.2 47.6 0
19920126 95.4 75 4.5 1.8 13.2 0.9 0 3.7 3.6 0.4 41.5 0 25.9 19.1 28 8.6 73.8 NA 47.1 86.9 40.2 48 0
19920127 95.3 75.3 4.6 2.2 13.3 0.9 0 4.7 4.4 0.4 42.3 0 27.7 20.3 28.9 9 73.5 NA 47 87.6 43.4 48.5 0
19920128 95.5 77.3 6.2 4.7 23.3 4.8 4.1 4.9 4.5 8.6 62.9 5.4 33.7 20.8 32 11.4 84.7 NA 69.1 93.9 49.8 62.5 0
19920129 95.6 79 7.8 7.3 33.6 8.4 7.8 4.2 3.6 15.9 82.2 10.7 39.1 21 34.2 13.3 91.7 NA 88.8 99.3 56.7 75.4 0
19920130 95.9 80.8 9.1 14.8 34.2 9.3 7.8 3.5 4 15.9 82.5 10.9 37.9 20.2 34.5 13.7 92.8 NA 87.2 99.3 58.6 75.1 0
19920131 95.9 82.2 10.1 21.6 34.6 10.1 7.5 2.9 4.3 15.6 82.7 11.1 36.5 19.3 34.6 14 93.7 NA 85.3 99 60 74.5 0
19920201 95.9 85.8 18.9 26.3 40.1 14 12.5 11.2 8.8 21.7 86.6 13.9 43.3 25.1 38 16 94.1 NA 88.6 99 71.2 77.1 3
19920202 97.9 89.3 27.8 31 45.7 18 17.6 19.5 13.2 27.8 90.5 16.7 50.2 30.9 41.4 18 94.4 NA 92.4 99.7 82.5 80.4 6.1
19920203 97.9 93.5 37 36.4 52.2 22.7 23.4 29.3 18.7 34.9 95.1 19.4 58.1 37.6 45.4 20.3 95 NA 96.3 99.7 95.5 83.4 9.1
19920204 98 89.7 52.5 24.9 41.4 18.1 15.8 20.2 11.6 25.9 90.6 17.6 49.1 29.9 38.8 15.9 95 NA 89.6 99.8 95.5 80 4.7
19920205 97.5 85.5 64 12 29.3 13.2 7.5 9.5 3.5 15.1 82.8 13.1 37.2 21.3 31.5 10.8 94.9 NA 81.5 99.4 94.6 76.3 0.3
19920206 98 84.9 63.7 11.8 30.3 12.9 7 7 4.4 14.1 87.5 8.6 34.7 19.9 31.4 10.8 94.9 NA 81.8 99.4 85.5 76 0.3
19920207 97.8 83.4 60.5 11.1 30.3 11.7 6.2 3.6 5 12.5 89.6 2 31.6 18.3 31.1 10.7 94.9 NA 80.1 98.8 75.5 74.6 0.3
19920208 97.9 87.5 75.3 32.9 33.9 12.6 10.5 2.9 4.5 12.1 89.1 1.2 35.2 18.3 31.1 12.4 94.9 NA 84.6 98.8 83.3 75.9 0.6
19920209 97.5 87.4 81.2 47.3 35.9 12.4 13.5 2 3.6 10.8 87.7 0.8 40.3 18.4 31.1 14.2 95 NA 86.3 99.5 92 75.5 0.9
19920210 97.5 89.9 91.4 69.7 39.1 12.9 17.7 1.4 3.1 10.2 86.7 0 44.5 18.6 31.3 16.2 95 NA 90 99.5 97.5 76 1.3
19920211 97.6 89.8 90.9 66.8 40.5 12 19.2 2 1.7 9.3 85.1 0 48.2 17.8 29.5 17.9 90 NA 91.6 99.5 97.8 73 2.6
19920212 97.5 89.5 89.6 58.5 41.6 10.2 20.4 2.6 0.3 7.5 81.2 0 51.4 16.6 26.9 19.3 80 NA 91.8 95.2 97.5 67.5 3.7
19920213 97.9 92.1 90 70.3 35.6 9.8 20.3 2.9 0.9 7.3 81.1 0 48.7 16.2 26.7 21 80.1 NA 93.4 98.9 97.8 70 4
19920214 97.9 93.1 89.6 74.8 28.8 9.3 19.4 3 1.2 6.8 80.9 0 45.2 15.4 26.2 22.5 80.2 NA 94.6 98.9 97.5 69.9 4.2
19920215 97.9 92.6 91.3 76.4 24.5 9.7 18.4 3.1 1.1 7 83.2 0 51.5 19 25.8 21.9 87.6 NA 91 98.1 97.2 72.3 3.3
19920216 97.8 92.6 92.5 83.9 21.2 9.8 17.7 3.2 1 7.2 85.5 0 57.6 22.6 24.6 21.7 87.6 NA 88.5 98.3 97 75.4 2.5
19920217 97.8 91 93.9 84.2 17 10.6 16 3.2 0.9 7.4 86.8 0 65 26.9 24.4 20.8 91.2 NA 83.9 96.6 96.4 77.2 1.7
19920218 95.6 89 92.4 62 14.4 14.8 15.7 2.6 1.1 6.4 78.3 0 51.8 26.5 24.3 20.2 85.4 NA 74.1 84.8 96.6 77.1 1.3
19920219 93.5 86.2 90.7 39.6 10.4 17.9 14.1 1.7 1.2 5 68.6 0 37.1 25.7 24 18.9 77.8 NA 61.4 74.3 96.5 74.4 0.8
19920220 95.4 79.9 84.1 30.7 8.5 11 12.6 2.7 1.2 3.8 51.6 0 38.1 21.1 18.8 14.2 78 NA 62.7 81.6 95.7 64.1 0.7
19920221 97.4 73.8 76.8 20.4 5.6 2.5 10.3 3.5 1.1 2.2 33.8 0 38.8 16.1 12.8 9.2 73.5 NA 63.6 89.7 94.4 53.1 0.6
19920222 97.5 79.8 77 23.7 10.7 4.9 9 2.6 0.8 1.7 35.9 0 36.9 15.5 15.8 14.5 74.2 NA 62.4 92.2 95.7 62.4 0.4
19920223 97.6 84.8 82.2 28.4 15 7.3 6.9 1.4 0.5 1.3 35.7 0 36.3 15.1 18.2 18.7 74.9 NA 61.5 94.2 98.1 70.4 0.2
19920224 97.7 89 77.4 29 18.8 9.6 4.9 0.3 0.1 0.8 37 0 33.3 14.7 20.5 23 75.6 NA 60.6 96.4 98.9 76.7 0
19920225 97.7 83.5 76.7 27.6 16.6 10.6 5.7 0.3 0.4 0.5 33.7 0 32.1 14.1 18.8 20.7 78.3 NA 62.7 85.9 93.2 70.9 0
19920226 97.5 75.2 75 26.3 13.7 11.1 5.6 0 0.5 0.2 31.1 0 31 13.3 16.6 17.3 79.6 NA 64.4 70.4 87.1 64.4 0
19920227 95 57.9 63.2 27.4 11.9 10 6.1 0 0.3 0.5 33.4 0 29.9 14.3 15.9 16.6 79.9 NA 68 74.5 91.7 63.2 0
19920228 90 36.9 51.1 28.3 9.7 8.1 5.5 0 0.1 0.7 34.9 0 28.4 15 14.3 15 80 NA 71 75.4 96.3 58.4 0
19920229 92.3 46.5 52.6 35.3 10.8 9.4 9 0 0.1 1.1 37.5 0 36.5 16.4 16 19.1 90 NA 70.9 85.5 98.1 69.5 0
19920301 91.5 56.2 55.3 45.7 11.2 10.3 12.5 0 0 1.5 39.7 0 42.4 17.6 17.3 21.9 90 NA 72.4 91 98.5 73.9 0
19920302 91.8 63 55.5 50.2 12 11.4 16 0 0 1.9 42.1 0 51.3 18.7 18.7 25.2 95 NA 72.4 100 99.4 82.7 0
19920303 95.3 71.6 71.3 60.1 11.6 8.9 11.9 0 0 1 41.4 0 39.6 16.4 16.8 21.7 95 NA 77.2 100 99.4 84.2 0
19920304 97.2 81.2 85.7 67 11 5.1 7.4 0 0 0 37.9 0 26.3 13.6 14.6 17.6 95 NA 81.8 99.4 99.2 84.4 0
19920305 97.2 49.2 44.9 35.3 9.1 4.8 4.6 0 0 0.2 34 0 26.6 13.5 13.7 15.4 50 NA 69.9 99.4 99.3 73.4 0
19920306 97.2 15 5 6.2 7.2 4.4 1.5 0 0.1 0.3 27.4 0 26.4 13.3 12.4 12.7 5 NA 56.8 99 99.2 61.3 0
19920307 97.2 15 5 6.2 6 3.7 1.3 0 0 0.2 23.7 0 25.4 12 11.2 10.8 5 NA 56.4 99 97.8 57.9 0
19920308 97.3 8.3 5 6.2 4.6 3.1 1 0 0 0.2 20.6 0 24 10.8 10.4 8.6 5 NA 52.8 99.1 95.6 53.2 0
19920309 97.3 5 5 6.1 3.4 2.8 0.8 0 0 0.2 16.6 0 23.4 9.7 9.1 6.2 5 NA 50.9 99.1 93.4 48.7 0
19920310 90.3 5 5 9.2 2.8 2.4 0.7 0 0 0.2 16.4 0 21.2 7.8 9.9 6.9 5 NA 50.2 98.6 93.7 47 0
19920311 83.1 3.3 0 8.7 1.8 1.6 0.5 0 0 0.2 15.7 0 18.5 5.5 9.9 6.7 5 NA 46.9 97.3 91.8 44.6 0
19920312 90.2 3.3 0 5.7 16.8 3.3 3.4 0 0 0.2 36.7 0 12.6 14.1 15.3 17.7 5 NA 62.5 98.6 95.9 61.6 0
19920313 96.5 3.3 0 0.8 30.7 4.9 6 0 0 0.2 55.3 0 5.1 21.7 20.7 27.8 5 NA 74.9 99 99.1 77.2 0
19920314 96.6 3.3 0 0.8 36 7.5 8.3 0 0 0.3 52.1 0 10.9 36.6 27.3 32.9 5 NA 77.6 99 99.1 81.3 0
19920315 96.9 3.3 0 0.8 42.7 10.3 11.8 0 0 0.3 49.7 0 19.6 55.2 37 40.6 5 NA 82.3 99 99.7 85.6 0
19920316 96.7 0 0 0 48 12.9 14 0 0 0.4 45.1 0 25.5 69.8 43.6 45.8 0 NA 84.5 98.8 99.7 89.9 0
19920317 96.8 0 0 0 54 15.6 16.9 0 0 0.5 42.9 0 32.7 86.7 51.7 52.1 0 NA 88.4 98.8 99.7 94.6 0
19920318 91.7 5 18 18.8 57.9 11.7 16.2 0 0 0.4 43.2 0 46.1 75 51.1 43.4 21.1 NA 92.4 98.9 99.6 92.1 0
19920319 90.8 8.2 12 25.5 46.9 11.4 15.1 0 0 0.3 39.7 0 42.4 61.3 44 46.6 21.5 NA 76.8 98.8 99.3 89 0
19920320 88.6 14.5 5 31.3 33.8 10.4 13.6 0 0 0.2 35.6 0 37.9 46 36.5 49.7 19.6 NA 62 98.5 98.9 85.4 0
19920321 90.6 14.8 5 26.1 40.3 26.5 28.7 0 0 2.3 34.3 0 39.7 59.1 54.2 57.8 29.6 NA 69.1 98.7 99.2 89.9 0
19920322 91.8 14 5 16.3 45.8 42.2 43.9 0 0 4.4 33.3 0 41.4 69.6 69.4 65.1 33.1 NA 76.1 99.8 99.5 93.5 0
19920323 93 13.3 5 8.9 52 58.1 59.1 0 0 6.7 31.9 0 43.5 81.9 88.1 73 39.7 NA 82.3 100 99.8 96.4 0
19920324 90.9 15.8 5 10.5 61.5 37.5 39.4 0 0 3.7 45.3 0 49.9 56.7 68.6 68.9 50.1 NA 86.8 100 99.8 96.7 0
19920325 86.6 17.1 5 12.3 69.7 17.1 19 0 0 0.3 58 0 55.1 32.8 48.9 62.9 50.6 NA 89.1 100 99.2 96.7 0
19920326 85.9 20 5 13.8 60.5 22.1 23 0 0 0.3 49.1 0 57.1 28 48.8 61 56.7 NA 89.7 99.9 98.6 96.6 0
19920327 82.8 19.1 0 10.4 47.8 26.5 27 0 0 0.4 40.3 0 58.8 21.2 46.8 58.7 59.8 NA 88 99.7 97.8 96.3 0
19920328 81.3 14.4 0 7.8 33.5 17.6 18.5 0 0 0.3 33.3 0 50.8 19 40.5 49.3 47.7 NA 71.7 99.7 95.6 90.1 0
19920329 77.2 7.6 0 5.7 23.3 10.4 12.4 0 0 0.3 26.7 0 44.7 14.4 34.3 42.7 27 NA 59.3 99.7 94.4 84.3 0
19920330 74 1.5 0 3.5 10.3 3 4.1 0 0 0.2 19.1 0 34.8 12 26.4 32.2 10.5 NA 42.7 99.8 91.4 75.1 0.1
19920331 67.6 5.8 0 4.6 7.3 2.2 2.7 0 0 0.1 15.4 0 28.7 6.8 20.3 27.4 9.6 NA 39.8 99.3 89.3 69.9 0
19920401 60.9 10.8 0 5.6 3.1 1.1 1 0 0 0 11.8 0 17.7 0.6 11.7 20.1 8.1 NA 34.3 98.7 85.7 61.5 0
19920402 63.7 6.5 0 3.8 5.7 2.3 1.4 0 0 0 13.2 0 23.1 0.8 12.7 22 12.1 NA 42.6 99.4 92.8 73.6 0
19920403 65.4 3 0 2 7.9 3.5 1.5 0 0 0 13.3 0 25.5 0.7 12.7 22.9 20 NA 46.8 100 99.4 82.3 0
19920404 61.1 1.5 0 1.6 6.1 2.9 1.5 0 0 0 11 0 23.9 0.4 10.9 19.8 19.9 NA 37.4 100 99.4 72.5 0
19920405 57.9 0.7 0 1.2 4.3 2.1 1.4 0 0 0 7.8 0 23.3 0.3 10.1 16.5 9.9 NA 26.9 98.7 95.4 60.1 0
19920406 50.9 0 0 0.7 2.7 1.6 1.4 0 0 0.1 5.2 0 21.6 0 8.2 12.7 4.9 NA 14.6 98.7 95.4 48.2 0
19920407 47.3 0.2 0 0.5 3.9 1.3 1 0 0 0.1 5.5 0 22.7 0 6.2 9.1 5 NA 10.6 93.2 93.4 44.6 0
19920408 43.1 0.2 0 0.2 4.9 0.9 0.6 0 0 0 4.9 0 23.3 0 3.3 4.1 1.2 NA 6.3 84.8 89.4 39.5 0
19920409 29 0.2 0 0.1 4 1.2 1 0 0 0 4 0 16.4 0 4.1 6 1.2 NA 9.4 85.9 91.9 40.5 0
19920410 16 0 0 0.1 2.8 1.6 1.4 0 0 0 3.1 0 7.2 0.1 4.9 7 0 NA 12.1 87.2 90.9 39.9 0
19920411 14.3 0 0 0.1 2.4 1.2 1.3 0 0 0 2.9 0 6.4 0 4.3 5.2 0 NA 9.4 86.6 84.7 38.2 0
19920412 8.9 0 0 0 1.8 0.9 1.3 0 0 0 2.4 0 3.3 0 3.6 3.7 0 NA 5.5 82.7 78.4 36.4 0
19920413 6.5 0 0 0 1.4 0.5 1.2 0 0 0 2.2 0 1.4 0 3.1 1.9 0 NA 2.4 82 70.8 34.1 0
19920414 10.1 0 0 0 1.4 0.6 1.2 0 0 0 1.8 0 1.4 0 3.1 1.4 0 NA 3.5 83.5 77.7 32.1 0
19920415 12.4 0 0 0 1.4 0.8 1.3 0 0 0 1.5 0 0 0 3.1 0.6 0 NA 4.6 82.7 82.1 30 0
19920416 12.4 0 0 0 1.4 0.8 1.3 0 0 0 1.5 0 0 0 3.1 0.6 0 NA 4.6 82.7 82.1 30 0
19920417 11.2 0 0 0 1.4 0.8 1.3 0 0 0 1.5 0 0 0 2.9 0.6 0 NA 4.6 79 78.7 30 0
19920418 8.8 0 0 0 1.4 0.6 1.3 0 0 0 1.4 0 0 0 2.8 0.5 0 NA 2.6 85.4 78.4 29.2 0
19920419 4.4 0 0 0 1.3 0.5 1.4 0 0 0 1.2 0 0 0 2.6 0.4 0 NA 1 90.9 82.1 28.9 0
19920420 1.9 0 0 0 1.3 0.3 1.4 0 0 0 1.1 0 0 0 2.4 0.3 0 NA 0 95 80.7 28.2 0
19920421 1.5 0 0 0 0.6 0.3 1.1 0 0 0 1.1 0 0 0 2.1 0.2 0 NA 0 95 68.9 26.6 0
19920422 1 0 0 0 0 0.1 0.4 0 0 0 0.8 0 0 0 1.6 0.1 0 NA 0 95 57 24.6 0
19920423 1.3 0 0 0 0 0 0.2 0 0 0 0.5 0 0 0 1.8 0.1 0 NA 0 76.6 53.8 24.3 0
19920424 1.6 0 0 0 0 0 0 0 0 0 0.1 0 0 0 2 0.1 0 NA 0 57 50 23.7 0
19920425 1.1 0 0 0 0 0 0 0 0 0 0.1 0 0 0 1.9 0.1 0 NA 0 57.9 43.4 21.9 0
19920426 0.5 0 0 0 0 0 0 0 0 0 0 0 0 0 1.7 0 0 NA 0 58 30 19.3 0
19920427 0 0 0 0 0 0 0 0 0 0 0 0 0 0 1.5 0 0 NA 0 55.7 23.6 16.5 0
19920428 0 0 0 0 0 0 0 0 0 0 0 0 0 0 1.6 0 0 NA 0 65 16.7 17.1 0
19920429 0 0 0 0 0 0 0 0 0 0 0 0 0 0 1.8 0 0 NA 0 68.5 9.7 15.4 0
19920430 0 0 0 0 0 0 0 0 0 0 0 0 0 0 1.8 0 0 NA 0 57.2 6.6 15.2 0
19920501 0 0 0 0 0 0 0 0 0 0 0 0 0 0 1.8 0 0 NA 0 45.9 3 14.1 0
19920502 0 0 0 0 0 0 0 0 0 0 0 0 0 0 1.7 0 0 NA 0 40.5 2.5 11.1 0
19920503 0 0 0 0 0 0 0 0 0 0 0 0 0 0 1.4 0 0 NA 0 38.3 0.5 8.8 0
19920504 0 0 0 0 0 0 0 0 0 0 0 0 0 0 1.3 0 0 NA 0 33 0 5.9 0
19920505 0 0 0 0 0 0 0 0 0 0 0 0 0 0 1.4 0 0 NA 0 20.3 0 3.4 0
19920506 0 0 0 0 0 0 0 0 0 0 0 0 0 0 1.4 0 0 NA 0 3.8 0 0.4 0
19920507 0 0 0 0 0 0 0 0 0 0 0 0 0 0 1.4 0 0 NA 0 3.8 0 0.4 0
19920508 0 0 0 0 0 0 0 0 0 0 0 0 0 0 1.4 0 0 NA 0 3.8 0 0.4 0
19920509 0 0 0 0 0 0 0 0 0 0 0 0 0 0 1 0 0 NA 0 1.9 0 0.2 0
19920510 0 0 0 0 0 0 0 0 0 0 0 0 0 0 0.4 0 0 NA 0 1.9 0 0.2 0
19920511 0 0 0 0 0 0 0 0 0 0 0 0 0 0 0 0 0 NA 0 0 0 0 0
19921214 0 0 0 0 0 0 0 0 0 0 0 0 0 0.1 1.7 0 0 NA 0 0 0 0 0
19921215 0 0 0 0 0 0 0 0 0 0 0 0 0 0.1 1.9 0 0 NA 0 0 0 0 0
19921216 0 0 0 0 0 0 0 0 0 0 0 0 0 0 2 0 0 NA 0 0 0 0 0
19921217 0 0 0 0 0 0 0 0 0 0 0 0 0 0 2.1 0 0 NA 0 0 0 0 0
19921218 0 0 0 0 0 0 0 0 0 0 0 0 0 0 2.1 0 0 NA 0 0 0 0 0
19921219 0 0 0 0 0 0 0 0 0 0 0 0 0 0.3 1.9 0 0 NA 0 0 0 0 0
19921220 0 0 0 0 0 0 0 0 0 0 0 0 0 0.6 1.8 0 0 NA 0 0 0 0 0
19921221 0 0 0 0 0 0 0 0 0 0 0 0 0 0.9 1.6 0 0 NA 0 0 0 0 0
19921222 0.1 0 0 0 0 0 0 0 0 0 0 0 0 1.2 2.2 0 0 NA 1.9 0.7 0 0 0
19921223 0.1 0 0 0 0 0 0 0 0 0 0 0 0 1.4 2.8 0 0 NA 3.5 0.7 0 0 0
19921224 0.1 0 0 0 0 0 0 0 0 0 0 0 0 1 3.1 0 0 NA 7.1 13.7 1.1 4.1 0
19921225 0.1 0 0 0 0 0 0 0 0 0 0 0 0 0.6 3.3 0 0 NA 10.5 26 2.2 8.1 0
19921226 1.1 6 0.1 0.4 0 0 0.3 0.2 0.3 0 0 0 0 5.9 4.5 0.8 30 NA 20.7 31.4 4 12 0
19921227 2 12 0.3 0.8 0 0 0.5 0.4 0.7 0 0 0 0 11.4 5.8 1.4 60 NA 30.2 43.6 6.1 18.7 0
19921228 3.1 18 0.4 1.3 0 0 0.8 0.6 1.1 0.1 0 0 0 16.8 7 2.2 90 NA 40.3 48.5 7.9 22.6 0
19921229 4.1 17.2 0.4 1 0.1 0.7 4.4 0.6 1.2 0.1 0 0 0 15 7 2.3 95 NA 53.4 66.5 8.4 22.5 0.6
19921230 4.7 16.1 0.4 0.7 0.1 1.4 7.6 0.6 1.2 0.1 0 0 0 13.1 6.9 2.4 95 NA 63.8 85 8.7 21.4 1.3
19921231 6 15.6 0.4 0.9 0.2 1.3 7.4 0.5 1.3 0.1 0 0 0 13 7.2 2.2 95 NA 63.7 85.7 9.1 21.4 0.9
19930101 5.8 13.3 0.3 1 0.2 1.1 7 0.5 1.4 0.1 0 0 0 11.1 7 2.1 95 NA 63.2 84.1 9.4 20.8 0.5
19930102 7.5 12.9 0.2 0.6 0.1 0.7 4.4 0.4 1 0 0.1 0 1.5 7.3 6.2 2 69.8 NA 54.4 78.2 9.8 18.7 0.4
19930103 7.4 12.5 0.1 0.4 0 0.4 2.3 0.2 0.5 0 0.2 0 3.4 5.6 5.7 1.9 49.7 NA 49.2 73.2 9.5 16.5 0.1
19930104 9.1 12 0 0 0 0 0 0.1 0.1 0 0.3 0 4.9 1.8 5 1.8 26.2 NA 38.7 65.6 9.4 13.8 0
19930105 8.2 7 0 0 0 0 0 0.2 0.1 0.1 0.2 0 2.5 2 7.1 1.9 13.1 NA 38.6 69.5 8.2 15.5 0
19930106 6.8 1.9 0 0 0 0 0 0.3 0.1 0.2 0.2 0 0 2.2 8.3 2 0 NA 38.2 69.9 6.4 16.2 0
19930107 39.7 1.9 0 0 0.6 0 0 0.2 0.1 0.2 3.4 0 2.5 2.2 7.1 1 0 NA 38.6 84.9 7.8 18.5 0
19930108 70.2 1.8 0 0 1.1 0 0 0 0 0.1 6.3 0 4.9 2.1 5.2 0 0 NA 38.9 95 8.5 19 0
19930109 80.6 2 0 0 1.1 0 1.3 0.2 0 0.2 10.5 0 4.6 5 8.4 0.2 1.2 NA 43.6 95 35.7 22.6 0
19930110 86.8 2 0 0 1.1 0 2.7 0.5 0.1 0.3 12.7 0 4.2 8 10.5 0.3 1.7 NA 44.4 98 62.9 26.9 0
19930111 95.4 2.2 0 0 1.1 0 4.2 0.7 0.1 0.4 16.8 0 3.8 10.9 13.8 0.5 2.9 NA 47 98 94.6 30.9 0
19930112 97 2.5 0 0 11.8 1.2 4.6 0.7 0.5 1.1 32.7 0 4 13.8 18.3 2.7 4.7 NA 48.8 98.2 80.3 47.1 0
19930113 97.2 2.7 0 0 20.8 2.2 4.9 0.7 0.9 1.8 47.4 0 4.1 14.9 22 4.1 5.9 NA 49.7 98 66.6 58.6 0
19930114 97.7 4.8 0 0 23.3 2.4 3.1 0.9 0.7 1.3 55.6 0 7.9 15.2 21.3 5.6 7.1 NA 50.3 100 80.9 60.4 0
19930115 97.6 6.9 0 0 24 2.5 1.2 1 0.5 0.8 62.2 0 10.5 13.7 19.3 6.5 7.4 NA 49.2 100 96.5 58.5 0
19930116 97.7 24.8 0 0 20 2.1 1.2 0.8 0.9 1.5 64 0 11.7 13 18.1 6.6 25.4 NA 48.6 100 96.5 50.4 0
19930117 97.7 38.1 0 0 16.6 2.1 1.2 0.7 1.3 2 65 0 12.8 12 17.3 6.6 37.5 NA 46.6 100 96.6 45 0
19930118 97.8 56 0 0 12.8 1.8 1.3 0.7 1.7 2.8 66.5 0 14 10.8 16 6.8 56.8 NA 46 100 96.6 39.3 0
19930119 99.2 75.3 10 4.9 16 2.6 1.2 0.8 0.9 2.1 48.4 0 18.5 14.8 15.7 6.4 73 NA 53.6 100 82.5 39.5 0
19930120 99.2 88.5 18.7 9 18.3 3.4 1.1 0.9 0.1 1.2 29.5 0 22 17.6 14.8 5.4 86.9 NA 59.5 100 68.9 39.2 0
19930121 99.6 92.8 15.7 8.6 14.1 2.7 1.2 1 0.6 1.7 34.4 0 19.1 17.6 15 5.8 92.3 NA 63.1 100 54.7 36.4 0
19930122 99.6 94.9 12 7.6 10.1 2 1.2 1 1 2.1 37.7 0 15.7 16.5 14.9 6 95 NA 66.2 100 36.8 33.4 0
19930123 99.6 94.2 12.2 7.8 9.7 2.3 1.1 1.6 1.3 2.3 36.6 0 15.1 16.7 14.6 5.9 95 NA 65.8 100 39.4 32.4 0
19930124 99.5 93.6 12.4 8 9.1 2.8 1.1 2.3 1.7 2.5 35.2 0 14.6 16.9 14.3 5.7 95 NA 65.5 100 40.8 31.7 0
19930125 99.5 93 12.7 8.2 8.8 3.1 1.1 2.9 2.1 2.6 33.9 0 14.2 17.3 14.1 5.7 95 NA 65.2 100 43.3 30.8 0
19930126 99.6 94.1 12.7 8.6 8.9 1.8 1.2 1.6 1.4 2.8 38.8 0 10.4 16.9 16 5.3 95 NA 65.5 100 30.6 39.7 0
19930127 98.9 95 12.4 9 8.5 0.4 1.3 0.3 0.8 2.9 43.2 0 6.2 16.3 17.4 4.7 95 NA 64.8 99.8 14.6 47.3 0
19930128 99.1 95 11.4 8.4 8.6 0.3 0.8 0.2 0.6 1.7 42 0 6.1 15.7 15.8 4.3 95 NA 70.5 99.9 14 45 0
19930129 98.9 95 10.1 7.8 8.6 0.1 0.3 0.1 0.4 0.4 40.5 0 6.1 14.7 13.7 3.9 95 NA 75.2 99.9 13.4 42.4 0
19930130 98.9 90 11.2 5.5 7.8 0.1 3 3.3 0.8 0.4 40.7 0 5.8 10.3 11.5 2.8 92.6 NA 75.5 99.9 13.5 40.3 0
19930131 98.8 88.5 11.9 3.5 7.4 0.1 5.7 5.6 1.2 0.5 41.1 0 5.8 6.3 9.9 1.8 92.6 NA 75.1 99.9 13.7 38.2 0
19930201 98.8 79.2 13.1 1.5 7 0 8.8 8.8 1.6 0.5 41.6 0 5.9 2.4 7.8 0.8 87.7 NA 75.6 99.9 13.8 36.3 0
19930202 98.8 78.6 13.2 1.3 6.9 0 10.9 8.6 1.5 0.8 41.7 0 5.7 2.8 8.5 0.7 88 NA 79.9 99.9 13.1 36.9 0
19930203 98.5 78 13.2 1 6.8 0 12.9 8.5 1.4 1.2 41.8 0 5.4 3.2 9.1 0.7 88.1 NA 83.6 99.9 12.5 37.3 0
19930204 92 79.5 15.3 4.1 7.6 0.9 14.5 5 0.9 2.2 31 0 14.8 2.9 8 0.5 87.9 NA 77.8 99.9 10.7 42 0
19930205 84.7 77.8 17.1 6.8 7.8 1.7 15.8 1.3 0.5 3.2 18.9 0 24.1 2.7 6.8 0.4 86.3 NA 70.5 98.4 8.9 46 0
19930206 91.2 84.9 24.7 9.3 7.6 1.5 14.9 2.4 0.5 3.3 21.2 0 27.8 3.2 7.1 0.9 92.1 NA 79.5 98.2 25.9 50.4 0.3
19930207 93.6 86.3 31.2 11.8 7.6 1.3 14.2 3.3 0.5 3.4 23.6 0 31.4 3.6 7.2 1.4 92.1 NA 86.8 99.5 43.4 54.7 0.7
19930208 98.3 90.5 39.5 14.9 7.3 1.1 13.4 4.4 0.6 3.4 26.4 0 37 4.2 7.4 1.9 95 NA 96.3 99.2 62.9 59.9 1.1
19930209 98.8 92.5 34.2 20.1 21.5 10.8 21.2 4.3 0.9 2 33.9 1.1 52.9 6.7 8.4 4.3 95 NA 96.9 99.4 80.6 67.7 2.4
19930210 98.5 95 28 24.8 35.3 19.9 28.1 4.2 1.3 0.5 39.2 2.1 64.4 9.2 9.4 6.4 95 NA 96.9 99.6 96.1 75.1 3.6
19930211 98.7 95 41.5 22.8 37 17 26.8 4 1.1 1.8 54 1.1 68.1 6.1 8.9 6.4 95 NA 97.5 99.8 96.2 77 3.9
19930212 98.6 95 53.6 20.2 37 13.7 25 3.7 0.8 2.9 67.4 0 66.8 3.1 8.4 6.2 95 NA 97.3 100 96 77.7 4
19930213 98.6 92 42 20 29.4 13 25.5 2.9 0.6 3 68.6 0 75 2.9 8.4 6.6 93.3 NA 97.3 100 96 80 3.4
19930214 98.6 86.3 32.1 19.8 22.8 12.6 26.1 2 0.4 3.1 68.5 0 77.1 2.7 8.4 6.9 92.4 NA 97.6 100 96.1 82.3 2.8
19930215 98.6 80.6 22.2 19.9 16.4 12.4 26.8 1.2 0.2 3.3 68.9 0 82.2 2.5 8.4 7.4 90.3 NA 97.6 100 96.1 84.9 2.1
19930216 98.6 80 22.4 19.8 17.6 11.4 28.3 1.3 0.3 3.7 72.1 0 82 2.7 9.3 7.5 91 NA 97.7 100 96.3 86 2
19930217 98.5 79.7 22.3 19.4 18.4 10.2 29.5 1.2 0.4 4.1 75 0 81.6 2.8 10.1 7.6 91.7 NA 97.7 100 96.2 86.9 1.9
19930218 98.6 85.9 47.1 41.1 20.7 12.9 30 0.7 0.2 7.8 78.3 0 70.6 11.8 22.9 9.3 94.1 NA 97.7 100 96.4 92 1.7
19930219 97.8 95 67.9 61.9 22.6 15.1 29.5 0 0 11.3 79.8 0 58.7 19.9 34.7 10.8 95.8 NA 97.4 100 96.3 96.3 1.4
19930220 97.8 95 64.1 52.1 31.8 16.2 38.4 5.9 1 20.2 87.5 0 60.3 38.2 43.7 19 95.8 NA 96.2 100 96.3 94.6 2.9
19930221 98.1 95 60.6 42.7 41.1 17.4 47.4 11.8 2 28.4 92.3 0 62.1 53.6 52.5 27.1 96.1 NA 95.2 100 96.2 93.3 3.8
19930222 98.1 95 57.3 33.5 51.8 19.1 57.9 18.8 3.2 37 96.9 0 62.4 73.3 61.6 36.6 96.1 NA 94.2 100 96.2 91.8 5.4
19930223 98.3 94.2 77.1 65.9 49.2 22.4 55.4 15.1 3.3 31.2 96.9 0 59.3 74.1 56.5 33 96.7 NA 95.2 100 96.7 90.5 4.5
19930224 98.2 93.6 95 95 45.9 25.2 52.5 11 3.4 24.5 96.7 0 53.4 75 51.5 28.9 96.6 NA 95.9 100 96.7 88.8 3.1
19930225 98.9 93.8 94.9 94.9 61.5 30.6 57.5 10.8 4.6 30.7 96.8 1.9 61.8 84 60.5 35.8 96.2 NA 95.9 100 100 93.1 4.9
19930226 98.9 92.8 94.7 94.4 75.1 35.4 62.1 10.3 5.8 36.7 96.7 3.7 71.3 94.5 69.4 42.1 95 NA 96 100 100 96.6 6.8
19930227 98.9 93.8 94.5 93.1 74.1 38 67.2 10.6 6 36.2 96.7 4.8 72.4 94.9 77.6 47.7 95.7 NA 96.6 100 100 96.7 9.9
19930228 98.8 93.4 94.2 92.8 73 40.7 71.2 10.7 6.1 35.4 97.7 6.4 73.3 95 85.9 53.4 95.6 NA 97.1 100 100 97.2 13.2
19930301 98.8 93.4 93.8 90.9 72.3 44.1 76.3 11 6.4 34.9 97.7 7.5 73.8 95.2 95.4 60 96 NA 97.5 100 100 97.3 16.9
19930302 98.8 89.8 92.1 86.3 57 36.4 64.8 5.8 3.4 19 80.3 9.8 61.9 51.6 70 46.1 96 NA 83.3 98.9 98.7 91.3 12.3
19930303 98.2 86.3 90.7 81.6 40.1 26.8 52.8 0 0.1 0.6 60.1 12.1 48.8 3.3 44.9 30.7 95 NA 69.6 96.5 97 84.8 7.2
19930304 98.3 89.1 91.9 85 48.4 23.7 50.5 0.1 0.2 3.6 66.6 6 47.5 7.1 50.3 34 95 NA 70.2 98.9 98.5 88.4 6.2
19930305 97.9 92.2 93.1 88.5 56 20.2 46.7 0.1 0.2 6.5 70.9 0 44.2 9.3 53.6 36 90.1 NA 69 99.5 99.6 91.1 3.8
19930306 97.9 84.5 87.4 78.9 45.4 15.3 37 0.6 0.2 9.9 69.4 1.5 40.4 12.4 55.8 35.9 88.4 NA 73.4 99.5 99.1 88.5 3.1
19930307 98.1 75.1 79.3 65.7 37.6 11.6 30.4 1.2 0.1 13.5 67.3 3.6 36 11.2 54.4 35.4 88.5 NA 77.8 99.5 98.5 83.1 2.4
19930308 98 64.1 70.3 50.4 26.6 6.8 20.5 1.7 0 16.8 64.5 5.1 33.2 14.6 54.8 35.3 87.3 NA 81 99.5 97.9 79.4 2.1
19930309 98.2 63 66.5 53.9 28.9 6.1 21 3.4 0 15 74 2.5 32.6 9.8 53.9 38 88.9 NA 85.6 99.8 98.9 82.6 1
19930310 98.2 62.1 61.8 59.2 27.7 4.2 21.1 5 0 11.3 78.2 0 31.6 5 51.6 39.4 90.6 NA 89.4 99.6 99.8 83.9 0
19930311 98.1 67.9 65.2 77.8 21.6 4.4 17.6 2.5 0 7.8 61.8 0 31.6 4.6 43.1 27.6 90.6 NA 79 99.8 99.7 81 0
19930312 97.8 73.7 68.7 95.7 14.1 4.4 13.6 0 0 2.5 39.5 0 31.7 3.8 32.1 13.5 89.6 NA 67.4 100 99.5 78.6 0
19930313 97.5 75.4 70.7 94.2 16.5 6 17.8 0 0 3.6 46.7 0 45.3 7.6 35 23.1 90.6 NA 74.2 100 99.6 78.6 1.3
19930314 98.1 78.8 74 94.1 18.3 8.1 21.1 0 0 4.9 55.6 0 58.8 11.3 37.5 33.6 92.5 NA 79.7 100 99.7 79.7 3
19930315 97.6 79.1 74.9 91.3 20.9 9.8 25.3 0 0 6 62.5 0 71.8 16.5 40.4 44.8 92.9 NA 86.9 100 99.7 80.8 4.3
19930316 92.1 85.9 79.5 89.6 24.8 5 31.6 0 0 4.5 49.6 0 71.4 9.9 32.6 39.3 92.2 NA 85.1 100 99.8 80.4 3
19930317 85.6 91.2 83.6 85.3 27.2 0 35.1 0 0 2.7 35.8 0 71 2.6 23.5 32.4 91.3 NA 82.1 100 99.7 77.9 1.6
19930318 77.5 91.9 64.6 78.4 28.3 1.4 35.5 0 0 3.6 41.2 0 65.8 11.8 33.6 39 85.3 NA 84.7 100 99.7 79.7 2.4
19930319 68.1 91.1 47.2 70.5 27.2 2.8 32 0 0 3.9 46 0 56 15.7 42.8 42.8 75.1 NA 86.8 99.9 99.3 79.6 3
19930320 70.3 91 65.2 78.1 34 6.9 43.9 0 0 2.7 43.4 0 56.3 18 46.7 43.4 86.1 NA 89.4 99.9 99.3 81.3 2.5
19930321 77.4 90.1 81.6 86.4 40.5 10.9 52.6 0 0 1.9 42.7 0 59.7 18.2 51.2 43.8 89.1 NA 90.5 100 99.7 83.8 2.1
19930322 78.3 88.3 93.8 92.2 46.5 15.6 63 0 0 1 39.5 0 59.8 19.5 54.7 43.3 96 NA 90.9 100 99.7 83.6 1.7
19930323 80.3 78.5 87.1 73.4 32.9 11.8 61.2 0 0 0.7 41.6 0 52.4 19.4 57.8 42.3 96.2 NA 94.7 100 98.8 80.8 0.8
19930324 82.4 66 77.7 52.3 19.4 7.5 58.4 0 0 0.4 42.3 0 45.1 19.8 59.6 39.7 96.1 NA 97.8 100 97.7 78.4 0
19930325 76.3 63.3 70.7 50.8 18.3 5.8 50.8 0 0 1.4 44.4 0 42 21 71.5 38.6 86.9 NA 91.2 100 93.8 83.2 0
19930326 65.5 54.1 63.9 42.7 16 4.1 42.4 0 0 2 42.8 0 38.9 20.2 80.6 33.3 80.4 NA 86.1 100 88.7 87.5 0
19930327 65.8 55 58.9 43.3 14.5 5.2 42.7 0 0 1.6 39.5 0 40.5 17.1 69.5 32.5 67.6 NA 82.3 98.9 87.6 82.1 0
19930328 66.6 57 53.6 45.2 13.3 8.2 41 0 0 1.2 36.1 0 42 14.3 60.7 32.4 63.4 NA 78.1 98.3 86.6 79 0
19930329 66.9 56.7 46.5 44.6 11.5 9.3 40.6 0 0 0.8 32.7 0 43.5 11.3 47.6 31.7 50.3 NA 74.4 97.2 85.4 70.4 0
19930330 72.1 63.1 44.3 41.8 12.2 7.4 35.6 0 0 0.8 36.3 0 39.8 11.9 39.1 26 47.8 NA 77.2 98.9 77.5 70.7 0
19930331 72.8 62.4 38.9 35.6 11.1 5.7 28.1 0 0 0.6 37.2 0 36 10.8 26.1 17.7 44.7 NA 72.8 99.8 69.2 66.5 0
19930401 73.2 52.5 34.6 39.1 11.5 3.6 25.1 0 0 0.6 33.8 0 35.9 7.3 24.9 15.5 35.2 NA 77 99.8 80.6 72.3 0.2
19930402 69.3 43.8 29.3 39.1 9.7 1.3 18.5 0 0 0.4 25.4 0 32.6 2.3 21 10.8 22.9 NA 79.2 99.6 86.6 73.5 0.3
19930403 63.9 36.8 22 29.3 7.4 0.9 16 0 0 0.2 18.6 0 29.9 2.1 18.2 9.6 19.3 NA 75.1 98.1 84 69.6 0.6
19930404 55.9 32.8 16.6 19.9 5 0.4 13.9 0 0 0.1 13.7 0 29.8 2.1 13.7 9.2 17.2 NA 70.2 96.6 80.9 60.4 1
19930405 49.2 25.5 9.3 9.9 2.7 0 11.4 0 0 0 7.7 0 27.1 1.9 10.9 8.2 12 NA 66.2 94.9 77.5 55.4 1.3
19930406 40.4 18.3 6 7.2 2 0 9.5 0 0 0 6.4 0 22.9 1.8 8.7 5 11 NA 49.2 92.5 73.3 48.9 0.9
19930407 28.4 9.4 2.5 3.7 1.3 0 7 0 0 0 4.7 0 17.6 1.6 6.2 1.4 5.2 NA 32.2 90.3 68.9 37.5 0
19930408 26.5 9.4 2.2 2.6 1.1 0 6.2 0 0 0 2.9 0 17.4 0.8 5.7 1.3 3.2 NA 31.6 80.8 71.6 35.4 0
19930409 23 9 1.8 1.3 0.9 0 5.4 0 0 0 1.1 0 17 0 5.1 1 0.3 NA 31.1 72 73.4 33 0
19930410 22.6 6.8 1.6 1.2 0.7 0 5.3 0 0 0 0.9 0 14.4 0 5.1 0.9 0.3 NA 31.7 77.6 68.2 31.7 0
19930411 20.4 4.5 1.7 1.1 0.6 0 5.1 0 0 0 1 0 12.6 0 5 0.9 5 NA 31.6 82.6 65.6 29.9 0
19930412 20 2.3 1.4 1 0.5 0 5 0 0 0 0.8 0 10 0 5 0.8 5 NA 32.3 85.9 56.6 28.4 0
19930413 15.2 1.3 1.4 1.8 0.4 0 5.5 0 0 0 0.9 0 7 0.1 4.7 0.7 5 NA 30.3 86.2 57.6 26.7 0
19930414 8.6 0 1 2.6 0.3 0 5.8 0 0 0 1 0 3.9 0.2 4.3 0.6 4.9 NA 23.8 85.6 57.6 24.9 0
19930415 6.5 0.8 0.8 1.6 0.2 0 5.5 0 0 0 0.5 0 3 0.1 3.6 0.6 5.9 NA 21 88 55 26 0
19930416 4.2 1.6 0.6 0.5 0.1 0 4.9 0 0 0 0 0 1.5 0 2.7 0.6 2.7 NA 14.1 88.3 51.2 25.9 0
19930417 3.9 1 0.4 0.3 0.1 0 4.4 0 0 0 0 0 1.1 0 2.8 0.6 2.3 NA 13.1 82.6 49.1 24.3 0
19930418 4 0.6 0.2 0.2 0.1 0 4 0 0 0 0 0 0.4 0 2.8 0.6 1.4 NA 9.4 82.4 47.9 23.5 0
19930419 3.7 0 0 0 0 0 3.6 0 0 0 0 0 0 0 2.8 0.6 1 NA 6.7 76.7 45.8 20.9 0
19930420 2.4 0 0 0 0 0 2.5 0 0 0 0 0 0 0 2.9 0.4 1 NA 5.6 72.5 45.9 19.2 0
19930421 1 0 0 0 0 0 1.2 0 0 0 0 0 0 0 2.8 0.2 0.9 NA 3.6 67 42.8 16.4 0
19930422 0.6 0 0 0 0.2 0 0.9 0 0 0 0 0 0 0 2.9 0.1 0.4 NA 3.7 69.4 33.9 15.5 0
19930423 0 0 0 0 0.5 0 0.5 0 0 0 0 0 0 0 2.9 0 0 NA 2.9 67.3 24.6 13.7 0
19930424 0 0 0 0 0.2 0 0.4 0 0 0 0 0 0 0 2.8 0.1 0 NA 2.9 59.4 25.5 12 0
19930425 0 0 0 0 0.2 0 0.2 0 0 0 0 0 0 0 2.7 0.2 0 NA 0 51.9 28.9 11.7 0
19930426 0 0 0 0 0 0 0 0 0 0 0 0 0 0 2.6 0.3 0 NA 0 44 30.1 10 0
19930427 0 0 0 0 0 0 0 0 0 0 0 0 0 0 2.4 0.1 0 NA 0 38.4 18.5 7.3 0
19930428 0 0 0 0 0 0 0 0 0 0 0 0 0 0 2.1 0 0 NA 0 32.1 4.4 5.2 0
19930429 0 0 0 0 0 0 0 0 0 0 0 0 0 0 2.1 0 0 NA 0 22.5 2.6 4.6 0
19930430 0 0 0 0 0 0 0 0 0 0 0 0 0 0 2.1 0 0 NA 0 8.9 0.8 2.9 0
19930501 0 0 0 0 0 0 0 0 0 0 0 0 0 0 1.8 0 0 NA 0 5.9 0.7 2.8 0
19930502 0 0 0 0 0 0 0 0 0 0 0 0 0 0 1.4 0 0 NA 0 3 0.6 2.3 0
19930503 0 0 0 0 0 0 0 0 0 0 0 0 0 0 1.1 0 0 NA 0 0 0.6 2.2 0
19930504 0 0 0 0 0 0 0 0 0 0 0 0 0 0 1.2 0 0 NA 0 0 0.3 1.1 0
19930505 0 0 0 0 0 0 0 0 0 0 0 0 0 0 1.2 0 0 NA 0 0 0 0 0
19931203 0 0 0 0 0 0 0 0 0 0 0 0 0 1.6 2.5 0.1 0 NA 0 0 0 0 0
19931204 0 0 0 0 0 0 0 0 0 0 0 0 0 1.5 2.2 0 0 NA 0 0 0 0 0
19931205 0 0 0 0 0 0 0 0 0 0 0 0 0 1.3 2 0 0 NA 0 0 0 0 0
19931206 0 0 0 0 0 0 0 0 0 0 0 0 0 1.2 1.5 0 0 NA 0 0 0 0 0
19931207 0 0 0 0 0 0 0 0 0 0 0 0 0 1.1 2.2 0 0 NA 0 0 0 0 0
19931208 0 0 0 0 0 0 0 0 0 0 0 0 0 1.1 2.7 0 0 NA 0 0 0 0 0
19931209 0.1 0 0 0 0 0 0 0 0 0 0 0 0 1.5 2.8 0 0 NA 0 0 0 0 0
19931210 0.3 0 0 0 0 0 0 0 0 0 0 0 0 1.8 2.8 0 0 NA 0 0 0 0 0
19931211 0.7 0 0 0 0 0 0 0 0 0 0 0 0 1.8 2.8 0.1 0 NA 0 0 0 0 0
19931212 1 0 0 0 0 0 0 0 0 0 0 0 0 1.8 2.8 0.2 0 NA 0 0 0 0 0
19931213 1.4 0 0 0 0 0 0 0 0 0 0 0 0 1.8 2.7 0.4 0 NA 0 0 0 0 0
19931214 0.7 0 0 0 0 0 0 0 0 0 0 0 0 1.7 2.8 0.2 0 NA 0 0 0 0 0
19931215 0 0 0 0 0 0 0 0 0 0 0 0 0 1.5 2.9 0 0 NA 0 0 0 0 0
19931216 0 0 0 0 0 0 0 0 0 0 0 0 0 2 2.8 0 0 NA 0 0 0 0 0
19931217 0 0 0 0 0 0 0 0 0 0 0 0 0 2.4 2.6 0 0 NA 0 0 0 0 0
19931218 0 0 0 0 0 0 0 0 0 0 0 0 0 1.8 2.3 0 0 NA 0 0 0 0 0
19931219 0 0 0 0 0 0 0 0 0 0 0 0 0 1.2 1.8 0 0 NA 0 0 0 0 0
19931220 0 0 0 0 0 0 0 0 0 0 0 0 0 0.6 1.4 0 0 NA 0 0 0 0 0
19931221 0 0 0 0 0 0 0 0 0 0 0 0 0 1.2 1.8 0 0 NA 0 0 0 0 0
19931222 0 0 0 0 0 0 0 0 0 0 0 0 0 1.5 2.1 0 0 NA 0 0 0 0 0
19931223 6.5 0 0 0.1 0.1 0 1 0 0.1 0 1.5 0 0 1.4 2.9 0.1 6 NA 11.6 15.9 0.8 3.7 0
19931224 13 0 0 0.2 0.2 0 2 0.1 0.2 0 3 0 0 1.3 3.9 0.1 12 NA 23.1 31.8 1.5 7.3 0
19931225 16.6 0 0 0.3 0.3 0 2.5 0.1 0.3 0 3.8 0 0 1.3 4.6 0.1 15.2 NA 33.3 43.6 2.3 9.7 0
19931226 23.1 0 0.1 0.4 0.4 0 3.5 0.1 0.4 0.1 5.3 0 0 1.2 5.4 0.1 21.2 NA 44.9 59.4 3.1 13.4 0
19931227 29.6 0 0.1 0.5 0.5 0 4.5 0.2 0.5 0.1 6.8 0 0 1.1 6.2 0.2 27.2 NA 54.7 74.1 3.8 16.8 0
19931228 36.6 10 3.3 3.5 0.8 0 5.5 0.2 0.6 0.1 9.7 0 3.6 3.4 7.7 0.8 34.5 NA 59.2 77.5 8.9 19.3 0
19931229 51 30 7.7 6.6 1.3 0 6.1 0.3 0.6 0.2 15.6 0 10.8 7.2 9.5 0.8 48.4 NA 63.8 80.2 17.4 24 0
19931230 58.1 40 10.8 9.5 1.5 0 7.1 0.4 0.6 0.3 18.5 0 14.4 9.4 11 1.4 55.7 NA 68.3 83.6 22.4 26.4 0
19931231 67.9 50 14 12.7 2.7 0 8.1 0.4 0.7 0.4 21.9 0 18.9 11.8 13.3 1.4 64.5 NA 74.8 89.1 27.7 29.8 0
19940101 78.4 70 18.4 15.7 3 0 9.1 0.5 0.8 0.5 27.6 0 25.3 15.6 14.9 1.4 77.9 NA 80 93.1 36.5 34.3 0
19940102 89.5 80 21.6 18.9 3.5 0 9.6 0.6 0.8 0.5 30.7 0 29.8 17.8 16.5 2.6 85.9 NA 84 96.6 41.5 37 0
19940103 98.1 95 25.4 21.7 3.8 0 10.6 0.7 0.8 0.6 35 0 34.7 20.9 18.1 2.6 96 NA 88.8 99 48.2 40.4 0
19940104 99 89.2 16 19.8 12.8 0.1 10.5 0.9 1.8 0.9 38.6 0 39.6 19.1 16.7 4.5 96.4 NA 84.1 100 55.3 45.2 0
19940105 98.6 81.7 4.1 15.3 21.3 0.2 8.8 1.2 2.6 1.2 41.6 0 43.9 16.6 15.1 6.2 96.3 NA 74.9 99.9 60.2 49.1 0
19940106 98.8 89.2 13.9 21.1 17.4 0.3 10.7 2.3 2.8 1.6 44.8 2.1 38.3 16 17.2 7.1 97.2 NA 77.1 100 73.8 53.6 1.5
19940107 97.4 95.5 23.2 26 12.9 0.4 12 3 2.9 1.9 47.7 3.5 33.5 15.2 19.2 7.7 96.8 NA 76.1 99.5 81.5 56.8 2.5
19940108 97.4 95.5 30.8 23.3 21.4 3.7 11.7 4.4 3.2 4.3 52.3 2.1 39.1 15.7 18.8 7.5 96.8 NA 75.3 99.5 83.9 61.6 2.4
19940109 97.5 95.7 37.3 20.4 28.4 7.1 11.4 5.6 3.6 6.5 55.4 1.4 44.9 16.2 17.9 7.4 95.9 NA 76.1 100 86 65.4 2.4
19940110 97.5 95.7 45.7 18 37.3 10.9 11 7.1 3.9 9.2 59.8 0 49.1 16.8 17.1 7.2 95.9 NA 75.5 100 87.3 70 2.3
19940111 98 95.9 40.4 26 32.9 7.1 14.4 10.7 8.4 10.9 59.2 0 51.4 20.3 18.4 7.1 96.3 NA 78.1 100 90.1 68.7 2.9
19940112 97.9 95.8 34.7 34.4 27.8 2.9 16.2 13.7 12.4 12.1 58 0 53 22 19.3 6.9 96.3 NA 78.7 100 91.7 67.2 3.2
19940113 97.9 95.8 47.4 47.2 32 6 22.6 15.5 13.4 12.2 59.6 9.7 56.4 37.5 21.7 8.8 96.3 NA 82.1 100 92.8 73.4 6.5
19940114 97.9 95.8 60.1 60 36.8 8.1 29 17.2 14.4 12.3 61.5 19.4 58.1 52.9 24.2 11.1 96.3 NA 87.2 100 93.9 79.6 8.9
19940115 100 95.6 72.9 72.9 41.1 11.3 35.4 19 15.4 12.4 63.2 29.1 62.4 68.8 26.8 13 96.9 NA 90.6 100 97.3 86.1 12.2
19940116 100 95.6 85.6 85.7 45.4 13.4 41.2 20.7 16.4 12.2 64 38.8 64 84.2 29.2 15 96.9 NA 94 100 98.4 92.3 14.5
19940117 100 95.6 95 95.2 48.8 16.3 46.5 21.9 17.2 12.3 65.5 46.1 67.3 95.4 30.9 16.5 96.9 NA 97.4 100 99 96.4 17.3
19940118 100 95.8 93.9 87.9 43.3 13.9 43.6 20.3 14.1 11.1 60.1 42.1 76.1 93.6 33.1 18.3 99.9 NA 96.7 100 99 92.7 18
19940119 100 95.2 93 83 38.4 10.9 40.3 18.5 10.6 9.7 54.5 39 82.7 92.2 34.7 19.8 99.9 NA 95.8 100 98.9 89.6 17.3
19940120 100 98.6 93.9 87.9 44 8.8 56.1 26.6 16.5 12.9 66.3 37.8 77.5 93.8 52 21.5 100 NA 96.8 100 98.9 92.8 14.9
19940121 99.9 98.7 95 95.2 50.3 6 70.9 33.9 21.7 15.8 75.5 35.6 70.9 95.6 67.5 23.1 100 NA 97.6 100 98.9 96.5 11
19940122 99.9 98.7 95 95.2 48.1 12.6 70.3 28.4 17.1 13.2 78.5 31.9 69.5 95.1 66 24.1 100 NA 97.6 100 98.9 96.5 10.5
19940123 99.9 98.6 95 95.5 46.2 19.2 70.3 23.9 13.4 11.2 81.6 28.8 69.1 95 65 25.2 100 NA 97.7 100 99.1 96.6 10.1
19940124 99.9 98.6 95 95.5 44.5 26.8 70 19.3 10 9.4 85.1 25.9 68 93.8 63.1 26.3 100 NA 97.7 100 99.1 96.6 10
19940125 99.7 99.9 95.1 95.9 53.6 41.3 55.7 30 21.4 19.7 91 21.8 79.6 95 58.6 30.7 100 NA 80.1 100 100 98.1 18.3
19940126 99.4 99.9 95.1 95.9 60.7 55 38.6 40 32.1 28.7 96 16.2 89.3 95 51.9 33.8 100 NA 60.2 100 100 98.1 25.2
19940127 99.7 99.9 95.2 96 50.9 63.1 44.7 38.8 29.3 26.7 86.9 14.8 77.6 90.3 50.3 38.3 100 NA 63.2 100 100 98.3 23.4
19940128 99.9 99.3 94.8 94.3 38.8 64.9 47.9 34.4 23.6 23 75.9 13.3 63.5 86.3 46.7 41.6 100 NA 65.6 100 100 97.5 20.9
19940129 99.9 99.3 94.8 94.4 56.4 68.4 58.9 34.2 25.6 28 82.7 24.8 70.1 90.6 62.4 47.9 100 NA 76 100 100 97.5 27
19940130 99.7 98.4 95.1 96 74.1 71.8 69.3 35.8 29.3 34 89.7 35.6 74.3 92.5 77.7 54.6 100 NA 86.3 100 99.9 96.9 32.6
19940131 99.7 98.4 95.1 96 94.3 73.9 81.8 37.2 32.9 40.4 97.4 49.1 80.8 95.7 95.6 62.2 100 NA 98.2 100 99.9 96.9 39.2
19940201 100 98.8 95.3 96.1 94.6 82.5 88.2 46.2 30.4 43.3 97.7 70 86.4 95.8 95.9 75.2 100 NA 98.9 100 100 97.8 44.6
19940202 100 98.7 95.2 95.9 94.5 90.7 93.4 53.2 27 45.7 97.5 88.8 91.2 95.4 95.8 85.4 100 NA 98.9 100 100 97.8 49.1
19940203 99.9 98.1 94.9 97.9 93 85.2 92.5 46.9 18.8 34.8 97.1 49.1 90 95.9 95.8 83.1 100 NA 97.8 100 100 99.4 39.5
19940204 99.9 96.4 93.8 97.9 89.7 77.3 90.3 38.5 10.5 24.8 95 7 88 95.9 95.6 81.8 100 NA 96.1 100 100 98.7 28.7
19940205 99.9 98.1 94.9 97.9 92.3 76.8 90.8 47.4 19.6 35.5 97 30.4 90.5 95.9 95.8 86.2 100 NA 97.7 100 100 99.4 43
19940206 99.9 97.9 94.7 97.2 92.1 71.8 89.2 52.6 28.2 43.3 95.8 55.9 93.9 95.9 95.9 90.1 100 NA 97.7 100 100 97.9 58.9
19940207 100 98.7 95.2 97.2 93.5 70.4 88.8 59.9 38.4 53 97.3 83.3 96.8 95.9 96 95.2 100 NA 98.5 100 100 98.2 73.4
19940208 100 98.9 99.9 100 95 84.5 96.2 61 39.9 56.9 100 44.1 92.2 98.9 97.3 95.5 100 NA 100 100 100 99.5 42.9
19940209 100 98.9 99.9 100 95.6 97.2 99.5 61.4 39.6 58.4 100 0.9 85.4 98.9 97.2 95.5 100 NA 100 100 100 99.5 9.3
19940210 100 99 99.9 100 96 98.1 99.6 70.4 60.2 70.4 100 12.6 92.2 98.9 97.3 96.1 100 NA 100 100 100 99.6 36.9
19940211 99.8 98.8 95.3 96.3 95.4 95.5 95.3 77.1 76.9 76.7 97.3 23.1 97.8 95.6 95.7 96.1 100 NA 98.4 100 100 98.4 62.8
19940212 99.8 98.8 95.3 96.3 95.4 95.5 95.3 81 82.6 82.2 97.3 28.6 90.6 95.6 95.7 96.1 100 NA 98.4 100 100 98.4 52.6
19940213 100 98.9 95.4 96.4 95.5 95.4 95.3 81.4 83.8 86.2 98.8 34.5 82 95.8 96 95.7 100 NA 98.3 100 100 98.3 43.3
19940214 100 98.9 95.4 96.4 95.5 95.4 95.3 84.8 87.9 91.6 98.8 41.6 74.2 95.8 96 95.7 100 NA 98.3 100 100 98.3 33
19940215 100 98.9 94.5 95.6 92.9 94.9 95.4 64 70.7 75.6 98 26.6 86 95.3 95.8 95.2 100 NA 98.4 100 99.8 97 36.6
19940216 100 98.5 93.3 94.1 90.6 94.4 95.4 43.9 54.7 60 96.2 9.8 97.6 94.7 95.4 94.3 100 NA 98.3 100 99.6 95.7 36
19940217 100 95.7 92.8 92.9 90.5 94.6 92.6 42.9 49.6 55.8 94.7 10.6 93.2 93.2 94.4 92.3 100 NA 96.3 100 99.2 95.3 31.1
19940218 99.9 92 92 91.4 89.6 94.8 89.1 41.7 42.5 52.2 94.7 11.1 86.5 90.2 93.1 90.1 100 NA 93.7 100 98.9 94.9 23.6
19940219 99.9 88.6 91.6 90.1 88.9 94.9 85.6 39.2 33.9 48.3 95.2 12.4 79.8 87 91.6 87.1 100 NA 91.7 100 98.5 94.4 17.9
19940220 99.9 84.9 90.8 88.6 88.1 95.1 82.1 37.8 26.2 41.2 91.7 12 73 84 90.3 84.9 100 NA 89 100 98.3 94 11.3
19940221 99.9 82.2 90.2 87.6 86.9 95.3 79.4 36.8 20.3 38.5 92 13.2 66.3 80.9 89.1 81.8 100 NA 87.1 100 97.8 93.6 4.7
19940222 99.9 77.1 84.8 88.4 88.2 94.9 84.4 26.3 13.8 39.2 94.6 6.8 63.6 87.5 92.3 88.2 99.4 NA 92.3 100 99.1 95 3.3
19940223 100 72.4 78.3 88.7 89.9 94.5 89 15.5 4 35.2 95.2 0.3 58.6 92.8 94.7 94.1 98.4 NA 96.8 100 100 95.6 1.6
19940224 100 72 74.2 81.8 84.4 92.2 92.5 16.6 5.7 41.2 93 0.3 57.7 94.4 94.6 94.1 97.6 NA 97.5 100 100 97 1.5
19940225 100 68.5 69.8 75 75.7 87.1 95.7 14.7 4.6 45.8 89.6 0.2 56.2 95.1 94 93.3 91.9 NA 98.1 100 100 98.3 1.2
19940226 100 76.3 78.7 82.5 83.4 91.5 95.6 27.9 9.8 56 93.4 0.2 65.3 95.5 95.2 94.4 92.4 NA 98.1 100 100 98.3 7
19940227 100 85.1 86.5 89.1 87.5 91.4 95.4 38.4 13.4 63.1 94.9 0.9 72.3 95.6 95.3 94.5 93.5 NA 98.3 100 100 98.2 11.1
19940228 100 90.5 93 94.8 92.3 93.5 95.2 53 18.5 73.6 97.9 0.8 81.2 95.8 95.9 95.1 93.8 NA 98.3 100 100 98.2 16.9
19940301 100 95.9 93.5 95.6 94.3 94.9 99.4 58.4 45.6 84.1 98.5 0.8 89.7 96.6 95.8 95 96.1 NA 100 100 100 99.6 27
19940302 100 97.3 93.6 95.7 95.1 95.3 99.5 61.8 71.7 93.1 98.3 0 97.4 96.3 95.3 94.5 95.1 NA 100 100 100 99.5 38
19940303 100 92.7 89.6 86.7 95.6 94.5 99.4 59.4 80 94.5 98.5 0.6 87.1 96.1 95 94.1 95.9 NA 99.4 100 100 99.6 39.9
19940304 100 87.9 85.1 77.6 95.6 93.5 95.1 56.7 86.1 95.1 98.2 1.1 75.3 95.8 94.5 93.4 95.3 NA 98.2 100 100 99.4 40.5
19940305 100 84.1 87.1 84.7 95.7 94.3 95.3 58.1 83.5 89.9 98.2 0.8 77.5 96.3 95.1 92.5 96.9 NA 98.9 100 100 98.5 31.1
19940306 100 77.3 87.8 90.5 95.4 94.5 95.2 59.5 83.5 86.7 98.1 1.2 76.2 96.1 95.4 91.5 92.7 NA 98.6 100 100 96 23.1
19940307 100 73.2 89 95.8 95.5 95.1 95.3 60 77.6 79.7 98.1 0.9 76.4 96.3 95.8 90.5 93.4 NA 98.9 100 100 94.6 13.8
19940308 100 81.7 93.9 92.2 89.2 95.2 85.1 44.9 47.3 54.7 97.9 5.2 78.3 73.1 88.5 86.7 97.1 NA 98.6 100 100 96.5 12.4
19940309 100 86.7 94.4 85.1 82.9 95.2 75.7 29 16.4 29.4 96.6 5 79.2 47.5 78.9 80.9 95.9 NA 97.7 100 100 97 7.8
19940310 100 65.7 93.6 88.6 78.7 93.5 74.2 18.7 9.5 23.7 93.8 5 74 59.5 80.7 80.9 58 NA 92.1 100 100 97.1 5.9
19940311 100 37.9 88.2 89 73.2 89.4 71.7 4.6 0.6 15.9 90.7 0 68.6 65.4 79.1 78.6 10.5 NA 84.8 100 97.4 95.8 0
19940312 100 46.1 89.1 88.7 79.1 93.5 72.2 5.3 0.3 17.6 92.3 0 68.6 57.6 81.8 79.8 33 NA 89.3 100 97.4 95.9 0.3
19940313 100 49.5 88.4 87.2 81.5 93.1 73 7.4 0.3 20.5 94.7 0 71.6 44.3 82.4 80.6 54.1 NA 91.9 100 100 95 0.9
19940314 100 55.8 88.3 85.8 84.6 95.1 71.9 6.9 0.1 21.9 95.7 0 71.4 35.3 83.5 81.1 76.5 NA 95.7 100 100 94.7 1.2
19940315 100 51.8 79.8 85.6 77.8 95.2 76.5 3.5 0.3 16.3 91.1 0 71.4 28.4 71.7 79.6 82.8 NA 89.8 100 100 94.8 0.8
19940316 100 46.5 71.1 85.2 70 94.7 78.1 0 0.3 9.2 86.3 0 71.1 20.1 60.2 78.4 85.1 NA 79.3 100 97.1 94.4 0
19940317 99 47.4 70 84.9 62.9 92.9 71.6 0.4 0.6 16.2 91.6 0 60.5 25.9 61.3 79.9 80.7 NA 77.9 100 97.2 93.5 0.1
19940318 98 48.2 68.4 84.4 54.9 90.7 62.1 0.4 0.7 20.5 96.5 0 49.2 28 60.1 81.3 76.7 NA 74.6 100 97.1 92.4 0.2
19940319 98.8 42.8 68.7 84.9 53.1 88 70.6 0.4 0.4 20.9 95.3 0 54.9 26.4 66.1 84.8 75.5 NA 77.6 100 97.1 91.8 0.3
19940320 99.4 38.5 69.3 85.3 53.3 87 78.1 0 0.2 19.3 94.9 0 60 26.8 73 88.9 77 NA 83.3 100 95 91.2 0.3
19940321 100 30.7 68.8 85.3 48.9 83.6 85 0 0 18.7 93.3 0 65.7 23.6 77.7 91.8 74 NA 85.8 100 95 90 0.3
19940322 98.6 31.7 69 83.5 43 82.4 78.3 0 0 15 88.8 0 59.7 27 66.7 89.6 68.3 NA 81 100 95 89.9 0.2
19940323 92.7 29 68 82.1 34.9 80.9 71.8 0 0 10.4 83.6 0 52 28.1 53.7 86.5 58.4 NA 72.5 100 90 89.8 0
19940324 92.2 19.8 63.8 85.2 32.2 79.2 74 0 0 8 80.7 0 50.5 23.9 55.8 84.3 51 NA 67.4 100 95 86.9 0
19940325 91.5 8.1 59 88.5 28.4 77 76.1 0 0 4.8 76 0 49 18.6 56 82.1 42.1 NA 60.6 100 97.3 84 0
19940326 91.8 6.7 54.8 87.8 23.7 72.7 67.4 0 0 4 72.8 0 44.8 17.2 52.2 78.9 31.8 NA 65.9 100 96.8 83.2 0
19940327 91.6 2.3 48.1 86.7 17.6 66 59.6 0 0 2.7 70.2 0 37.5 16.5 45.7 75 21.8 NA 70.5 100 98.7 82.7 0
19940328 91.6 1.1 42 85.8 10.7 58.5 48.3 0 0 2.2 67.3 0 33.3 15.3 41.1 70.5 7.5 NA 74.5 100 97.9 80.8 0
19940329 89.2 0.6 40.1 84.5 12 64.6 52.2 0 0 4.2 66.2 0 37.8 12.5 42 70.7 24.1 NA 70.1 100 98.2 84.3 0
19940330 86.6 0.1 35.3 83 9 71 53.7 0 0 5.8 62.2 0 39.6 8.4 40.7 71.7 39.5 NA 61.7 100 98.5 88.1 0
19940331 87.5 0.3 33.9 83.6 11.8 66.2 47.2 0 0 5.2 62.6 0 50.2 13.3 39.4 73.7 36.1 NA 57.8 100 96.4 85.2 0
19940401 87.9 0.2 30.9 82.9 11 60.9 39.1 0 0 4.4 61 0 58.9 13.4 36 75.3 33.8 NA 52.4 100 90.2 81.5 0
19940402 76 0.2 31.5 81.7 9.9 55 37.7 0 0 3.2 58.5 0 58.8 14.6 34.2 73.3 26.1 NA 46 100 91.2 80.4 0
19940403 65.2 0 32.7 78.8 6.4 47.6 36.3 0 0 2.1 56.1 0 58.9 11.8 31.3 70.4 14.5 NA 40.6 100 92.7 77.7 0
19940404 54.9 0 33.2 76.8 5.3 42 34 0 0 0.8 53.4 0 58.1 13.2 29.7 67.9 4.9 NA 33.5 100 93.5 75.9 0
19940405 61 0 26.9 76.5 5 35 28.4 0 0 1.2 53.1 0 55.3 12.3 25.9 65.3 4.9 NA 31.1 87.1 97.9 76 0.3
19940406 65 0 20.2 75.2 4.5 29.4 22.9 0 0 1.5 50.9 0 51.9 11.4 21.6 62.1 0 NA 22.1 75.5 99 75.4 0.5
19940407 62.9 0 15.9 64.2 4.4 33.6 25.1 0 0 0.9 49.5 0 43.3 13.2 23.3 64.8 7.8 NA 15.9 84 99.1 74 0.3
19940408 59.2 0 11.6 53.9 4.3 33.7 25.9 0 0 0.4 47.1 0 34.8 13.1 24.8 67.2 13 NA 2.3 93.5 99.1 73.1 0
19940409 57.7 0 10.9 54.5 3.8 33.9 24.1 0 0 1.3 43.4 0 29.3 11.8 22.9 64.9 7.8 NA 1.2 95.9 94.5 73.9 0
19940410 53.9 0 10.7 58.5 3.2 32.4 24 0 0 2.1 40.5 0 21.7 10.1 21.4 64.2 5.2 NA 0.6 98 88 72.9 0
19940411 51.4 0 9.7 57.1 2.7 32.5 22.3 0 0 3.1 36.4 0 15.6 8.7 19.1 58.3 0 NA 0 100 80.9 72.8 0
19940412 52.5 0 11.3 52.4 2.7 29.8 17.1 0 0 1.8 32 0 21 9 18.7 58.2 0 NA 0 100 67.1 73 0
19940413 48 0 13 47.8 2.7 26.8 11.9 0 0 0.2 27.3 0 25.4 8.8 17.8 58.2 0 NA 0 95.3 50.1 72.6 0
19940414 38.8 0 10.7 52.1 2.4 25.6 11 0 0 0.2 31.2 0 23.9 6.3 16.9 61.3 0 NA 0 97.7 70.5 69.1 0
19940415 29.1 0 7.9 53.8 1.9 23.6 8.9 0 0 0.1 32.2 0 21.8 3 15.9 63.3 0 NA 0 95.4 87.9 63.9 0
19940416 21.9 0 5.5 45.6 1.5 18 5.7 0 0 0.2 23.5 0 17.9 1.8 12.7 47.7 0 NA 0 89.6 84 56.8 0
19940417 13.3 0 3.7 34.5 1.2 13.8 3.7 0 0 0.3 16.8 0 15.6 1.2 9.5 35.3 0 NA 0 79 78.9 49.9 0
19940418 5.9 0 1.3 26.3 0.9 7.9 0.5 0 0 0.4 8.5 0 11.8 0 6.2 19.4 0 NA 0 70.6 72.1 42.1 0
19940419 3.9 0 1 24.7 1.2 5.5 0.4 0 0 0.2 7 0 6.9 0 6.4 22 0 NA 0 74.1 70 38.3 0
19940420 0.7 0 0.5 21.6 1.4 2.8 0.2 0 0 0 5.3 0 2.2 0 6.4 22.8 0 NA 0 78.6 67.4 34 0
19940421 0.4 0 0.3 14.8 1.1 4.1 0.1 0 0 0 3.6 0 5.2 0 5.5 17.6 0 NA 0 55.9 66.7 32.1 0
19940422 0 0 0 4.8 0.5 5.2 0 0 0 0 1.6 0 7 0 4.4 11.1 0 NA 0 32.3 65.3 29.4 0
19940423 0 0 0 3.7 0.4 4.2 0 0 0 0 1.1 0 4.2 0 3.8 9.4 0 NA 0 30.3 66.5 23.3 0
19940424 0 0 0 3.4 0.2 3.3 0 0 0 0 0.6 0 2.8 0 3.2 8.1 0 NA 0 25 68.7 18.8 0
19940425 0 0 0 2.5 0.1 2.5 0 0 0 0 0.2 0 0 0 2.6 6.8 0 NA 0 23.9 69 13.8 0
19940426 0 0 0 2.3 0.1 2.3 0 0 0 0 0.2 0 0 0 2.5 7 0 NA 0 19.9 73.4 14.9 0
19940427 0 0 0 2 0 2.1 0 0 0 0 0 0 0 0 2.2 6.7 0 NA 0 11.6 75.8 15.1 0
19940428 0 0 0 1.8 0 4.3 0 0 0 0 0 0 0 0 2.4 8 0 NA 0 17.1 67.2 14.4 0
19940429 0 0 0 1.6 0 6.3 0 0 0 0 0 0 0 0 2.4 9 0 NA 0 25.1 58.9 12.7 0
19940430 0 0 0 1.3 0 4 0 0 0 0 0 0 0 0 2.4 8.1 0 NA 0 17.3 50.5 7.9 0
19940501 0 0 0 1.1 0 2.4 0 0 0 0 0 0 0 0 2.4 7.7 0 NA 0 10.4 45.4 4.3 0
19940502 0 0 0 0.8 0 0 0 0 0 0 0 0 0 0 2.4 6.8 0 NA 0 3 36.5 0.2 0
19940503 0 0 0 0.4 0 0 0 0 0 0 0 0 0 0 2.3 6.3 0 NA 0 4.3 46.5 0.2 0
19940504 0 0 0 0 0 0 0 0 0 0 0 0 0 0 2.2 5.5 0 NA 0 2.2 54.4 0.1 0
19940505 0 0 0 0 0 0 0 0 0 0 0 0 0 0 2 4.9 0 NA 0 2.2 46.5 0.1 0
19940506 0 0 0 0 0 0 0 0 0 0 0 0 0 0 1.6 3.7 0 NA 0 0 33.4 0 0
19940507 0 0 0 0 0 0 0 0 0 0 0 0 0 0 1.6 3.5 0 NA 0 0 31.2 0 0
19940508 0 0 0 0 0 0 0 0 0 0 0 0 0 0 1.6 2.8 0 NA 0 0 25.2 0 0
19940509 0 0 0 0 0 0 0 0 0 0 0 0 0 0 1.5 2.6 0 NA 0 0 22.6 0 0
19940510 0 0 0 0 0 0 0 0 0 0 0 0 0 0 1.5 2 0 NA 0 0 17.3 0 0
19940511 0 0 0 0 0 0 0 0 0 0 0 0 0 0 1.5 1.6 0 NA 0 0 14.2 0 0
19940512 0 0 0 0 0 0 0 0 0 0 0 0 0 0 1.2 1.3 0 NA 0 0 8.5 0 0
19940513 0 0 0 0 0 0 0 0 0 0 0 0 0 0 0.7 0.9 0 NA 0 0 3.3 0 0
19941209 0 0 0 0 0 0 0 0 0 0 0 0 0 0 1.1 0 0 NA 0 0 0 0 0
19941210 0 0 0 0 0 0 0 0 0 0 0 0 0 0.1 1.4 0 0 NA 0 0 0 0.3 0
19941211 0 0 0 0 0 0 0 0 0 0 0 0 0 0.3 1.6 0 0 NA 0 0 0 0.4 0
19941212 0 0 0 0 0 0 0 0 0 0 0 0 0 0.4 1.9 0 0 NA 0 0 0 0.7 0
19941213 0.7 0 0 0 0 0 0 0 0 0 0 0 0 0.5 1.8 0 0 NA 0 0 0 1.4 0
19941214 1.3 0 0 0 0 0 0 0 0 0 0 0 0 0.6 1.8 0 0 NA 0 0 0 2 0
19941215 1.3 0 0 0 0 0 0 0 0 0 0 0 0.6 0.5 1.9 0 0 NA 0 0.7 0.1 2 0
19941216 1.2 0 0 0 0 0 0 0 0 0 0 0 1 0.5 2.1 0 0 NA 0 1.5 0.2 1.9 0
19941217 1.5 0 0 0 0 0 0 0 0 0 0 0 0.6 0.4 2.1 0 0 NA 0 1 0.1 1.7 0
19941218 1.8 0 0 0 0 0 0 0 0 0 0 0 0.4 0.3 2.3 0 0 NA 0 0.4 0.1 1.4 0
19941219 2.1 0 0 0 0 0 0 0 0 0 0 0 0 0.2 2.4 0 0 NA 0 0 0 1.3 0
19941220 1.7 0 0 0 0 0 0 0 0 0 0 0 0 0.4 2.2 0 0 NA 0 0 0 0.9 0
19941221 1.2 0 0 0 0 0 0 0 0 0 0 0 0 0.6 2 0 0 NA 0 0 0 0.2 0
19941222 0.7 0 0 0 0 0 0 0 0 0 0 0 0 0.8 2 0 0 NA 0 0 0 0.1 0
19941223 0.3 0 0 0 0 0 0 0 0 0 0 0 0 0.9 1.9 0 0 NA 0 0 0 0 0
19941224 0.6 0 0 0 0 0 0 0 0 0 0 0 0 0.8 1.9 0 0 NA 0 0 0 0 0
19941225 0.8 0 0 0 0 0 0 0 0 0 0 0 0 0.7 1.9 0 0 NA 0 0 0 0 0
19941226 1.1 0 0 0 0 0 0 0 0 0 0 0 0 0.5 2 0 0 NA 0 0 0 0 0
19941227 0.6 0 0 0 0 0 0 0 0 0 0 0 0 0.5 1.9 0 0 NA 0 0 0 0 0
19941228 0.1 0 0 0 0 0 0 0 0 0 0 0 0 0.3 1.8 0 0 NA 0 0 0 0 0
19941229 0.1 0 0 0 0 0 0 0 0 0 0 0 0 0.4 2.5 0 0 NA 0 0 0 0 0
19941230 0.1 0 0 0 0 0 0 0 0 0 0 0 0 0.5 3.2 0 0 NA 0 0 0 0 0
19941231 0.1 0 0 0 0 0 0 0 0 0 0 0 0 0.5 3.1 0 0 NA 0 0 0 0 0
19950101 0.1 0 0 0 0 0 0 0 0 0 0 0 0 0.4 3.1 0 0 NA 0 0 0 0 0
19950102 0.2 0 0 0 0 0 0 0 0 0 0 0 0 0.4 3 0 0 NA 0 0 0 0 0
19950103 8.8 0 0 0 0 0 0 0 0 0 0 0 0 0.9 3.4 0 0 NA 0 1.4 0 0.1 0
19950104 16.6 0 0 0 0.1 0 0 0 0 0 0 0 0 1.3 3.7 0 0 NA 0 2.8 0 0.2 0
19950105 31.3 29.2 5 7.1 5.5 5 5.8 5 5 5 5 5 5 8.3 9.3 5.1 40 NA 30.9 7.6 5.8 6.7 5
19950106 43 56.8 5 9 5.9 5 6.5 5 5 5.1 5 5 5 10.6 10.2 5.3 80 NA 56.2 7.6 6.6 8.1 5
19950107 43.2 62.1 5.5 8.9 5.9 5 6.1 5 5 5.1 5 5 5 12.2 10.6 5.3 85.9 NA 54.3 23.3 8.8 8.5 5
19950108 42 69.9 1 4.2 0.9 0 0.6 0 0 0.1 0 0 0 8.7 6.7 0.5 92.8 NA 47.8 34 7.4 4.3 0
19950109 41.6 73.5 1.3 4.2 0.9 0 0.2 0 0 0.1 0 0 0 9.7 7 0.5 95.7 NA 46.2 46.2 8.8 4.4 0
19950110 45.3 85.2 7.5 7.7 2.5 0.9 3.9 0 0 0.2 1.4 0 0 8.4 7.7 0.4 97.9 NA 51.3 70.2 10.7 12.5 0
19950111 47.7 93.3 13.6 10.2 3.9 1.8 7.6 0 0 0.3 2.8 0 0 6.8 8 0.3 96.6 NA 54.5 91.6 12.2 20.1 0
19950112 49.6 86.1 10.8 9.2 2.8 1.6 6.7 0 0 0.3 2.9 0 5.6 8 8.6 0.4 96.5 NA 55.7 95.4 13.1 17 0
19950113 50 76.8 6.6 7.3 1.6 1.3 5.1 0 0 0.3 2.7 0 9.4 9 8.8 0.4 96.2 NA 55.5 96.2 13.8 13.8 0
19950114 47.2 74.4 4.8 6.1 1.1 1.1 3.3 0 0 0.2 1.9 0 5.6 7.7 8.4 0.3 96.4 NA 48.9 91.3 10.8 11.5 0
19950115 44.1 71.2 3.8 5.4 0.6 0.8 2.2 0 0 0.1 0.8 0 3.7 6.5 8.2 0.3 96.8 NA 44.5 85.1 9.2 9.6 0
19950116 41.3 67.4 2 4.2 0.1 0.6 0.4 0 0 0.1 0.1 0 0 5.3 7.9 0.2 97 NA 37.3 79.4 6.5 7 0
19950117 39.6 55.5 1.1 4.7 0.4 0.3 0.3 0 0 0 0.1 0 0 7.1 8 0.1 77.6 NA 37.2 81.9 5.5 7.3 0
19950118 35.7 39.5 0 5.1 0.6 0 0.1 0 0 0 0 0 0 8.8 8 0 57.7 NA 37 83.7 3.3 6.4 0
19950119 48.9 32.8 0 4.2 1.1 0 0 0 0 0 3.4 0 0 7.6 7.9 0 52.5 NA 40 71.8 3.4 5.6 0
19950120 61.2 25.4 0 3.3 1.7 0 0 0 0 0.1 6.8 0 0 6.1 7.6 0 48.1 NA 41.9 57.5 3.4 4.3 0
19950121 62.5 29.1 0 3 1.2 0 0 0 0 0.1 4.7 0 0 7.5 8 0 51 NA 44 57.8 3.6 4.1 0
19950122 62.7 31.2 0 2.6 0.6 0 0 0 0 0.1 2.4 0 0 8.9 8.2 0 53.3 NA 46 58.7 3.4 3.7 0
19950123 63.6 34.3 0 2.3 0.1 0 0 0 0 0.1 0.2 0 0 10.7 8.6 0 55.6 NA 48.4 58.7 3.5 3.4 0
19950124 63.9 55.3 3.3 2.5 0 0 1.3 0 0 0 0.2 0 0 10.2 9.2 0.1 54.9 NA 53.2 71.3 4.5 4.6 0
19950125 63.2 74.7 6.7 2.8 0 0 2.5 0 0 0 0 0 0 9.3 9.6 0.2 54.5 NA 57.2 83.9 5.5 5.6 0
19950126 80.2 75.9 7.8 2.2 0.2 0 1.9 3.4 0 0.4 0.2 0 0 17.6 10.6 0.1 39 NA 61.4 91 7.4 16.3 0
19950127 95.3 74.7 8.4 1.7 0.5 0 1.3 6.4 0 0.9 0.4 0 0 24.8 11.3 0.1 24.9 NA 64.9 96.2 9.2 25.6 0
19950128 95.5 76.1 7.1 2.2 0.5 0.2 2 4.4 0 1.1 1 0 1.2 20.8 10.7 0.1 36 NA 60.1 91 10.1 27.8 0
19950129 95.6 78.7 5.8 3 0.6 0.5 2.7 2.8 0 1.1 1.5 0 2.9 17.7 10.2 0 51.2 NA 56.1 86.4 11.3 29.7 0
19950130 95.7 77.4 4.6 3.6 0.7 0.7 3.6 1.1 0 1.4 2.1 0 4.1 13.6 9.5 0 58.5 NA 51.5 81.5 12.2 31.9 0
19950131 95.7 71.5 8.3 2.6 0.5 1.5 3.7 1.3 0.2 1.1 2.1 0 5.9 12 9.1 0 64 NA 55.9 86.1 10 34.6 0
19950201 95.5 64.5 11.9 1.7 0.4 2.1 3.5 1.5 0.3 0.4 1.8 0 7.8 9 8.5 0 65.9 NA 58.9 89.4 6.2 36.5 0
19950202 90.6 59.4 13.8 6.3 0.7 1.5 4 1.8 0.7 1.3 4.4 0 4.9 9.1 10.9 0 78.7 NA 67.3 85.9 7.7 33 0
19950203 85.4 55.4 11.6 6.1 0.9 0.8 3.9 1.9 1.1 2.2 6.5 0 2.1 8.5 12.9 0.1 89.3 NA 73.4 81.3 9.3 28.5 0
19950204 89.6 66.9 12.2 7 1.5 0.9 9.3 2.1 1.1 1.6 6.2 0 3 8 12.3 0.1 92.8 NA 69.8 84.1 11.2 31.4 0
19950205 93.2 76.1 8.4 2.9 2 1 13.9 2.3 1.1 1.1 6.1 0 4.2 7.6 11.7 0.1 94 NA 67.6 86 12.6 33 0
19950206 96.2 83.7 8.3 3.6 2.5 1.1 19.9 2.4 1.1 0.4 5.6 0 5 6.9 11 0.2 95.9 NA 63.6 89 14.5 35 0
19950207 96.3 89.6 51.3 26.8 7.9 4.4 19.6 3.3 1 0.9 31.2 0.5 34.3 8.1 12.6 1.2 99.9 NA 80.3 95.4 41.6 53.8 4.5
19950208 96 94.4 89 44.6 12.4 7.5 18 4 0.9 1.3 54.1 0.9 62.2 9.1 13.8 2.2 99.9 NA 94.3 100 66 71 8
19950209 96.1 95.3 90.5 51.3 15 6.8 18.9 10.6 3 1.3 55.1 2.9 73 11.1 17.2 2 99.9 NA 97.2 100 58.2 65.5 8.6
19950210 95.3 94.4 92 58 17 5.9 19.3 16.6 4.8 1.2 55.1 4.2 80.5 12.5 20.2 1.5 99.9 NA 97.7 99.7 48.3 58.5 8.1
19950211 95.8 94.9 93.2 72.5 19.7 5.5 23.8 18.9 6 2.1 54.5 3 75.9 12.5 20.1 1.9 99.9 NA 97.3 99.7 49.7 58.1 8.4
19950212 97.2 98 94.4 85 21.9 5 28 21.1 7.3 2.7 54.6 2.4 74.6 12.8 20.1 2.2 100 NA 96.4 100 53.6 57.8 8.8
19950213 97.4 98.5 95.2 95.3 24.9 4.6 32.6 23.8 8.8 3.6 53 1.2 68.2 12.8 20 2.6 100 NA 95.5 100 55 57.2 8.9
19950214 98.6 98.3 95.2 94.7 29.5 4.6 39.6 19.8 6.6 2.8 57.3 0.7 68 11.1 18.1 2.5 100 NA 96.8 99.2 74.6 53.7 6.5
19950215 98.6 98 95 92.5 33.6 4.5 44.7 14.7 4 1.8 59.9 0 66.9 9 15.4 2.3 100 NA 97.3 98.5 91.2 48.7 3.9
19950216 99.3 96.5 93.5 89.6 29.3 8.4 41.3 18.4 4.7 4.4 59.4 0 63.9 18.3 18.1 2.2 100 NA 97.2 99.2 92.1 43.3 3.4
19950217 99.3 94.6 91.6 84.9 23.9 12.4 35.9 21.2 5.1 6.2 57.6 0 58.8 26.6 20.2 2 100 NA 96.5 100 92.7 37.5 2.6
19950218 98.9 96.2 92.9 89.5 21.4 11 36.1 16.8 3.8 5.2 53.2 0 60.5 26.5 18.7 2.3 100 NA 94.2 100 93.9 37.9 2
19950219 96.3 96.8 93.8 92.4 19.4 9.8 36.2 13.1 2.7 4.3 49.7 0 64.6 26.5 17.5 2.6 100 NA 93.9 100 95 38.4 1.6
19950220 95.5 98.2 94.4 95.6 17.1 8.2 35.5 9.6 1.7 3.3 44.9 0 65.5 26.4 16.1 3 100 NA 89.1 100 95.7 39.1 1
19950221 88.2 83.4 92 90.2 9.6 7.3 20.9 6.1 1.7 2.2 45.6 0 62 19.3 13.6 2.6 92.8 NA 78 100 98.5 43.4 0.5
19950222 79 68.4 85.3 82 1.5 5.7 5.5 2.3 1.7 0.5 43.7 0 56.8 11.2 10.6 2.1 86.3 NA 63.8 100 99 45 0
19950223 73.9 66.4 76.2 84.6 3.3 6.9 8.9 2.6 1.2 0.7 47.4 0 52.2 15.3 11.7 2.9 85.5 NA 68.1 100 98.1 49 0
19950224 69.7 63 64.3 84.4 5 7 12.1 2.9 0.7 0.9 49.8 0 46.6 18.4 12.3 3.5 85.1 NA 69.3 100 94.6 50.2 0
19950225 79.2 57.5 59.8 82.6 7.7 9.6 12.7 4.2 0.5 1.2 55.4 0 50.2 18.1 13.7 5.6 84.9 NA 73.3 100 95.5 57.5 0
19950226 86.5 53 54.6 80.3 10.4 11.7 13.3 6.2 0.3 1.5 61.4 0 52.8 18.2 14.2 7.1 84 NA 75.9 100 98.3 62 0
19950227 92.9 46.5 50.6 78.7 13 14.3 13.7 7.5 0.1 1.7 67.3 0 56 18.1 15.7 9.2 82.2 NA 79.9 100 99 68.6 0.1
19950228 93 60.9 73.1 84.7 15.6 14.4 33.4 5.5 0.4 6.6 60.3 0 57.1 57.6 28.2 13.1 82.7 NA 90 100 99.3 79.3 1.8
19950301 93 74.7 93 89.2 17.4 14.2 50.5 3.3 0.6 9.8 52 0 56.4 93 39.3 16 80.4 NA 97.9 100 99.2 88.5 3.4
19950302 91.8 71.6 89.4 87.2 17.2 10.2 35.7 7.4 1 6 50.2 0 57.8 83.4 38.2 19.5 87.1 NA 95.2 100 98.9 89.9 2.7
19950303 88.3 67 85.9 85.6 16.9 6 20.1 9.6 1.3 0.5 46.5 0 56.5 75.5 36.7 21.6 93.7 NA 91.2 100 97.8 91.7 1.8
19950304 90.5 68.1 86.3 88 15.1 6.6 31.1 9.3 1.4 0.7 49.1 0 62.2 67.8 30.4 19.5 88.8 NA 89.4 100 98.9 85.7 2.6
19950305 88.7 68.3 87.6 90.2 13.9 7.2 40.5 11.7 1.6 1 52.5 0 68 59 24.8 19 88.8 NA 89.4 100 98.4 79.9 3.2
19950306 88.8 68.5 88.5 92 13 7.9 51.8 11.4 1.8 1.5 54.6 0 72.9 48.8 18.7 16.9 78.9 NA 86 100 99 71.9 4
19950307 93.3 57.2 83.8 86.8 10.1 8.3 42.7 9.1 0.9 1.2 51.2 0 64.6 49.5 18.6 13 68.8 NA 90.6 100 95.4 75.7 2
19950308 97.8 44.7 78.9 80.9 5.4 8.3 30.5 6.8 0 0.6 45.9 0 54.8 46.3 17.2 8.8 59.9 NA 94.9 100 91.3 77.5 0.1
19950309 98 51 75.8 74.5 30.2 22.6 32.1 3.7 0 9.8 65.7 0 47 70.3 30.1 21.2 67.3 NA 94.3 100 95.4 84.8 0.2
19950310 97.8 56.1 71.1 67.3 52.9 36.3 33.1 0.5 0 18.7 82.1 0 39 93.4 41.6 32.7 72.5 NA 91.9 100 98.9 89.9 0.3
19950311 93.9 51.2 71.9 69.9 41.2 28.9 35.9 0.3 0 12.2 72.5 0 34.2 80.8 35.3 30.1 69.8 NA 87.5 100 92.8 87.9 0.2
19950312 91.9 46.2 72.4 72.6 32.2 22.7 39.4 0.2 0 6.9 62.5 0 28.4 71.3 30.2 28.4 70.4 NA 82.3 100 88.6 85.9 0.1
19950313 85.9 37.5 71.5 74.4 20.5 15.3 41.9 0 0 1.1 52.8 0 24.1 54 23 25.6 64.2 NA 75.6 100 81.8 83.9 0
19950314 68.8 35.4 68 75.4 20.4 8.9 33.2 0 0 1 52.6 0 22.5 57.6 22.2 17 55.4 NA 68.6 99.7 80.3 78.8 0
19950315 53.8 34.8 62.5 76.1 18.5 1.4 21.9 0 0 0.9 50.4 0 18.3 57.9 20 9 48.5 NA 62.3 99.3 78.9 70.7 0
19950316 67.5 34.1 57.5 74.3 18.9 3.4 23.9 0 0 0.9 49.7 0 28.5 61.9 22.3 13.4 59.7 NA 58.9 99.7 79.2 72.1 0
19950317 81.5 32.2 50.3 72.6 17.8 4.8 24.1 0 0 0.8 47 0 36 64.3 23.6 16.9 69.4 NA 53.2 97 75.5 71.2 0
19950318 81.3 24.6 44.3 71.9 18.6 5.7 17.7 0 0 1.4 48 0 30.5 59 20.1 13.2 53.1 NA 49.3 97 74.5 68.7 0
19950319 79.2 15.3 38.3 69.9 18.6 6.6 13.3 0 0 1.5 47.9 0 27.2 53.4 17.6 8.4 35.1 NA 43.2 98.2 74.1 64.6 0
19950320 78.9 9.3 31.4 69.2 19.4 7.4 6.9 0 0 2 48.8 0 21.8 47.5 14 4.7 14.4 NA 38.6 98.2 72.9 62.3 0
19950321 76.7 7.5 20.5 58.2 15.4 6.3 5 0 0 1.6 43.6 0 20 29.8 12.1 3.6 9.1 NA 29.2 98.1 73.9 52.3 0
19950322 71.5 0 4.2 40.2 9.1 4.4 1.9 0 0 0.6 36.7 0 17 10.2 9.8 1.9 0.4 NA 18.5 96.7 70.5 39.7 0
19950323 64.1 0 2.8 41 6.1 4.1 1.4 0 0 0.6 26.1 0 20.2 11.5 8.7 1.6 0.2 NA 13.7 97.9 66.1 38.2 0
19950324 53 0 1.1 36.8 2.7 3.5 1 0 0 0.4 13.5 0 21.7 10.6 7.3 1.1 0 NA 7.1 94.6 59.5 34.8 0
19950325 49.8 0 0.7 28.6 2.3 2.8 1 0 0 0.3 12.1 0 18 8.9 6.8 1.1 0 NA 6.4 91.9 58 32.5 0
19950326 45.6 0 0.4 24.7 2 2.4 0.9 0 0 0.2 10.4 0 12.6 7.4 6.4 1 0 NA 5.7 91.3 59.2 29.4 0
19950327 42.3 0 0 16.4 1.6 1.8 0.9 0 0 0.1 9 0 9 6 6.1 1 0 NA 4.9 86.7 57.6 27.1 0
19950328 38.5 0 0 14.5 1.3 4.5 1.2 0 0 0.1 10.9 0 5.4 5.6 6.1 1 0 NA 3.5 89.4 62 28.7 0
19950329 32 0 0 12.6 0.9 6.9 1.6 0 0 0 12.2 0 0 5.1 6.1 1 0 NA 1.8 90.3 65.6 28.8 0
19950330 31.4 0 0 10.5 1.1 4 1.4 0 0 0 9.2 0 0 4.7 5.6 0.9 0 NA 1.6 87.4 63.9 28 0
19950331 29.5 0 0 8.5 1.3 1.1 1 0 0 0 5.8 0 0 4.3 5.1 0.7 0 NA 1.4 81.6 61 25.5 0
19950401 26.8 0 0 7 1 0.7 0.9 0 0 0 4.2 0 0 4.5 5 0.6 0 NA 0.9 84.9 55.7 23.6 0
19950402 24.7 0 0 6 0.7 0.5 0.8 0 0 0 2.5 0 0 4.9 4.9 0.5 0 NA 0.4 83.6 49.2 21.8 0
19950403 20.4 0 0 4.8 0.4 0.2 0.7 0 0 0 0.8 0 0 5 4.8 0.3 0 NA 0 83.3 42.8 19.9 0
19950404 21.2 0 0 5 0.6 0.1 0.6 0 0 0 0.7 0 0 4.4 4.9 0.5 0 NA 0 58.7 44.5 18.1 0
19950405 21.4 0 0 5 0.7 0 0.3 0 0 0 0.6 0 0 3.5 4.8 0.7 0 NA 0 29.8 42.1 15.1 0
19950406 13.2 0 0 4.2 0.5 0 0.3 0 0 0 0.3 0 0 4.1 4.3 0.6 0 NA 0 32.2 35 14.8 0
19950407 4.2 0 0 3.1 0.2 0 0.2 0 0 0 0 0 0 4.2 3.7 0.4 0 NA 0 29.3 27.2 12.9 0
19950408 3.3 0 0 3.2 0.2 0 0.2 0 0 0 0 0 0 3.1 3.7 0.3 0 NA 0 29.3 28.6 13 0
19950409 2.5 0 0 3.2 0.2 0 0.1 0 0 0 0 0 0 1.9 3.8 0.2 0 NA 0 27.1 29.9 12.6 0
19950410 1.7 0 0 3.2 0.2 0 0.1 0 0 0 0 0 0 0.7 3.8 0.2 0 NA 0 26.8 31.2 12.5 0
19950411 1 0 0 3.5 0.1 0 0.1 0 0 0 0 0 0 3.1 3.9 0.2 0 NA 0 26.3 31.7 12.5 0
19950412 0.2 0 0 3.7 0.1 0 0 0 0 0 0 0 0 5.6 3.8 0.2 0 NA 0 22.9 31.4 12.1 0
19950413 0.2 0 0 2.8 0 0 0 0 0 0 0 0 0 5.1 3.7 0.2 0 NA 0 24.7 38.9 12.2 0
19950414 0.2 0 0 1.4 0 0 0 0 0 0 0 0 0 4.5 3.6 0.2 0 NA 0 25.1 44.5 12.2 0
19950415 0.2 0 0 1.2 0 0 0 0 0 0 0 0 0 4.1 3.6 0.2 0 NA 0 23.6 40.1 10.6 0
19950416 0.1 0 0 0.9 0 0 0 0 0 0 0 0 0 3.9 3.2 0.2 0 NA 0 17.4 32.4 9.4 0
19950417 0.1 0 0 0.5 0 0 0 0 0 0 0 0 0 3.7 3 0.1 0 NA 0 13.8 29.2 7.7 0
19950418 0 0 0 0.2 0 0 0 0 0 0 0 0 0 3.1 2.8 0.1 0 NA 0 9.1 21.5 6.1 0
19950419 0 0 0 0 0 0 0 0 0 0 0 0 0 2.9 2.6 0 0 NA 0 5.3 17 4.5 0
19950420 0 0 0 0 0 0 0 0 0 0 0 0 0 2.8 2.5 0 0 NA 0 4.8 10.4 2.9 0
19950421 0 0 0 0 0 0 0 0 0 0 0 0 0 2.5 2.3 0 0 NA 0 0 3.8 0.9 0
19950422 0 0 0 0 0 0 0 0 0 0 0 0 0 2.1 2.1 0 0 NA 0 0 3.1 0.5 0
19950423 0 0 0 0 0 0 0 0 0 0 0 0 0 1.8 2.1 0 0 NA 0 0 1.8 0.2 0
19950424 0 0 0 0 0 0 0 0 0 0 0 0 0 1.4 1.8 0 0 NA 0 0 1.4 0 0
19950425 0 0 0 0 0 0 0 0 0 0 0 0 0 1.5 2 0 0 NA 0 0 1.3 0 0
19950426 0 0 0 0 0 0 0 0 0 0 0 0 0 1.6 2 0 0 NA 0 0 1.2 0 0
19950427 0 0 0 0 0 0 0 0 0 0 0 0 0 1.7 2 0 0 NA 0 0 0.9 0 0
19950428 0 0 0 0 0 0 0 0 0 0 0 0 0 1.7 2 0 0 NA 0 0 0.4 0 0
19950429 0 0 0 0 0 0 0 0 0 0 0 0 0 1.5 1.9 0 0 NA 0 0 0.3 0 0
19950430 0 0 0 0 0 0 0 0 0 0 0 0 0 1.3 1.9 0 0 NA 0 0 0.1 0 0
19950501 0 0 0 0 0 0 0 0 0 0 0 0 0 1 1.8 0 0 NA 0 0 0 0 0
19950502 0 0 0 0 0 0 0 0 0 0 0 0 0 1.3 1.9 0 0 NA 0 0 0 0 0
19950503 0 0 0 0 0 0 0 0 0 0 0 0 0 1.7 1.9 0 0 NA 0 0 0 0 0
19950504 0 0 0 0 0 0 0 0 0 0 0 0 0 1.6 1.3 0 0 NA 0 0 0 0 0
19950505 0 0 0 0 0 0 0 0 0 0 0 0 0 1.3 0.8 0 0 NA 0 0 0 0 0
19950506 0 0 0 0 0 0 0 0 0 0 0 0 0 1.3 0.8 0 0 NA 0 0 0 0 0
19950507 0 0 0 0 0 0 0 0 0 0 0 0 0 1.2 0.7 0 0 NA 0 0 0 0 0
19950508 0 0 0 0 0 0 0 0 0 0 0 0 0 1.1 0.7 0 0 NA 0 0 0 0 0
19950509 0 0 0 0 0 0 0 0 0 0 0 0 0 0.9 0.4 0 0 NA 0 0 0 0 0
19950510 0 0 0 0 0 0 0 0 0 0 0 0 0 0.6 0 0 0 NA 0 0 0 0 0
19951117 0 0 0 0 0 0 0 0 0 0 0 0 0 0 1.2 0 0 NA 0 0 0 0 0
19951118 0 0 0 0 0 0 0 0 0 0 0 0 0 0 1.1 0 0 NA 0 0 0 0 0
19951119 0 0 0 0 0 0 0 0 0 0 0 0 0 0 1.1 0 0 NA 0 0 0 0 0
19951120 0 0 0 0 0 0 0 0 0 0 0 0 0 0 1 0 0 NA 0 0 0 0 0
19951121 0 0 0 0 0 0 0 0 0 0 0 0 0 0 1.1 0 0 NA 0 0 0 0 0
19951122 0 0 0 0 0 0 0 0 0 0 0 0 0 0 1.2 0 0 NA 0 0 0 0 0
19951123 0 0 0 0 0 0 0 0 0 0 0 0 0 0 1.4 0 0 NA 0 0 0 0 0
19951124 0 0 0 0 0 0 0 0 0 0 0 0 0 0 1.4 0 0 NA 0 0 0 0 0
19951125 0 0 0 0 0 0 0 0 0 0 0 0 0 0 1.6 0 0 NA 0 0 0 0 0
19951126 0 0 0 0 0 0 0 0 0 0 0 0 0 0 1.7 0 0 NA 0 0 0 0 0
19951127 0 0 0 0 0 0 0 0 0 0 0 0 0 0 1.8 0 0 NA 0 0 0 0 0
19951128 0 0 0 0 0 0 0 0 0 0 0 0 0 0.3 2.1 0 0 NA 0 0 0 0 0
19951129 0 0 0 0 0 0 0 0 0 0 0 0 0 0.5 2.2 0 0 NA 0 0 0 0 0
19951130 0.7 0 0 0 0 0 0 0 0 0 0 0 0 0.4 2.2 0 0 NA 0 0 0 0 0
19951201 1.9 0 0 0 0 0 0 0 0 0 0 0 0 0.3 2.1 0 0 NA 0 0 0 0 0
19951202 2.6 0 0 0 0 0 0 0 0 0 0 0 0 0.2 2.1 0 0 NA 0 0 0 0 0
19951203 3.7 0 0 0 0 0 0 0 0 0 0 0 0 0.2 2 0 0 NA 0 0 0 0 0
19951204 4.4 0 0 0 0 0 0 0 0 0 0 0 0 0.1 2 0 0 NA 0 0 0 0 0
19951205 4.1 0 0 0 0 0 0 0 0 0 0 0 0 0.1 2.1 0 0 NA 0 0 0 0 0
19951206 3.5 0 0 0 0 0 0 0 0 0 0 0 0 0.1 2.1 0 0 NA 0 0 0 0 0
19951207 17.1 0 0 0 0 0 0 0 0 0 0 0 0 0.3 2.2 0 0 NA 16.4 18.9 0.2 1.4 0
19951208 28.1 0 0 0 0 0 0 0 0 0 0 0 0 0.6 2.2 0 0 NA 29 34.9 0.3 2.9 0
19951209 31.3 22.7 1.3 0.7 0 0.2 1.1 0 0 0 0 0 0 0.9 2.6 0.2 30 NA 39.2 38.3 0.3 6 0
19951210 33.6 45.4 2.6 1.2 0 0.4 2.4 0 0 0 0 0 0 1.2 2.9 0.4 60 NA 45.9 38.4 0.3 9 0
19951211 36.6 71.9 4.2 2 0 0.6 3.5 0 0 0 0 0 0 1.6 3.3 0.5 95 NA 55 40.3 0.3 12.5 0
19951212 38 72.1 3.6 1.9 0 0.6 3 0 0.1 0 0 0 0.4 1.5 3.5 0.5 92.7 NA 54.6 46 1.7 14.2 0
19951213 40.6 71.6 3.1 1.7 0 0.6 3 0 0.1 0 0 0 1.2 1.4 4.1 0.6 86.9 NA 54.4 57.4 4.4 17.4 0
19951214 42.3 72.1 2.3 1.6 0 0.6 2.5 0 0.2 0 0 0 1.6 1.2 4.4 0.6 85.4 NA 53.7 63.1 6 19 0
19951215 46 69.7 1.9 1.3 0 0.7 2.4 0.1 0.3 0 0 0 2.5 1 4.6 0.6 83.7 NA 54.8 76.8 7.5 21.8 0
19951216 47.8 69.1 1.4 1.2 0 0.7 1.9 0.1 0.3 0 0 0 2.9 0.9 5.2 0.6 73.7 NA 54.3 82.5 10.4 24.3 0
19951217 50 70.7 0.7 1.1 0 0.8 1.7 0.1 0.4 0 0 0 3.7 0.8 5.4 0.6 72.3 NA 53.8 93.6 11.7 26.4 0
19951218 51.7 70.1 0.2 1 0 0.8 1.4 0.1 0.4 0 0 0 4.1 0.7 5.8 0.7 70.6 NA 53.6 99.6 13.8 28.7 0
19951219 52.5 77.1 1.8 1.5 0.1 1.4 1.5 0.2 0.4 0 1.6 0 4.1 0.6 5.5 0.6 71.6 NA 52 99.6 14 28.7 0
19951220 53.4 80.3 3.2 1.8 0.2 2.3 1.8 0.4 0.3 0 2.4 0 4.1 0.4 5.4 0.5 80 NA 50.7 99.6 15 29 0
19951221 52.9 84.9 4.7 2.3 0.3 2.9 1.8 0.5 0.3 0 3.9 0 4.1 0.3 5 0.3 79.4 NA 48.6 99.6 15.2 29 0
19951222 53.7 87.8 6.1 2.6 0.4 3.7 2 0.6 0.2 0 4.7 0 4.1 0.1 4.8 0.2 80 NA 47.3 99.5 15.4 28.8 0
19951223 53.9 90 4.3 2.6 0.4 3.7 2.2 0.7 0.3 0 4.7 0 5.7 0.1 4.8 0.2 85 NA 49.4 99.7 15.4 29.3 0
19951224 55 86.8 2.9 2.6 0.4 3.7 2.3 0.8 0.3 0 3.9 0 6.5 0.1 4.8 0.2 90.7 NA 51.8 99.8 15.2 30.5 0
19951225 55.2 87.4 1 2.6 0.4 3.8 2.4 0.8 0.3 0 3.9 0 8 0.1 4.8 0.2 94.4 NA 53.9 99.9 15.2 31 0
19951226 63.7 78 0.6 2.8 1.3 2.9 2.8 0.8 0.3 0 5.4 0 8 0.2 5.1 0.1 92.8 NA 54.5 99.3 24.4 40.6 0
19951227 69.4 63.9 0 2.9 2.3 2 3.1 0.8 0.3 0 7 0 8 0.2 5.2 0 91 NA 53.1 98.7 33.4 48.9 0
19951228 82.8 78.2 4.6 2.8 2.3 2 3 3.1 0.5 0 6.6 0 10.6 0.2 5.2 0 97.7 NA 65.2 98.6 27.6 44.8 0
19951229 95.9 90.7 9.1 2.6 2 2 2.7 5.3 0.7 0 5.9 0 12.3 0.2 5 0 99.2 NA 76.2 98.5 20.3 39.5 0
19951230 94.8 90.7 9.1 2.6 2 2.3 2.8 5.3 0.7 0 5.9 0 12.3 0.3 6.1 0 99.2 NA 76.2 98.5 20.8 39.5 0
19951231 95.1 90.7 9.1 2.6 2 2.5 2.8 5.3 0.7 0 5.9 0 12.3 0.4 6.8 0 99.2 NA 76.2 98.5 21.3 39.5 0
19960101 93.9 90.7 9.1 2.6 2 2.7 2.8 5.3 0.7 0 5.9 0 12.3 0.5 7.8 0 99.2 NA 76.2 98.5 21.8 39.5 0
19960102 90.4 86.7 14.6 2.9 3.3 1.8 3.1 4.4 0.4 0 24.3 0 13.2 0.3 8 0 97 NA 78.6 98.6 21.9 41.1 0
19960103 86.3 78.4 19.2 3.3 4.3 0.7 3.2 3.2 0.2 0 40.9 0 13.3 0.1 8 0.1 94.8 NA 81 98.7 20.1 41.6 0
19960104 93.4 89.4 32.7 38.1 4.3 2.6 9.4 3.9 0.4 0.4 46.5 0 19.8 0.2 8.2 0.3 97.1 NA 84.1 98.7 50.8 54.3 0.7
19960105 99.2 97.1 45.8 69.5 4.4 4.4 14.8 4.5 0.6 0.7 51.7 0 23.7 0.3 8.2 0.5 99.4 NA 84.8 98.7 81.3 66.5 1.1
19960106 99.2 97.1 50.4 67.7 6.6 5.9 16.3 6.3 1.1 1.8 53.7 1.2 30.3 3.1 9.6 1.3 99.4 NA 86.1 98.8 79.4 69.2 3.9
19960107 99.2 97.2 59.7 68.1 9.1 8.2 19.6 8.8 2.2 2.9 56.3 2.5 40.6 8.6 12 2.4 99.7 NA 88.7 99.1 79.5 74.8 8.6
19960108 99.2 97.2 66.7 65.3 10.7 10.3 21.1 10.6 2.7 4.1 58.3 3.6 47.2 11.4 13.1 3 99.7 NA 89.9 99.2 84.4 80 11.4
19960109 98.4 98 71.2 64.8 14.9 11.4 23.6 13.6 3.2 6.3 61.5 3.8 54.6 14.1 14.9 3.9 99.7 NA 92.6 99.5 84.1 82.9 13.7
19960110 98.4 98 80.5 65.1 16.5 13.7 26.1 15.9 4.2 7.4 63.8 5 65.2 19.6 16.9 4.8 99.8 NA 95.1 99.6 82.3 88.3 18.4
19960111 98.4 98 86.3 62.3 20.3 16 28.4 17.7 4.7 8.5 65.7 6.3 71.8 22.4 18.6 5.8 99.8 NA 96.4 99.9 85.7 92.4 21.2
19960112 98.4 98.1 93.3 62.1 21.5 17.7 30.3 19.9 5.5 9.7 68.2 7.5 79.9 26.5 20.2 6.5 100 NA 98.3 100 83.9 96.5 24.9
19960113 98.4 98.1 93.8 65.7 20 17 29.3 16.6 5 7 68.7 5 73.3 19.9 16.3 4.4 100 NA 95 100 85 88.6 15.8
19960114 98.6 100 99.3 70.5 17.9 16.9 27.2 13.8 4.6 5.1 68.4 2.5 69 14.6 12.2 2.2 100 NA 91.7 100 85.5 84.2 7.9
19960115 98.6 100 99.9 74.3 16.7 16.3 25.7 10.3 4.3 2.5 68.5 0 63.3 8.4 8.7 0.3 100 NA 88.5 100 86 77.1 0
19960116 98.1 100 100 87.3 19.5 23.3 31.4 16.8 2.8 4.3 71.2 0 68.5 7.2 8.7 0.4 100 NA 92.2 100 72.5 82.6 3.4
19960117 97.4 100 99.6 98.5 21.7 28.9 35.4 22.6 1 5.7 71.5 0 71.2 6.1 8.5 0.5 100 NA 95.3 100 61.6 84.9 6.4
19960118 98 98.1 96.6 90.2 15.6 21.9 29.7 19.3 1 3.5 52.6 0 67.2 5.2 9.4 0.5 99.6 NA 92.3 100 61.6 81.5 3.8
19960119 98.2 93.6 88.1 77.9 8.6 13.4 22.7 15.5 1 1.2 33.7 0 60.7 3.6 10.2 0.5 99.2 NA 89 100 54.5 74.7 0.7
19960120 98.2 95.4 91.2 83.2 12.4 13.9 29.8 20.6 3.5 4.9 41.4 0 65.2 12.4 15.6 4 99.4 NA 93.3 100 66.7 82.3 2.2
19960121 99 95.9 92.7 87 15.4 13.8 35.1 25.3 5.9 8.8 47.2 0 66.9 19.4 20.8 7.3 99.6 NA 96.4 100 78.9 87.8 3.1
19960122 98.8 97.5 95.4 91 19.1 13.8 41.8 31 8.8 12.9 54.6 0 70.8 28.5 27 11.3 99.9 NA 99 100 95.4 94.6 4.5
19960123 98.5 95.9 91.7 87.1 15.3 7.8 26.1 24.1 8.1 8.4 56.5 0 52.4 26.3 30.7 10.7 98.7 NA 97.2 100 94.4 79.2 2.3
19960124 97.4 94 87.9 81.8 10.9 1.6 9.3 15.5 7 3.1 57.1 0 33.2 23.6 33.7 9.4 94.6 NA 94 100 92.1 61.3 0
19960125 93.8 84.2 83.8 80.8 7.7 2 8.9 7.9 3.8 2.4 55.3 0 35.5 25.7 31.4 9.6 94.6 NA 90.5 100 92 61.4 0
19960126 89 74.3 75.7 76.3 4.6 2.2 7.3 0.2 0.6 1.8 53.3 0 36.7 25.3 28.1 9.4 92.6 NA 85.8 100 91.4 60.5 0
19960127 93.3 75.2 76.2 68.9 4.2 1.6 7.8 0.1 0.4 1.7 49.2 0 36.9 18.4 27.7 10.2 92.7 NA 84.9 100 91.5 59 0
19960128 94.1 72.5 68.1 62.1 3.8 0.9 7.6 0.1 0.2 1.8 46.9 0 37.2 14.2 27.4 10.5 94.4 NA 83.6 100 91.5 59.5 0
19960129 96.3 73.5 68.6 54.7 3.4 0.4 8.1 0 0 1.6 42.8 0 38 8 26.9 11.1 94.6 NA 83 100 90.8 57.9 0
19960130 98.9 87 88.2 81.9 10.1 2.7 32 5.9 5.8 8.4 50.3 2.7 43.8 37.2 25.5 10.1 96.1 NA 91.5 100 95.4 70.3 1
19960131 100 99.4 99.5 100 16.5 4.9 52 11.9 11.6 15.1 56.6 5.4 47.4 64.5 23.6 8.7 96.6 NA 97.4 100 96.9 79 1.7
19960201 100 99.4 99.5 100 34.2 20.9 57 23.1 17.6 23.1 65.3 4.9 58.7 75.3 39.1 20.5 97 NA 100 100 99.1 85.2 3.6
19960202 100 96.8 95.3 100 49.7 34.2 61.6 32.5 22.5 29.8 72.6 4.2 66.2 84.3 53.5 31.2 96.9 NA 100 100 99.1 90.5 5
19960203 100 96.8 95.3 100 62.8 41.3 71.8 43 30.6 41.7 82 14 76.9 89 67.3 43.8 96.9 NA 100 100 99.1 94 13.4
19960204 100 100 100 100 80.2 50 83.3 53.8 37.8 54 91.2 23.7 84.3 95.3 86.2 60 99.2 NA 99.1 100 100 96.6 21.7
19960205 100 100 100 100 94.4 57.6 94.1 64.2 45.9 66 99.1 35.1 95.3 100 100 72.6 99.2 NA 99.1 100 100 99.5 31.6
19960206 100 89.3 95.9 96.6 89.9 49.9 89 64.6 58.9 73.2 97.9 18.5 85.6 95.2 99 71.4 97.4 NA 89.5 100 96.8 100 21.6
19960207 99.9 75.6 91.7 93.2 84 39.8 81.2 62.6 69.5 78.2 93.4 0 73.3 84.2 94.3 68.7 94.7 NA 77.9 100 93.5 100 10.2
19960208 99.9 76.1 90 89.9 69.1 36.9 75.8 54 38.1 62.8 94.4 0 72 75.5 89.7 64.2 95.7 NA 68.4 100 93.5 99.8 6.2
19960209 99.9 76.3 88.3 86.5 50.9 33.6 68.6 47.6 11.4 49.3 94.9 0 67 65.7 84.7 57.7 96.8 NA 56.7 100 93.3 99.2 1.7
19960210 100 74.3 90.6 88.9 48.2 30.8 63.7 44.4 10.8 50.6 93.5 0 62.7 69.3 84.3 48.8 96 NA 61.7 100 94.2 93.5 1.5
19960211 100 75.4 91.8 94.4 46.5 31.1 61 35.1 10.2 52.5 94.4 0 58.5 73.4 82.5 38.6 96.1 NA 62 100 94.5 88.4 1.5
19960212 100 73 93.4 96.8 42.6 27.4 56.2 29 9.5 52.8 91.7 0 53.4 72.8 79.9 28.3 95.4 NA 67.1 100 93.7 82.3 1.3
19960213 98.5 76.9 93.2 95.6 50.5 29.4 53.9 21.2 9 42.7 91.2 0 50.1 84.4 85.4 35.8 97.2 NA 75.9 100 96.9 91 0.9
19960214 96.5 78.4 88.7 90.3 53.8 30.4 48.4 7.6 3.8 28.5 90.7 0 43 96.7 89 42.2 99.3 NA 80 100 100 98.1 0.3
19960215 98.2 90.8 96.6 97.2 76.8 58.4 63.8 8.5 7.2 38.7 94 0 70.2 99 95.1 52.8 100 NA 90 100 100 100 20.9
19960216 99.8 100 100 100 94.6 86.5 76.6 9.4 10.6 46.9 96.2 0 93.2 98.9 99.7 62.1 100 NA 97.6 100 100 100 38.1
19960217 99.8 100 100 100 96.4 90.8 84.4 13.3 10.9 47 97.5 0 83.7 98.9 99.7 71.7 100 NA 97.6 100 100 100 25.9
19960218 99.9 98.3 99.3 100 94.8 92.2 92.3 17.2 10.5 44.1 97.1 0 76.9 100 100 79.8 99.7 NA 100 100 100 100 16.8
19960219 99.9 98.3 99.3 100 96.1 95.3 99 21.9 11.2 43.2 97.7 0 68.8 100 100 90.2 99.7 NA 100 100 100 100 5.8
19960220 99.4 94.4 97.2 98.5 96.1 95.3 92.4 15.1 7.5 31.3 93.3 0 61.2 99.3 99.7 74.7 98.5 NA 90.9 100 99.2 98.4 3.1
19960221 98.9 86.1 90.1 92.9 95.2 95.2 83.1 6.9 3.1 19 88.9 0 52.2 98 97.7 57.3 92.6 NA 81.8 100 98.5 93.4 0
19960222 98.9 88.2 90.2 91.2 77.5 80.1 74.5 9.6 4 26.5 87 0 48.7 98.8 94.9 57.5 92.1 NA 79.5 100 97.8 89.4 0
19960223 98.7 87.8 89 89.4 57.7 61.5 62.8 11.2 4.5 32.3 84 0 42.1 98.9 91.2 55.4 90.6 NA 77.1 100 97.1 85.2 0
19960224 98.4 80.3 85.7 88.3 57.1 49.3 68.4 8 3.5 32 86.8 0 39.1 86.1 89.1 52.4 89.6 NA 84.9 99.6 98 83.8 0
19960225 96.9 74.5 82.7 86.5 56.9 40.5 68.6 4.6 2.3 29.6 85.3 0 36.3 72.5 87.9 50.5 89 NA 91.1 99.2 98.8 81.8 0
19960226 96.7 65.7 78.8 83.7 54.3 26.7 70.5 1.3 1.2 28.5 86.1 0 34 56.5 85 47.1 88.9 NA 96.5 98.8 99.7 77.6 0
19960227 97.5 63.6 84.6 83.7 56.5 29.1 72.5 1.5 1.2 25.3 78 0 34.2 77.1 92.1 67.6 75.6 NA 95.7 98.8 99.8 82.1 0
19960228 97 56 89.6 83.7 58 29 73.9 1.6 1.1 21.2 69.6 0 33.8 100 99.8 85.9 60 NA 94.4 99 100 84.9 0
19960229 98.3 43.5 80 79.1 65.1 40.2 68.6 0.9 0.8 15.2 72.5 0 28.3 100 99.9 91.5 52.9 NA 86 99.5 100 92.4 0
19960301 99.7 32.3 69.8 74.4 70.7 51.1 63.1 0.1 0.4 7.7 75.4 0 22.8 100 99.6 95.5 46.5 NA 78 100 100 99.9 0
19960302 99.8 44 77.4 82.7 77.9 62.9 70.6 6.8 4 19.1 83.5 0 35.4 100 99.6 96.1 56.7 NA 81.3 100 100 99.9 0.1
19960303 99.7 59 84.2 89.8 85.1 77.5 78 11.7 6 29.8 91.3 0 46.5 99.3 99.9 97.8 69.3 NA 85.9 100 100 100 0.2
19960304 99.8 65.8 90.9 96.5 90.2 85.8 84.8 18.3 9.6 41.4 98.3 0 57.9 99.3 99.9 98.4 78 NA 90 100 100 100 0.3
19960305 100 76.5 89.4 96.6 92.3 63.2 83.6 16 11.3 48 94.5 0 40.8 100 100 99 81.2 NA 93.2 100 100 100 0.3
19960306 100 84.4 87.4 95.8 91.8 41.9 82.7 11.3 11.5 53.8 90.7 0 25.1 100 100 99.4 84.2 NA 96 100 100 99.8 0.3
19960307 100 85.9 88.3 95.6 94.1 69.3 92.4 21.4 19.4 70.9 95.1 0 30.2 100 100 99.9 90.3 NA 97.4 99.9 100 100 0.1
19960308 100 85.7 88.5 95 95.4 97.7 98.8 30.7 27.2 86.7 100 0 33.8 100 100 100 91.7 NA 97.6 99.6 100 100 0
19960309 99.3 82 86.6 90.5 91.1 98.1 92.2 37.5 26.1 70.3 93.1 0 35 86.5 93.2 95 88.2 NA 92.7 99.7 100 100 0.5
19960310 98.7 75.6 85.2 86.9 85.7 97.2 84.3 42.8 24.4 56.7 87.7 0 35.6 68.3 85.5 89.2 86.1 NA 88.2 99.9 100 99.8 1.1
19960311 98 69.1 83.5 81.6 80.7 97.4 77 49.4 23.4 40.3 80.9 0 37.1 54.8 77.5 80.7 81 NA 81.7 100 100 99.8 1.6
19960312 98.3 72 87.3 83.3 68.9 92 71.2 37.7 13.7 31.8 80.2 0 48.2 71.7 84.9 86.8 80.8 NA 77.7 100 100 92.2 4.5
19960313 98.4 70.9 91.2 83.1 54.7 83.9 64 26.1 3.8 21.7 77 0 58.1 80.5 89.2 90 79.9 NA 74.2 100 100 85.1 6.5
19960314 97.7 69.2 90 84.3 59.2 80.2 65.8 26.6 4.7 23.9 80.9 0 59.7 73.5 86.9 86.4 83.3 NA 73.1 100 100 85.3 5.6
19960315 97.4 70.4 89.4 85.2 58.3 79.6 66.3 27.2 5.4 27.2 85.1 0 61.3 67.4 86.9 84 80.9 NA 71.3 100 100 86.2 4.6
19960316 96.4 70.5 91.6 87.8 64.2 76.4 68.3 25.8 6.3 28.3 88.8 0 65.7 60.4 82.7 80.5 82.8 NA 69.5 100 100 87.2 3.9
19960317 96.1 70.9 90.6 88.7 65.7 74.8 69.6 26.4 6.9 32.2 91.3 0 67.3 54 80.9 78 80.7 NA 69.4 100 99.9 88.2 2.9
19960318 95.4 70.5 89.7 89.6 67.8 70.6 70.8 27.6 7.7 33.6 95.2 0 68.8 46.3 79.1 74 81.6 NA 67.6 100 99.9 89.7 1.8
19960319 97 70.4 87.3 88.5 69.2 67.3 76.1 18.5 5 31.3 96.8 0 61.6 72.6 90.5 88.4 77.8 NA 67.8 100 100 89.2 2.7
19960320 98.6 67.6 79.6 84.1 69.1 62.9 77.5 4.9 1.7 28.3 96.3 0 56 97.7 98.7 99.9 69.8 NA 67.6 100 100 88.8 3.5
19960321 97 40.6 63.2 63.4 48.2 35 68.4 2.7 0.9 24.3 81.9 0 44 95.7 93.2 76.9 44.4 NA 58.7 99.8 99.1 79.1 2.9
19960322 94.3 15.6 47.3 41.2 27.6 10.5 58.1 0 0 20.4 67.9 0 30.7 92.5 87.1 52.5 22.1 NA 52.1 99.6 98 69.8 1.9
19960323 92.9 13.2 41 41.3 23.4 10 54.1 0 0 18 67 0 28.2 83.4 79.3 45.1 16.8 NA 54 99.6 98.1 70.2 1.2
19960324 91 10.1 35.8 42.3 16.8 9.3 52.6 0 0 13 65.2 0 26.4 70.4 70.2 37 11.3 NA 57.6 99.6 98.4 67.5 0.5
19960325 88.8 7.6 26.3 41.2 11.1 8.6 48.6 0 0 10.4 63.7 0 24.2 59.3 62.2 29.5 5 NA 57 99.6 98.5 65.8 0
19960326 88.1 7.1 28.7 50.9 11.6 14.1 49.8 0 0 10.2 64.8 0 21.6 77.6 79.8 63.5 5 NA 46.1 99.2 99.2 66.5 0
19960327 87.6 6.1 31 62.4 12.8 20.5 48.3 0 0 9.1 65.3 0 17.8 95.8 95.8 95.2 5 NA 36.5 98.8 99.8 66.6 0
19960328 87.7 5.9 30.7 61.2 13.3 21.6 49.9 0 0 8.4 65.2 0 19.6 92.8 95 94.8 5 NA 37.5 98.8 99.7 70.7 0
19960329 88.6 5.6 30.4 60.5 13.8 20.6 52.8 0 0 7.6 65.4 0 21 88.9 93.8 94.2 5 NA 40.2 98.8 99.6 76.3 0
19960330 89.3 5.4 27.7 57.3 13.2 18.8 51.3 0 0 7.9 65.6 0 24 88.2 96.3 93.9 5 NA 42.1 98.8 98.6 83.6 0
19960331 90.1 5.1 28 54.8 14.2 21.4 51.2 0 0 6.9 65.2 0 24.1 84.3 95.2 93.2 5 NA 42.9 98.8 98.5 89.2 0
19960401 90.8 5 27.1 54 13.4 20.6 54.2 0 0 6.3 65.8 0 27.2 81.3 94.3 92.7 5 NA 44.3 98.8 98.5 94.8 0
19960402 88.2 5 25.9 51.1 11.6 13.9 47.3 0 0 8.2 68.6 0 19.3 74.2 90.2 87.1 5 NA 42.8 98.8 98.7 92.6 0
19960403 84.4 5 22.6 45.7 8.7 8.3 40 0 0 8.7 69.6 0 9.5 67.9 85.3 80.5 0.6 NA 41.8 98.8 98.8 89.5 0
19960404 85.7 5 21 47.1 8.1 7.2 26.5 0 0 11.2 60.5 0 8.4 75 81.8 62.3 5 NA 30.2 98.8 95.6 75.8 0
19960405 87.3 5 18.8 47.3 4.6 5.5 11.9 0 0 12.6 49.5 0 6.6 81.8 78.5 44.5 5 NA 21.5 98.8 92 62.7 0
19960406 87 5.1 19.1 47.9 4.7 6.2 14.1 0 0 14.8 55.1 0 6.6 84.4 79.2 44.9 5 NA 18 98.5 93 62.8 0
19960407 86.5 5.3 19.4 50.2 5.5 4.8 16.4 0 0 17.2 59.1 0 6.4 88.3 79.7 47.3 5 NA 14.3 98.3 95 62.9 0
19960408 86.2 5.4 19.2 50.3 5.4 5.4 18 0 0 20.3 64.5 0 6.4 89 79 46.6 5 NA 10.3 98 95.5 62.8 0
19960409 85.7 5.2 18 44 9.5 4.3 19.5 0 0 17.1 55.3 0 4.9 90.1 76 43.2 5 NA 9 98.1 93.6 60.9 0
19960410 85 5 16.3 36.7 13.4 2.9 19.1 0 0 10.8 45.9 0 2.7 91.2 72.4 38.6 5 NA 7.3 98.3 91.2 59.3 0
19960411 82 5 14.6 40 10.8 3.1 18.2 0 0 7.7 45.4 0 2.3 90.6 70.3 38.4 5.7 NA 7.3 97.2 94.9 59.7 0
19960412 79.4 5 10.8 41.9 9 3 15 0 0 4.9 44.5 0 1.5 89.7 68.7 38.5 7 NA 6.6 96.4 99.1 59.3 0
19960413 80.5 5 9.7 39.4 8.4 2.9 14.3 0 0 4.9 43.4 0 1.4 81.2 57.8 34.9 7 NA 6.4 96.2 93.8 57.9 0
19960414 80.7 4.8 8.4 36.8 7 3.1 13.1 0 0 4.8 42.8 0 1 69.1 44.2 31 5.7 NA 6.3 96.1 88.9 56.3 0
19960415 81.2 4.8 6.7 33.7 6 3 12.3 0 0 4.5 40.5 0 0.9 57.9 30.8 26.3 5 NA 6.2 95.8 82.9 53.4 0
19960416 79 4.8 6.6 38.9 5.1 2.9 13.6 0 0 4.2 37.7 0 0.6 63.5 29.5 25.1 5 NA 5.6 95.7 82.7 51.2 0
19960417 76.8 0.2 5.9 44.7 3.6 2.5 13.5 0 0 3.1 33.2 0 0 66.4 27.6 22.3 5 NA 2.3 95.6 82.1 48.3 0
19960418 79 0.2 4.8 32 3.9 2.3 11.9 0 0 4 35.8 0 0 63 28.8 24.8 5 NA 2.3 96.4 83.3 48.4 0
19960419 79.7 0 2.5 19.2 4 1.8 9.7 0 0 4.4 39.9 0 0 57.7 29.6 26.6 5 NA 1.4 97.2 83.3 48.7 0
19960420 75.3 0 2.1 16 3.8 1.8 9.9 0 0 4.2 37.9 0 0 55.2 30.4 27.8 5 NA 1.4 98.1 86.5 48.6 0
19960421 66.3 0 1.2 12.9 3 1.5 9.8 0 0 2.5 33.7 0 0 51.4 29.4 27.4 5 NA 0 98 87.8 49.6 0
19960422 61 0 0.6 8.8 2.7 1.5 9.3 0 0 1.9 30.6 0 0 47.5 29.2 28.2 5 NA 0 98.6 89.8 47 0
19960423 55.7 0 0.6 9.2 3.8 1.8 8.8 0 0 1.9 24.3 0 0 45.9 27.5 25.7 5 NA 0 93.3 81.3 43 0
19960424 48.6 0 0.1 8.3 3.5 0.6 7.2 0 0 0.9 18.2 0 0 44.4 26.1 22 5 NA 0 87.2 71.1 38.7 0
19960425 41.9 0 0.1 8.2 3.4 1.9 5.5 0 0 0.9 19.4 0 0 42.9 23.5 20.9 5 NA 0 88.4 75.4 36 0
19960426 32.2 0 0 7.1 2.9 1.8 3.6 0 0 0.4 19.8 0 0 41.5 20 19.7 5 NA 0 89.6 78.7 33 0
19960427 25.9 0 0 5.9 2.9 1.8 2.8 0 0 0.5 17.4 0 0 36.8 19.5 16.7 5 NA 0 82.3 72.5 31.5 0
19960428 17.2 0 0 4.2 1 0.1 0.8 0 0 0.8 14.6 0 0 29.7 18 12.8 5 NA 0 79.3 59.8 29.2 0
19960429 10.6 0 0 3 1 0.1 0.2 0 0 0.8 11.5 0 0 24.6 17 9 5 NA 0 71.7 54.5 26.6 0
19960430 10.3 0 0 3.4 1.7 0.3 0.2 0 0 0.8 8.1 0 0 23.4 15.6 8.4 5 NA 0 77.8 55.7 24.5 0
19960501 9.9 0 0 3.1 1.6 0.3 0.1 0 0 0.7 5.2 0 0 20.9 13.7 7.5 5 NA 0 79.7 57.7 22.6 0
19960502 9.6 0 0 2.6 1.7 0.3 0.1 0 0 0.6 4.7 0 0 18.6 13.1 8.1 5 NA 0 74.4 54.8 19.1 0
19960503 5.3 0 0 1.5 0.6 0.1 0 0 0 0.1 3.3 0 0 14.7 12.4 8 0 NA 0 64.3 50.7 12.3 0
19960504 5.4 0 0 1.7 0.6 0.1 0 0 0 0.1 3.3 0 0 13.4 12.3 8.2 0 NA 0 60.3 54.6 11.4 0
19960505 4.8 0 0 1.9 0.3 0 0 0 0 0 0.3 0 0 11 12.2 9 0 NA 0 62 57.3 9.9 0
19960506 4.8 0 0 1.8 0.3 0 0 0 0 0 0.3 0 0 9.1 11.4 9.4 0 NA 0 57.5 60 9.1 0
19960507 4.5 0 0 1.3 0.3 0 0 0 0 0 0.3 0 0 9.8 12.3 9.9 0 NA 0 51.1 55.4 8.1 0
19960508 3.7 0 0 0.9 0.2 0 0 0 0 0 0 0 0 10.5 12.3 9.5 0 NA 0 40.8 50.8 5.8 0
19960509 3.3 0 0 0.9 0.2 0 0 0 0 0 0 0 0 11.8 12.2 8.6 0 NA 0 38 43.8 4.9 0
19960510 2.5 0 0 0 0 0 0 0 0 0 0 0 0 12.2 11.7 6.6 0 NA 0 29.4 34.8 3.3 0
19960511 1.8 0 0 0 0 0 0 0 0 0 0 0 0 10.9 10.5 6.6 0 NA 0 21.3 28.1 2.5 0
19960512 0.7 0 0 0 0 0 0 0 0 0 0 0 0 9.4 9.2 6.5 0 NA 0 11.2 22.7 1.6 0
19960513 0 0 0 0 0 0 0 0 0 0 0 0 0 7.3 8 6.2 0 NA 0 5 16.5 1 0
19960514 0 0 0 0 0 0 0 0 0 0 0 0 0 7.9 9 6.6 0 NA 0 5 16.8 1 0
19960515 0 0 0 0 0 0 0 0 0 0 0 0 0 7.7 9.7 6.6 0 NA 0 4.2 16.1 0.4 0
19960516 0 0 0 0 0 0 0 0 0 0 0 0 0 6.4 8 5.2 0 NA 0 4.2 13.6 0.4 0
19960517 0 0 0 0 0 0 0 0 0 0 0 0 0 3.7 6 3.7 0 NA 0 3.5 8.9 0.4 0
19960518 0 0 0 0 0 0 0 0 0 0 0 0 0 3.7 5.2 2.8 0 NA 0 3.5 7.5 0.4 0
19960519 0 0 0 0 0 0 0 0 0 0 0 0 0 2 3.5 1.1 0 NA 0 0 1.4 0 0
19960520 0 0 0 0 0 0 0 0 0 0 0 0 0 1.4 2.7 0.2 0 NA 0 0 0 0 0
19960521 0 0 0 0 0 0 0 0 0 0 0 0 0 1.8 2.1 0.4 0 NA 0 0 0 0 0
19960522 0 0 0 0 0 0 0 0 0 0 0 0 0 2.2 1.5 0.5 0 NA 0 0 0 0 0
19960523 0 0 0 0 0 0 0 0 0 0 0 0 0 1.6 1.2 0.5 0 NA 0 0 0 0 0
19960524 0 0 0 0 0 0 0 0 0 0 0 0 0 0.7 0.8 0.5 0 NA 0 0 0 0 0
19960525 0 0 0 0 0 0 0 0 0 0 0 0 0 0.7 0.7 0.5 0 NA 0 0 0 0 0
19960526 0 0 0 0 0 0 0 0 0 0 0 0 0 0.7 0.6 0.4 0 NA 0 0 0 0 0
19960527 0 0 0 0 0 0 0 0 0 0 0 0 0 0 0.2 0.4 0 NA 0 0 0 0 0
19960528 0 0 0 0 0 0 0 0 0 0 0 0 0 0 0.1 0.4 0 NA 0 0 0 0 0
19960529 0 0 0 0 0 0 0 0 0 0 0 0 0 0 0 0.4 0 NA 0 0 0 0 0
19960530 0 0 0 0 0 0 0 0 0 0 0 0 0 0 0 0.4 0 NA 0 0 0 0 0
19960531 0 0 0 0 0 0 0 0 0 0 0 0 0 0 0 0.4 0 NA 0 0 0 0 0
19961126 0.3 0 0 0 0 0 0 0 0 0 0 0 0 0 1.8 0 0 NA 0 0 0 0 0
19961127 0.9 0 0 0 0 0 0 0 0 0 0 0 0 1.6 2.4 0 0 NA 0 0 0.2 0 0
19961128 1.3 0 0 0 0 0 0 0 0 0 0 0 0 3.2 2.8 0 0 NA 0 0 0.4 0 0
19961129 1.9 0 0 0 0 0 0 0 0 0 0 0 0 5 3.4 0 0 NA 0 0 0.6 0 0
19961130 2.5 0 0 0 0 0 0 0 0 0 0 0 0 3.8 3.1 0 0 NA 0 0 0.6 0 0
19961201 3.5 0 0 0 0 0 0 0 0 0 0 0 0 2.9 2.9 0 0 NA 0 0 0.8 0 0
19961202 4.2 0 0 0 0 0 0 0 0 0 0 0 0 1.5 2.6 0 0 NA 0 0 0.8 0 0
19961203 5 0 0 0 0 0 0 0 0 0 0 0 0 0.6 2.3 0 0 NA 0 0 0.9 0 0
19961204 4.7 0 0 0 0 0 0 0 0 0 0 0 0 0.5 2.3 0 0 NA 0 0 0.5 0 0
19961205 4.6 0 0 0 0 0 0 0 0 0 0 0 0 0.3 2.3 0 0 NA 0 0 0.4 0 0
19961206 4.4 0 0 0 0 0 0 0 0 0 0 0 0 0.2 2.2 0 0 NA 0 0 0 0 0
19961207 5.3 0 0 0 0 0 0 0 0 0 0 0 0 0.2 2.1 0 0 NA 0 0 0 0 0
19961208 6.3 0 0 0 0 0 0 0 0 0 0 0 0 0.1 2.1 0 0 NA 0 0 0.5 0 0
19961209 8.3 0 0 0 0 0 0 0 0 0 0 0 0 0.1 2 0 0 NA 0 0 0.5 0 0
19961210 8.1 0 0 0 0 0 0 0 0 0 0 0 0 0 1.9 0 0 NA 0 0 0.5 0 0
19961211 9.1 0 0 0 0 0 0 0 0 0 0 0 0 0.1 2 0 0 NA 0 0 0.5 0 0
19961212 10.4 0 0 0 0 0 0 0 0 0 0 0 0 0.1 2.2 0.1 0 NA 0 0 2.2 0 0
19961213 12 0 0 0 0 0 0 0 0 0 0 0 0 0.2 2.3 0.1 0 NA 0 0 2.2 0 0
19961214 11.2 0 0 0 0 0 0 0 0 0 0 0 0 0.2 2.2 0.1 0 NA 0 0 2.2 0 0
19961215 7.5 0 0 0 0 0 0 0 0 0 0 0 0 0.1 2 0.1 0 NA 0 0 2.2 0 0
19961216 4 0 0 0 0 0 0 0 0 0 0 0 0 0.1 1.8 0 0 NA 0 0 0 0 0
19961217 1.8 0 0 0 0 0 0 0 0 0 0 0 0 0.1 1.7 0 0 NA 0 0 0 0 0
19961218 13 9.1 0 0 0 0 0.1 0 0 0 0 0 0 0.2 1.8 0 20 NA 11.3 4.4 0.6 0.3 0
19961219 22.3 17.7 0 0 0 0 0.2 0 0 0.1 0 0 0 0.2 2 0.1 35 NA 19.3 9.9 5.4 0.5 0
19961220 32.9 27.9 0 0 0 0 0.4 0 0 0.1 0 0 0 0.2 2.2 0.1 55 NA 30.6 14.4 6.1 0.8 0
19961221 32.1 21.8 0 0 0 0 0.4 0 0 0.2 0.6 0 0 0.2 3 0.1 47.2 NA 31.6 17.8 5.7 0.7 0
19961222 33.1 16.9 0 0.1 0 0 0.3 0 0 0.2 1.7 0 0 0.2 3.7 0.1 39.4 NA 33.9 21.1 5 0.6 0
19961223 31.3 9.2 0 0.1 0 0 0.2 0 0 0.3 2.2 0 0 0.2 4.5 0.1 28.8 NA 35.5 23.6 0.9 0.4 0
19961224 30.8 4.1 0 0.1 0.1 0 0.1 0 0 0.3 2.8 0 0 0.1 5.2 0.1 23 NA 37 26.8 0.3 0.2 0
19961225 51.9 26.5 0.4 0.2 0.4 0 0.7 0 0 0.9 7.8 0 0 4.5 6.4 0.4 50.7 NA 47.8 49.7 3.1 5.5 0
19961226 71.2 41.5 0.7 0.4 0.7 0.1 1.2 0.1 0.1 1.3 11.7 0 0 8.9 7.3 0.8 74.8 NA 54.2 72.2 5.9 10.7 0
19961227 94.7 64 1.2 0.5 1.2 0.1 1.7 0.1 0.1 1.9 16.9 0 0 14 8.5 1.2 93.9 NA 63.2 95.4 9.1 16.6 0
19961228 94.9 49.3 1 0.4 1.2 0.1 1.5 0.1 0.1 2 17 0 0 12 9.1 0.9 70 NA 60.4 95.3 9.9 15.5 0
19961229 95.1 33.8 0.6 0.3 0.9 0.1 1.7 0.1 0 2.1 16.9 0 0 10.5 9.8 0.7 50.8 NA 58.8 95.1 9.6 15.2 0
19961230 95.2 18.7 0.3 0.1 0.7 0 1.5 0 0 1.9 16.8 0 0 8 10.4 0.3 22 NA 54.8 94.7 9.4 13.9 0
19961231 95.4 3.5 0 0 0.6 0 1.2 0 0 2 16.7 0 0 6.4 10.8 0.1 2.7 NA 52.2 94.5 9.3 13.1 0
19970101 95.4 7.9 0 0 0.7 0 1.6 0 0 2 17.6 0 0 6.5 10.3 0.1 5.7 NA 52.5 93.1 9.3 12.5 0
19970102 95.4 14.1 0 0 0.8 0 1.6 0 0 2 18 0 0 6.8 9.7 0.1 13 NA 50.7 93.8 9.1 12 0
19970103 95.4 19.3 0 0 1.2 0 2 0 0 2 19.2 0 0 6.8 9.2 0.1 16.3 NA 51.1 92.6 9.1 11.7 0
19970104 90.1 15.2 0 0 1.5 0 1.6 0 0 1.8 24.9 0 0 6.9 8.7 0.1 16 NA 49.7 92.8 8.7 14 0
19970105 87.9 10.9 0 0 1.4 0 1.4 0 0 1.9 31 0 0 6.9 8.1 0.1 15.4 NA 48.7 95.3 8 17.3 0
19970106 82 5.7 0 0 1.6 0 0.8 0 0 1.6 36.7 0 0 6.8 7.7 0.1 15.1 NA 46.3 95.6 7.6 19.5 0
19970107 78.6 0.5 0 0 1.6 0 0.4 0 0 1.3 41.9 0 0 6.6 6.9 0.2 14.1 NA 44.4 95.4 6.8 21.8 0
19970108 85.2 14.7 0 0.6 2 0.2 0.4 1 0 1.2 36 0.2 0 7.6 7.5 0.2 33 NA 46.5 95.7 8.7 19.7 0
19970109 88.4 29.1 0 1 2.8 0.4 0.4 1.5 0 1.2 30.9 0.4 0 8.1 8 0.4 53 NA 50.5 95.5 11 17 0
19970110 92.8 43.2 0 1.6 3.3 0.5 0.5 2.5 0 1.3 25.3 0.8 0 9.1 8.6 0.4 67.5 NA 53 95.7 13.8 14 0
19970111 92.1 55.9 7.3 2 4.3 0.6 1.6 7.4 1.7 3.3 28.5 0.8 1.9 14.3 9.7 0.4 70.7 NA 56.1 97.1 21.5 17 0.2
19970112 92.7 71.6 18.2 2.9 5.6 0.7 2.8 14.3 5.2 6.3 32.8 0.4 3.6 23.2 11.4 0.3 83.8 NA 58.3 97.8 32.4 20.7 0.4
19970113 90.5 84.3 25.5 3.3 6.3 0.8 4.3 19.2 7 7.7 34.7 0.3 5.9 28.4 12.3 0.2 86.9 NA 62.2 99 39.1 24 0.7
19970114 91 96.2 34.6 3.9 7.2 0.8 4.9 25.2 8.7 9.5 37.6 0.1 6.9 34.3 13.5 0.1 95 NA 63.1 99.7 45.5 27 0.8
19970115 94.9 96.2 51.4 7.6 9.4 1.4 8.8 21 6.7 6.3 42.8 1.3 9 29.3 14.2 1.9 95 NA 66.1 99.3 43.8 30.1 1
19970116 97.9 98.2 68.6 15.4 10.6 2.1 11.8 17.3 5.6 4.6 47.2 2 10.6 27.1 15.5 4.2 99.5 NA 70.8 99.4 41.6 32.8 1.3
19970117 99.9 98.2 88.2 19.1 12.9 2.7 15.7 13.7 3.5 1.5 52.3 3.2 12.6 22.4 16.2 6 99.5 NA 73.6 99 39.8 36 1.5
19970118 99.9 96.6 89.6 35.1 14.7 5 21.4 20 7.2 4 55.3 2.6 20.4 27 18.2 6.3 99.5 NA 78.4 99.2 53.8 37.8 2
19970119 99.9 93.7 93.8 48.1 18.7 9.5 28.8 26.9 11.8 7.6 59.6 1.9 33.1 34.1 19.6 6.7 100 NA 86.8 99.6 69.8 41.8 3.2
19970120 100 93.6 95.1 66.1 20.2 11.6 34.1 32.7 15.4 10 62 0.6 41 38.4 21.4 6.8 100 NA 91.1 99.8 82.6 43.5 3.4
19970121 100 90.4 95.8 79.1 21.7 13.8 37.9 39 18.9 12.5 64 0 48.6 41.7 22.3 7.1 100 NA 95.5 100 93.1 45.2 3.9
19970122 100 84.4 89 74 19.7 16.9 30.6 25.6 13.1 9.8 64.5 0 44.6 33.3 19.5 6.4 99.9 NA 90.4 99.6 94.7 48.5 3.4
19970123 99.5 78.8 82 67 18.1 18.8 24.1 14.9 7.9 6.7 65.1 0 43.1 29.2 17.2 5.9 99.5 NA 82.4 99.4 95.6 52.4 3.7
19970124 99.5 72.2 71.7 60 16.3 21.1 17 1.4 2 4 66.1 0 39.2 20.8 14.3 5.2 99.4 NA 77.2 99 97 55.8 3.2
19970125 99.5 77.9 82 71 20.2 23.9 22.7 6.6 3.4 7.5 67.4 0.1 44.8 37 19.2 7.1 99.4 NA 82.9 99.2 97 62.7 3.4
19970126 100 88.3 86 80.2 24.1 28 27.1 14.3 5.5 12.7 68.4 0.3 50.9 50.5 23.7 9.7 99.7 NA 87.7 99.6 99 66.7 3.9
19970127 100 94.4 92.7 91.5 27.8 30.6 32.7 19.5 6.8 16.1 69.1 0.4 56.2 67 28.5 11.6 99.7 NA 93.3 99.8 99 73.6 3.6
19970128 100 99.8 99.5 100 31.1 33.8 36.3 25.9 8.5 20.5 69.3 0.6 61.6 77.6 32.2 13.7 99.7 NA 97.1 100 99 77.2 3.9
19970129 100 99.7 99.3 97 33.4 37.5 42.1 32.2 11.7 16.4 74.6 0.7 62.9 85.1 37.1 17.9 99.8 NA 97.9 100 99 78.3 2.7
19970130 100 98.2 95 91.9 35.7 41.2 47.9 38.9 15.2 13.4 81.9 0.8 62.4 92.3 42.5 22 99.8 NA 98.6 100 98.7 79.6 2.1
19970131 100 98.1 94.6 88.9 38.7 45.4 54.5 46.4 19.2 10.5 87.2 1.1 64.1 99 47.5 26.7 99.9 NA 99.7 100 98.7 80.8 1
19970201 99.5 93.2 93.1 88.5 39 37.6 53.9 41.2 15.2 9.8 83.8 1.1 61.2 97.7 47.3 24.2 99.9 NA 99.5 100 96.7 77.9 2.3
19970202 98.9 88.3 95.9 92.7 39.7 31.6 53.7 36 11.3 8.1 79.5 0.6 58.3 96.2 48.1 20.8 99.9 NA 99.2 100 94.1 74.3 3.1
19970203 98.4 83.1 94.4 92.4 39.2 22.1 53.1 30.8 6.7 7.3 78 0.3 53.3 92.2 47.8 17.4 99.9 NA 97.1 100 91.1 71.3 4.2
19970204 97.8 77.1 92.8 91.7 39.6 16 51.4 25 2.7 5.5 71.8 0 50.7 90.7 47 14 99.9 NA 96.8 100 88.2 67.4 5.2
19970205 97.3 71 91.3 88.6 34.4 12.1 43.6 17.7 2.7 7.8 75.3 0 54 90.3 48.7 11.4 99.9 NA 96.3 100 88.9 65.6 4
19970206 96.3 67.1 89 84.1 30.4 8.9 37.6 8.1 2.9 10 75.9 0 54.1 91.3 50.8 9.6 95 NA 97.4 100 84.3 62.9 3.2
19970207 95.8 59.9 87.2 81.4 24 5.5 30.6 1.2 3.6 13 78.9 0 55.8 90 51.4 7.3 95.1 NA 97.1 100 84.8 60.5 2
19970208 95.3 65.7 89.5 85.1 31.9 6.7 36.3 2.6 6.2 13.1 81.9 0 58.1 92.1 56.1 10.6 95.1 NA 95.4 100 87.9 65.7 1.7
19970209 94.8 72 91.4 89.2 39.8 7.7 41.2 3.8 7.2 12.4 86.6 0 61.1 95.7 62.6 13.7 100 NA 93.6 100 93.9 70.1 1.4
19970210 94.5 77.5 94.1 90.6 45.4 8.8 44.9 5.1 9.1 12 89.5 0 63.2 97.5 67.2 16.7 100 NA 92.2 100 97.1 75.2 1.3
19970211 93.3 82.2 95.2 94.3 53.5 9.6 48.6 6.1 10.6 10.6 92 0 64.6 99.6 72.1 19.4 100 NA 89 100 100 78.7 0.9
19970212 94.9 83.3 92.8 91.1 56.9 16.6 48.2 13.9 11.7 14.1 94 0 66.4 99.6 74.7 22 100 NA 93.8 100 100 79.6 1.7
19970213 97.5 83.3 89.7 87.1 61.9 23.5 45.2 19.1 12.6 17.8 94.7 0 67.8 98.1 79 24.7 97.9 NA 96.3 100 100 81.2 2.2
19970214 99.2 84.1 87.1 82.9 64.1 31.6 43.5 27.3 13.9 22.3 96.3 0 68.1 98.1 81.4 27.8 97.9 NA 99.3 100 100 81.4 3
19970215 99.4 83.6 88.6 87.4 63.7 33.8 45.6 29.3 12.4 22.7 94.8 2.3 68.4 97.3 83 31.5 97.9 NA 98.9 100 100 82.7 6.3
19970216 99.6 82 90.3 91 61.6 38.3 49.1 32.2 11.4 23.7 94.6 4.6 68.9 98.4 84.4 34 100 NA 98.6 100 100 83.1 9.6
19970217 99.8 81.4 91.5 96.4 58.6 41 50.6 33.6 9.7 24.1 93.8 6.9 69.3 97.4 84.6 37.1 100 NA 97.6 100 100 84 12.4
19970218 100 79.8 92.4 100 54.9 44.5 53.1 36.9 7.8 24.2 91.1 9.3 69.4 96.6 85.5 38.9 100 NA 97.2 100 100 84.3 15.7
19970219 98.5 71 85.5 96.5 51.7 33.5 45.7 28.7 6.2 16.9 82.1 5.8 59.2 92.1 82.6 34.2 90.1 NA 87.3 100 100 81.9 10.1
19970220 97.4 59.1 76.8 88.7 47.1 24.2 37.8 21.7 4.3 9.7 72.9 3.5 51.5 84.3 79 32.4 79.4 NA 75.6 99.9 98 75.7 5.9
19970221 95.4 51.5 69 84.6 43.3 14.3 28.4 12.2 2.5 2.4 63.6 0 41.3 78.9 76 27.7 65.4 NA 63 99.9 98 71.3 0.4
19970222 94.9 47.1 61.4 81 49.2 18.6 32.5 10.5 3.1 6.1 70.5 0 39.9 83.3 81.1 33.2 70.8 NA 68.3 99.9 98 74.8 0.5
19970223 94.6 44.4 52.3 77.8 54.9 23.5 35 7.4 3.5 11.3 76.5 0 37.7 91.2 87.7 40.1 81.1 NA 72.6 99.9 100 77.9 0.6
19970224 93.9 40.7 44.6 74.8 59.3 27.4 40.1 3.3 3.6 14.4 81.2 0 36.9 96.3 92.9 45.1 85.6 NA 79.8 99.9 100 81.1 0.8
19970225 92.9 36.1 35.4 71.1 64.4 31.5 42.1 0.9 3.9 17.8 87.7 0 34 100 98 50.9 94 NA 83.9 99.9 100 83.3 0.8
19970226 91.8 36.7 36.3 68.9 70.5 29.3 41.6 0.7 2.7 13.3 77.7 0 34 98.2 97.7 54.9 81.6 NA 82.9 99.9 100 84.5 0.6
19970227 91 38.2 37.5 70.2 75 30.7 41.8 0.5 1.9 7.1 69.4 0 34.1 94.9 98 58.9 74.1 NA 82.2 100 98.7 86.1 0.4
19970228 90 37.7 35.5 64.5 80.4 27.1 40.8 0.4 0.7 2.6 58.4 0 34.5 91.3 96.8 60.8 59.2 NA 80.9 99.9 98.7 86.6 0.3
19970301 91.3 33.3 33.7 66.3 69.1 25.7 37.5 0.3 0.7 3.1 61.4 0 35.7 94.9 93.9 53.8 57.3 NA 79.3 100 94.7 83.6 0.4
19970302 92.8 25.3 32.5 74.1 57.7 24.2 34.4 0.2 0.4 3 62.3 0 36.9 96.4 88.8 48.4 49.7 NA 78.2 100 91.8 83.5 0.3
19970303 94.7 20.9 30.3 75.4 45 19.3 28.6 0.1 0.2 2.7 65 0 37.8 98.2 84.7 42.1 48.2 NA 71.7 100 88.5 80.1 0.5
19970304 95.4 14.2 29.2 80.4 32.9 18.2 24.9 0 0 2.7 66.4 0 38.5 100 80 34.5 41.8 NA 69.8 100 84.4 76.6 0.5
19970305 93.1 13.6 27.4 75.3 36.1 17 22.1 0 0 3.6 63.9 0 34.5 83.2 82 40.8 33 NA 66.1 100 85.4 78.8 0.3
19970306 90.4 12.2 28.3 71.2 40.3 19.4 19.7 0 0 4.2 61.2 0 31 72.5 81.9 44.1 22 NA 56 100 88 80.9 0.2
19970307 87.2 10.4 24.6 66.8 43.1 19.2 15.7 0 0 5.4 57.7 0 26.7 55.7 83.4 48.4 10 NA 49.6 100 88.1 83.3 0.1
19970308 88.5 9.8 23.6 64 40.2 18.7 15.2 0 0 5.1 61.2 0 31.7 55.5 84.1 50.2 8.9 NA 51.6 100 90.5 84.3 0.1
19970309 90.8 9.4 16.4 60.4 34.1 16.4 14.1 0 0 3.8 63.3 0 39.4 51.7 85.7 50.7 7.8 NA 51.1 100 93.6 85.5 0.4
19970310 92.1 8.9 15.4 57.8 31.2 15.8 14.1 0 0 2.8 66.2 0 43.9 50.5 85.8 51.4 6.8 NA 55 100 94.4 86.3 0.4
19970311 94.2 8.6 11.3 53.5 26.1 13.8 12.9 0 0 1.7 68.2 0 48.1 47.6 86.6 51.3 5.1 NA 54.6 100 96.8 85.4 0.4
19970312 94.7 8 12.6 54.4 26.8 14.8 12.9 0 0 3.4 68 0 42.7 48.1 89 55.1 5.3 NA 56.9 100 94.2 86.2 0.4
19970313 93 7.4 13.6 56 27.6 16.1 14.3 0 0 5.5 66.1 0 40.1 53 91.2 58 5.6 NA 59.3 100 92.2 85 0.1
19970314 92.2 6.6 14.7 55.9 26.8 16.4 13.3 0 0 6.9 64.8 0 35.1 50.3 93.1 59.9 5.7 NA 61.3 100 88.8 85.3 0
19970315 92.4 6.4 13.1 53.9 29.5 16.5 14.5 0 0 7.3 68.2 0 35.6 62.3 93.8 65.9 5.8 NA 62.2 100 91.6 84 0
19970316 93.5 6 11.9 51.1 30.2 16 14.2 0 0 6.5 71.7 0 34.9 74.8 94.7 71 5.7 NA 63.3 100 94.4 85.3 0
19970317 93.3 5.8 10.4 49.8 32.8 15.9 16 0 0 7.6 75.3 0 34.9 86.6 95.2 76.5 5.9 NA 61.7 100 97.2 83.9 0
19970318 94.4 5.5 8.8 47.6 32.5 15.6 16 0 0 6.3 78 0 34.7 96.1 95.1 81.7 5.7 NA 62.5 100 100 82.5 0
19970319 92.8 5.5 12.5 56.6 35.9 16.2 25.2 0 0 6.5 79.8 0 34.9 90.2 93.7 78.9 5.8 NA 65.3 99.4 99.9 83.7 0
19970320 91.8 5.2 15.6 63.9 41.1 17 36.7 0 0 7 81.5 0 36.3 85.7 91.4 75.1 5.4 NA 68.8 99 99.7 87.8 0
19970321 90.1 5 18.4 70.7 44.5 17 45.4 0 0 7.7 82.8 0 36.8 77.9 89.1 71 5.2 NA 70.2 98.4 99.6 89 0.1
19970322 91.2 5 16.8 66 42.7 20.7 39.5 0 0 9.3 85.1 0 37.4 82 90.8 72.8 5.2 NA 66.5 98.2 98.8 90.9 0.1
19970323 92.5 5 14.9 61.9 38.5 25.8 36.1 0 0 9.1 86.1 0 39.2 86.9 92.5 74.3 5.1 NA 64.2 98.3 98.2 92.5 0.1
19970324 93.6 5 13.1 57.8 35.9 29.6 29 0 0 10.5 88.4 0 38.2 90.9 92.8 75.2 5.1 NA 60.3 98.1 98.2 93.6 0.1
19970325 94.7 5 10.9 52.8 31 33.8 22.9 0 0 10.5 88.8 0 38.8 96.8 94.5 75.8 5 NA 55.2 97.9 96.8 94.4 0.1
19970326 92.2 5 8.8 46.4 26.7 26.2 18.8 0 0 8.8 84 0 32.4 92.5 93.3 69.9 5 NA 49.4 97.3 97.3 89.1 0
19970327 88.5 5 6.6 40 22.4 19.9 13.7 0 0 7.9 79.6 0 28.7 89.2 92.1 62.4 0 NA 40 96.5 96.2 85.2 0
19970328 84.7 5 5 31.5 17.5 12.6 9.7 0 0 6.9 73 0 23.5 84.1 90.7 56.1 0 NA 33.5 95.8 96.2 79.9 0
19970329 85.1 5 5 31.5 14.9 13.4 9.4 0 0 7 69.5 0 25.6 85.7 87.6 54.5 0 NA 33.7 95.9 96.6 82.1 0.1
19970330 85.9 5 5 29.7 14.9 11.8 9 0 0 7.4 63.7 0 27.8 87.2 84.9 52.7 0 NA 34.4 96.1 96.1 82.3 0.2
19970331 86 0 0.5 29.8 11 12.7 8.6 0 0 6.1 59.7 0 31.3 87.8 79.5 51.3 0 NA 31.9 95 96.5 84.4 0.3
19970401 86.7 0 0.5 28.8 9.7 12.3 8.3 0 0 5.9 53.4 0 32 88.5 76.6 49 0 NA 31.2 95 95.9 84.6 0.4
19970402 84.1 0 0.5 26.7 9.9 11.9 8 0 0 3.6 52.4 0 30.3 87.3 73.7 46.3 0 NA 23.8 95.4 95.9 81.8 0.3
19970403 81.2 0 0 23.7 10 11.5 7.5 0 0 1.9 51.5 0 25.3 86.1 70.1 43.9 0 NA 17.4 96.8 96 82.3 0.2
19970404 77.2 0 0 21.2 9.8 10.8 7 0 0 0.2 51.5 0 21.9 85.1 66.4 40.3 0 NA 10.5 97.2 95.6 79.5 0.2
19970405 73.1 0 0 20.1 9.6 10.7 6.8 0 0 1.5 47.3 0 20.9 66.4 57.9 42.3 0 NA 10.5 97 93.6 78.2 0.1
19970406 69.1 0 0 19.1 9.5 10.4 6.5 0 0 2.8 42.8 0 19.7 48.8 49 42.7 0 NA 6.8 96.9 90.6 73.9 0.1
19970407 65.8 0 0 13.6 9.4 10 6.2 0 0 3.1 38.3 0 16.6 33.2 40.3 45.3 0 NA 6.8 96.6 89.4 71.4 0
19970408 60.7 0 0 12.8 8.9 10 6 0 0 4.3 32.4 0 15.1 13.4 29.9 45.8 0 NA 5 96.4 86.1 66.7 0
19970409 62.7 0 0 11.6 8.2 9 5.9 0 0 3.6 30.2 0 12.3 14.5 27.1 36.3 0 NA 5 96.4 83.3 61.3 0
19970410 62.7 0 0 11.2 7.3 7.8 5.8 0 0 3 27.4 0 9.6 15.2 21.3 21.8 0 NA 5 96.8 81.5 55.1 0
19970411 64.3 0 0 10.1 6.9 6.4 5.6 0 0 2.5 25.7 0 6.6 16 17.6 8.8 0 NA 5 96.9 78.4 47 0
19970412 61.3 0 0 9.7 7.1 6.4 5.5 0 0 1.7 27.2 0 5.8 15.6 18.5 9.1 0 NA 5 97.2 79.1 46.7 0
19970413 56.9 0 0 8.7 6.9 6.5 5.4 0 0 1.6 28.5 0 3.7 15.7 19.7 9.4 0 NA 5 97.5 79 46.2 0
19970414 53.7 0 0 7.7 5.2 4.1 3 0 0 0.8 29.2 0 2.2 15.3 20.5 9.3 0 NA 5 97.3 79.2 45.5 0
19970415 49.4 0 0 6.9 5 4.2 2.9 0 0 0.2 29.6 0 0.4 15.1 21.5 9.6 0 NA 5 97.4 79.7 44.9 0
19970416 38.5 0 0 6.3 5.1 3.9 2.9 0 0 0.2 24.1 0 0.4 14 19.9 9.5 0 NA 5 93.9 76 42.2 0
19970417 25.4 0 0 5.8 4.8 1.7 1.4 0 0 0.1 17.9 0 0 12.5 18 9.3 0 NA 4.9 92.2 72 39.3 0
19970418 9.8 0 0 5.2 4.7 1.4 1.4 0 0 0.1 12.4 0 0 11 15.8 8.7 0 NA 4.9 88.8 67.2 36.4 0
19970419 10.3 0 0 4.8 4.7 1.3 1.3 0 0 0.1 12 0 0 10.8 16 8.4 0 NA 4.9 89.1 67.8 35.7 0
19970420 11.1 0 0 4.6 5.9 3.3 1.3 0 0 0.1 12 0 0 10.7 15.8 7.9 0 NA 4.9 87 67.4 34.5 0
19970421 9.5 0 0 4.1 5.7 3.2 0.2 0 0 0.1 11.6 0 0 10.3 15.9 7.4 0 NA 0 87.3 65.7 33.7 0
19970422 9.9 0 0 3.9 5.6 3.1 0.1 0 0 0.1 10.9 0 0 9.9 15.8 7.1 0 NA 0 85.1 65.5 32.8 0
19970423 8 0 0 3.5 5.4 3.1 0.1 0 0 0.1 9 0 0 9.5 16 6.9 0 NA 0 83.6 64.2 32.1 0
19970424 4.8 0 0 2.9 4.3 1.7 0 0 0 0 5.5 0 0 9.4 16.1 6.8 0 NA 0 83.6 65.1 31.2 0
19970425 2.5 0 0 2.4 4.1 1.6 0 0 0 0 3.2 0 0 8.7 16.2 6.7 0 NA 0 82.1 61.7 30.1 0
19970426 2.3 0 0 2 4.1 1.7 0 0 0 0 3 0 0 8.6 16.1 6.7 0 NA 0 80.7 57.8 30.3 0
19970427 2.2 0 0 1.3 4.1 2.5 0 0 0 0 2.7 0 0 8.1 16.1 6.3 0 NA 0 78.7 51 30.4 0
19970428 1.5 0 0 0.6 4 2.5 0 0 0 0 1.6 0 0 8.1 15.6 6.3 0 NA 0 77.4 47.2 30.3 0
19970429 1.2 0 0 0.1 4 2.5 0 0 0 0 1.3 0 0 7.6 15.6 6.1 0 NA 0 73.5 40.6 29.9 0
19970430 1.2 0 0 0.1 3.8 2.5 0 0 0 0 0.9 0 0 6.8 14.2 6 0 NA 0 58.5 30.5 24.3 0
19970501 1.1 0 0 0 1.7 1 0 0 0 0 0.5 0 0 5.9 12.1 3.9 0 NA 0 43.3 21.6 17.1 0
19970502 1 0 0 0 1.7 1 0 0 0 0 0.1 0 0 5.2 10.4 3.7 0 NA 0 27.1 12.8 10.7 0
19970503 1 0 0 0 1.4 1 0 0 0 0 0.1 0 0 5.2 9.8 3.6 0 NA 0 23.3 10.1 9 0
19970504 1 0 0 0 1.4 1 0 0 0 0 0.1 0 0 5.1 9.3 3.5 0 NA 0 20.9 9.7 8.3 0
19970505 0 0 0 0 0.2 0 0 0 0 0 0 0 0 0.9 6 0.7 0 NA 0 15.1 6.8 3.1 0
19970506 0 0 0 0 0 0 0 0 0 0 0 0 0 0.8 5.3 0.6 0 NA 0 11.7 5.3 2 0
19970507 0 0 0 0 0 0 0 0 0 0 0 0 0 0.8 4.4 0.6 0 NA 0 11.7 5.3 1.8 0
19970508 0 0 0 0 0 0 0 0 0 0 0 0 0 0.4 2.1 0.2 0 NA 0 4.7 2.1 0.2 0
19970509 0 0 0 0 0 0 0 0 0 0 0 0 0 0.4 1.2 0.1 0 NA 0 2.7 2 0 0
19970510 0 0 0 0 0 0 0 0 0 0 0 0 0 0.4 1 0.1 0 NA 0 2.6 2 0 0
19970511 0 0 0 0 0 0 0 0 0 0 0 0 0 0.4 0.8 0.1 0 NA 0 2.4 2 0 0
19970512 0 0 0 0 0 0 0 0 0 0 0 0 0 0 0.2 0 0 NA 0 0.1 0 0 0
19970513 0 0 0 0 0 0 0 0 0 0 0 0 0 0 0 0 0 NA 0 0 0 0 0
19971202 0 0 0 0 0 0 0 0 0 0 0 0 0 0 0.9 0 0 NA 0 0 0 0 0
19971203 0 0 0 0 0 0 0 0 0 0 0 0 0 0 0.9 0 0 NA 0 0 0 0 0
19971204 0 0 0 0 0 0 0 0 0 0 0 0 0 0 0.9 0 0 NA 0 0 0 0 0
19971205 0 0 0 0 0 0 0 0 0 0 0 0 0 0 0.9 0 0 NA 0 0 0 0 0
19971206 0 0 0 0 0 0 0 0 0 0 0 0 0 0 0.9 0 0 NA 0 0.3 0 0 0
19971207 0 0 0 0 0 0 0 0 0 0 0 0 0 0 0.9 0 0 NA 0 0.7 0 0 0
19971208 0 0 0 0 0 0 0 0 0 0 0 0 0 0 0.9 0 0 NA 0 1 0 0 0
19971209 0 0 0 0 0 0 0 0 0 0 0 0 0 0 0.9 0 0 NA 0 1.4 0 0 0
19971210 0 0 0 0 0 0 0 0 0 0 0 0 0 0 0.9 0 0 NA 0 3.7 0.8 0 0
19971211 0 0 0 0 0 0 0 0 0 0 0 0 0 0 0.9 0 0 NA 0 6 1.6 0 0
19971212 0 0 0 0 0 0 0 0 0 0 0 0 0 0 0.9 0 0 NA 0 10.2 2.6 0 0
19971213 0 0 0 0 0 0 0 0 0 0 0 0 0 0 0.9 0 0 NA 0 10 1.9 0 0
19971214 0 0 0 0 0 0 0 0 0 0 0 0 0 0 0.9 0 0 NA 0 5.9 1.4 0 0
19971215 0 0 0 0 0 0 0 0 0 0 0 0 0 0 0.9 0 0 NA 0 3.7 0.5 0 0
19971216 0 0 0 0 0 0 0 0 0 0 0 0 0 0 0.9 0 0 NA 0 1.6 0 0 0
19971217 0 0 0 0 0 0 0 0 0 0 0 0 0.5 0.2 1 0 0 NA 0 1.9 0 0 0
19971218 0 0 0 0 0 0 0 0 0 0 0 0 0.8 0.4 1.1 0 0 NA 0 2.1 0 0 0
19971219 0 0 0 0 0 0 0 0 0 0 0 0 1.4 0.6 1.2 0 0 NA 0 2.4 0 0 0
19971220 0.6 0 0 0 0 0 0 0 0 0 0 0 1.4 0.5 1.4 0 0 NA 0 2.1 0 0.4 0
19971221 1.5 0 0 0 0 0 0 0 0 0 0 0 1.6 0.6 1.7 0 0 NA 0 2.2 0 0.8 0
19971222 2.2 0 0 0 0 0 0 0 0 0 0 0 1.6 0.5 1.9 0 0 NA 0 2 0 1.1 0
19971223 2.9 0 0 0 0 0 0 0 0 0 0 0 1.6 0.4 2.2 0 0 NA 0 1.7 0 1.5 0
19971224 2.7 0 0 0 0 0 0 0 0 0 0 0 1.4 0.3 2.6 0.2 0 NA 0 1.3 0.1 1.3 0
19971225 2.7 0 0 0 0 0 0 0 0 0 0 0 1.5 0.2 3.1 0.7 0 NA 0 0.8 0.3 1.2 0
19971226 2.7 0 0 0 0 0 0 0 0 0 0 0 1.2 0.1 3.7 0.9 0 NA 0 0.4 0.4 0.9 0
19971227 3.7 0 0 0 0 0 0 0 0 0 0 0 1.2 0.2 3.5 0.7 0 NA 3.2 0.8 0.5 1.1 0
19971228 6.1 0 0 0 0 0 0 0 0 0 0 0 1.9 1.5 3.5 0.7 4.9 NA 9.6 3 4.9 2.3 0
19971229 7.1 0 0 0 0 0 0 0 0 0 0 0 1.9 1.6 3.2 0.5 4.9 NA 12.8 3.4 5 2.3 0
19971230 8.2 0 0 0 0 0 0 0 0 0 0 0 1.9 1.7 2.8 0.4 4.9 NA 16 3.7 5 2.4 0
19971231 14.9 7.1 0 0 0 0 0 0 0 0 0 0 2.5 1.7 2.9 0.4 26.8 NA 31.4 24.8 11.7 6.2 0
19980101 20.2 10.8 0 0 0 0 0.1 0 0 0 0 0 2.8 0.5 2.5 0.1 53.7 NA 43.7 45.2 17.5 10.6 0
19980102 27 18 0 0 0 0 0.1 0 0 0 0 0 3.3 0.4 2.6 0.1 73.5 NA 59 63.7 22.2 15.3 0
19980103 24.1 14.5 0 0 0 0 0.1 0 0 0 0 0 3.6 0.4 2.8 0.2 59.3 NA 51.2 60.2 17.7 14 0
19980104 20 10.8 0 0 0 0 0.1 0 0 0 0 0 4 0.3 3.2 0.3 42.1 NA 46.5 57.4 14.1 10.9 0.1
19980105 15.8 3.6 0 0 0 0 0 0 0 0 0 0 3.8 0.3 3.1 0.4 27.8 NA 36.4 50.7 5.2 9.4 0.1
19980106 11.8 0 0 0 0 0 0 0 0 0 0 0 4.2 0.2 3.4 0.5 14.3 NA 31.3 47.9 1.5 6.3 0.1
19980107 8.4 0 0 0 0 0 0 0 0 0 0 0 3.9 0.2 3.8 0.4 11.6 NA 20.6 55.2 1.8 6.5 0.1
19980108 6.1 0 0 0 0 0 0 0 0 0 0 0 3.8 0.3 4.1 0.3 2.7 NA 11.6 59.4 3.2 5.9 0
19980109 3.1 0 0 0 0 0 0 0 0 0 0 0 3.6 0.4 4.6 0.3 0 NA 0.5 64.9 3.4 6.1 0
19980110 17.7 0 0 0 0.2 0.3 0.5 0 0 0.2 0.5 0 2.9 1.2 5.1 0.5 2 NA 12.2 66.8 5 7 0
19980111 36.5 0 0 0 0.3 0.5 1.3 0 0.1 0.5 1 0 2.2 2.1 5.5 0.6 6.1 NA 27.5 69.3 7.7 7.8 0
19980112 49.7 0 0 0 0.5 0.8 1.7 0 0.2 0.7 2.1 0 1.3 2.9 6 0.7 8.1 NA 39.7 70.7 7.8 8.7 0
19980113 65.3 0 0 0 0.6 1 2.2 0 0.2 0.9 2.1 0 0.5 3.8 6.3 0.8 10.1 NA 51.9 71.8 10.4 8.8 0
19980114 72.1 0.5 0 1.1 1.4 1.2 2.5 0 0.4 1.9 15.4 0 2.4 7.1 9.9 1.6 38 NA 60.6 79.3 14.3 17 0
19980115 76.4 1 0 2.4 2.3 1.5 2.9 0 0.8 3.5 28.9 0 5 10.3 13.4 2.4 63.8 NA 63.3 89.7 18.4 22.7 0.1
19980116 80.6 1.9 0 3.6 3.4 2.1 3.3 0 1.1 4.4 42.9 0 6.9 13.9 17.3 3.3 94.5 NA 68.6 96.9 22.6 30.5 0.1
19980117 82.8 5.1 0 3.3 3.4 2.2 3.8 0 0.8 3.8 43.1 0 9.4 12 15.4 2.6 87.9 NA 68.8 97 20.2 31.9 0.1
19980118 86.8 12 0 3.4 3.3 1.4 4 0 0.6 3.1 43.3 0 12.2 10.6 14.2 2 79.1 NA 71.5 97.2 19.7 36.6 0.1
19980119 89 15 0 3.2 3.4 1.1 4.3 0 0.3 2.5 41.9 0 15.1 8.3 11.8 1 70.3 NA 70.2 97.2 15.7 38 0.1
19980120 91.9 18.2 0 3 3.1 0.6 4.4 0 0 1.7 41.8 0 17.6 6.8 10.3 0.4 61.5 NA 70.9 97.3 13.4 40.8 0.1
19980121 93.3 21.1 0 2.8 5 1 3.5 0 0 2 42.3 0 16.6 11.2 10.4 0.5 61.9 NA 69.1 97.5 20.9 41.2 0.1
19980122 96.4 23.4 0 2.4 6.4 1.4 3.1 0 0 2.2 42.6 0 15.1 15.2 10.6 0.5 63.7 NA 67.7 97.5 28.6 42.1 0.1
19980123 97.6 27.5 0 2.1 8.3 1.8 2.2 0 0 2.5 42.8 0 14.1 19.3 10.8 0.6 64.3 NA 65.3 97.6 36.9 41.9 0.1
19980124 97.4 23.7 0 2.4 10.7 2.4 3.3 1.2 0.2 3 43.5 0 16 16.8 11 0.8 64.2 NA 67.4 97.6 35.5 42.6 0.1
19980125 97.2 21 0 2.6 13.1 3.4 4.5 1.9 0.4 3.6 45 0 18 14.1 11.4 0.9 63.3 NA 70.3 97.8 32.9 45.4 0.1
19980126 96.9 16 0 3 14.6 3.9 5.2 3.1 0.6 3.4 45.3 0 17.5 11 11.4 1.1 63.3 NA 71.5 97.7 26.5 45.8 0.1
19980127 96.7 11.9 0 3.1 16.5 4.6 5.9 3.9 0.9 3.8 46.1 0 19.2 7.5 11.3 1.1 62.4 NA 73.8 97.7 24.6 47.2 0.1
19980128 96.9 12.8 0 5.5 15.4 3.3 5.3 2.6 0.6 3.1 42.4 2 21.3 7.5 10.8 1 60.3 NA 74.4 97.7 32.1 41.6 0.2
19980129 98.4 11.4 0.1 9 13.4 2.1 4.7 1.2 0.3 2.3 39.7 4.1 21.5 8.5 10.8 1 54.7 NA 74.4 97.8 38.3 37.7 0.4
19980130 98.7 12.5 0.1 11.5 12.5 0.9 4.2 0 0 1.7 35.9 8.2 25.3 8.6 10.6 1 50.7 NA 74.5 97.8 45.4 32.3 0.5
19980131 95.9 12 0.1 10.4 12.1 0.9 4.4 0 0 1.5 33.7 8.2 26.4 10.1 11.4 1.5 47.3 NA 75.1 97.8 43.4 31.8 0.4
19980201 93.6 6.3 0.1 9.4 11.5 0.8 4.4 0 0 1.1 31.3 4.1 21.9 10.9 11.9 1.8 38.2 NA 74.3 99.8 40.5 34.5 0.3
19980202 89.5 3.2 0 8.2 11 0.7 4.5 0 0 0.7 28.9 2 20.5 12.4 12.6 2.3 34.6 NA 72.8 99.6 38.1 33.5 0.1
19980203 87.2 0.2 0 7.2 10.3 0.6 4.5 0 0 0.3 26.2 0 18.2 12.9 13 2.6 28.4 NA 71.8 99.5 34.1 32.9 0
19980204 90.5 0.2 0 5.2 18.7 0.9 5.2 0 0 2.3 36.4 0 19.3 11.3 12.8 2.3 23.1 NA 66.3 99.7 42 38.1 0.1
19980205 93.3 0.2 0 3.9 26.6 1.5 5.5 0 0 4.7 45.8 0 21 10.3 12.4 2.1 16.8 NA 63.8 99.9 52.5 42.6 0.2
19980206 95.6 0.2 0 1.9 35.1 2 6.2 0 0 7 55.4 0 21.9 8.5 12.4 1.9 11.7 NA 58.3 100 60.4 45.7 0.3
19980207 96 0.2 0 2 31.1 2.3 6.4 0 0 6.6 54 0 22.1 8.3 12.1 1.6 10.5 NA 59.1 100 57.6 46.7 0.3
19980208 96 0.1 0 2.1 27.4 2.7 6.5 0 0 6.1 51.4 0 23.9 8.3 11.2 1.2 8.7 NA 59.2 100 52.4 46.2 0.3
19980209 95.9 0.1 0 2.2 22.5 2.9 6.1 0 0 5.2 47.3 0 23.1 8.1 10.7 0.8 7.5 NA 59.9 100 45.6 46.9 0.3
19980210 96.1 0 0 2.3 18.7 3 6.2 0 0 4.7 44.5 0 23.8 8 9.7 0.4 6.1 NA 60.1 100 40 46.9 0.3
19980211 96.1 0 0 2.6 19.2 3.5 5.4 0 0 4.7 46 0 24.7 9 10.3 0.5 6.2 NA 62.5 100 39.3 47.7 0.3
19980212 96.1 0 0 3 20.1 3.8 4.2 0 0 4.2 44.6 0 25 9.9 11 0.6 1.9 NA 66.8 100 45.3 48.4 0.2
19980213 95.9 0 0 3.2 20.8 4.3 3.4 0 0 4.3 46.1 0 25.6 10.9 11.6 0.7 1.9 NA 69.1 100 44.5 48.4 0.2
19980214 94.4 0 0 2.7 17.2 3.5 2.9 0 0 3.5 42.2 0 24.5 8.6 10.6 0.8 1.9 NA 66.4 99.7 40.9 47.9 0.1
19980215 93.5 0 0 2.6 16 2.9 2.3 0 0 2.7 37.6 0 23.1 6.3 9.4 0.8 1 NA 63.6 99.4 41 48.4 0.1
19980216 90.7 0 0 2.1 12 2 1.7 0 0 1.3 28.7 0 21.4 3.9 8.3 0.9 0.5 NA 58.2 99.2 36.3 47.2 0
19980217 89.4 0 0 1.6 8.6 1.2 1.1 0 0 0.6 23.8 0 19.6 1.6 6.8 0.9 0 NA 55.4 98.7 30.4 46.8 0
19980218 82.3 0 0 1.2 6.9 1 0.8 0 0 0.4 21.6 0 17.3 1.3 6.3 0.6 0 NA 48.6 98.3 23.1 43.3 0
19980219 74.7 0 0 0.4 4.8 0.9 0.3 0 0 0.3 20.4 0 16.1 0.8 5.8 0.3 0 NA 41.3 97.8 16.6 36.9 0
19980220 67.1 0 0 0 3 0.7 0 0 0 0.2 17.7 0 14.1 0.5 5.4 0.1 0 NA 34.4 97.4 9.6 33.5 0
19980221 68 0 0 0 3.3 0.6 0 0 0 0.3 16.9 0 14.2 0.5 5.5 0.1 0 NA 33.9 97.5 10.1 32.6 0
19980222 67.9 0 0 0 3.4 0.5 0 0 0 0.4 16.8 0 14.2 0.5 5.5 0.1 0 NA 34.3 97.8 9.1 34.1 0
19980223 68.9 0 0 0 3.8 0.4 0 0 0 0.5 14.7 0 13.2 0.4 5.3 0.1 0 NA 32.8 98 5 32.2 0
19980224 68.8 0 0 0 3.7 0.3 0 0 0 0.6 13.5 0 12.9 0.4 5.2 0.1 0 NA 33.1 98.1 4.8 32.1 0
19980225 65.6 0 0 0 3.7 0.2 0 0 0 0.4 12.7 0 11.6 0.3 5 0 0 NA 32.5 96.9 5.4 32.7 0
19980226 62.5 0 0 0 4 0.2 0 0 0 0.3 10.7 0 9.6 0.3 4.7 0 0 NA 32.7 95.7 5.7 32.9 0
19980227 58.7 0 0 0 4.2 0.1 0 0 0 0.1 9.6 0 8.3 0.2 4.6 0 0 NA 32.1 94.4 6.2 33.2 0
19980228 57.2 0 0 0 3.9 0.1 0 0 0 0.1 9.6 0 8.2 0.2 4.4 0 0 NA 29 94.3 5.5 32.1 0
19980301 55.7 0 0 0 2.8 0.1 0 0 0 0.1 8.8 0 8.1 0.3 4.1 0 0 NA 27 94.1 4.8 30.7 0
19980302 52 0 0 0 2.1 0 0 0 0 0.1 8.7 0 7.9 0.3 4 0.1 0 NA 23.9 94 4.1 29.6 0
19980303 50.3 0 0 0 1.3 0 0 0 0 0 7.4 0 7.7 0.3 3.7 0.1 0 NA 20.7 93.8 3.3 28.8 0
19980304 55.5 0 0 0 1.3 0 0 0 0 0 4 0 6.9 0.2 3.4 0.1 0 NA 16.9 90.2 3.6 28.6 0
19980305 61.2 0 0 0 1.3 0 0 0 0 0 2.1 0 5.1 0.1 3.1 0.1 0 NA 13.3 85.9 3.8 25.8 0
19980306 64.2 0 0 0 1.1 0 0 0 0 0 0.2 0 4.4 0 2.9 0.1 0 NA 8.6 82.3 4.1 25 0
19980307 57.4 0 0 0 1 0 0 0 0 0 0.5 0 4.2 0 2.9 0.1 0 NA 6.5 79.2 3.8 24.7 0
19980308 49.8 0 0 0 0.8 0 0 0 0 0.1 0.7 0 3.9 0 3 0.1 0 NA 5.9 76.1 3.7 26.5 0
19980309 39.9 0 0 0 0.2 0 0 0 0 0.1 1.3 0 3.1 0 3.1 0.1 0 NA 2 73 3.5 25.6 0
19980310 32.3 0 0 0 0 0 0 0 0 0.1 1.3 0 2.7 0 3 0.1 0 NA 0 70 3.3 24.5 0
19980311 39.7 0 0 0 1.4 0.1 0.2 0 0 0.1 1.8 0 2.9 0.3 3.2 0.1 0 NA 7.1 73.8 3.6 26.7 0
19980312 43.4 0 0 0 4.1 0.2 0.4 0 0 0.1 1.9 0 2.2 0.8 3.4 0.1 0.6 NA 11.2 74.8 4 29.9 0
19980313 51.3 0 0 0 5.4 0.3 0.7 0 0 0.2 2.5 0 2.4 1.1 3.6 0.1 0.6 NA 19.4 78.6 4.2 32.5 0
19980314 57.7 0 0 0.4 5.1 0.3 0.6 0 0 0.2 5.6 0 2.2 1.2 4.2 0.4 0.6 NA 19.8 81.6 9.1 34.9 0
19980315 65.8 0 0 0.8 4.4 0.2 0.7 0 0 0.2 8.8 0 2 1.2 4.8 0.7 0.6 NA 18.7 84.5 13.8 36.7 0
19980316 72.3 0 0 1.1 4.3 0.2 0.6 0 0 0.3 11.9 0 1.9 1.4 5.2 0.9 0 NA 17.1 87 18.7 35.5 0
19980317 77.7 0 0 1.5 3.3 0.1 0.5 0 0 0.3 15.1 0 1.8 1.3 5.6 1.2 0 NA 16.8 89.9 23.4 37.2 0
19980318 70.8 0 0 0.9 3.6 0.1 0.5 0 0 0.3 15.3 0 1.9 0.8 5.4 1.4 0.3 NA 17.7 90 21.9 35.4 0
19980319 65.8 0 0 0.6 4.6 0.2 0.5 0 0 0.2 14.3 0 2 0.6 5.2 1.5 0.5 NA 18.5 89.9 20.8 31.6 0
19980320 57.1 0 0 0 5 0.2 0.4 0 0 0.2 14.6 0 2.2 0.2 5 1.7 1 NA 19.9 89.9 19.6 29.8 0
19980321 55.7 0 0 0 4.8 0.2 0.4 0 0 0.3 13 0 2.3 0.2 4.6 1.3 1 NA 16.5 90.8 18.5 29.3 0
19980322 53.8 0 0 0 4 0.2 0.3 0 0 0.3 8.8 0 1.7 0.2 4.2 1.1 0.5 NA 11.6 91.2 15.7 28 0
19980323 50.6 0 0 0 3.6 0.2 0.3 0 0 0.2 6.8 0 1.7 0.2 3.6 0.8 0.3 NA 6.9 91.4 13.8 26 0
19980324 48.3 0 0 0 2.9 0.2 0.2 0 0 0.3 3 0 1.4 0.2 3.1 0.3 0 NA 2.3 91.8 11.3 24.5 0
19980325 44.7 0 0 0 2.2 0.1 0.1 0 0 0.2 2 0 1.1 0.2 3 0.2 0 NA 1.4 86.8 8.7 23.6 0
19980326 42.7 0 0 0 1.4 0.1 0.1 0 0 0.1 1.2 0 0.3 0.2 2.8 0.1 0 NA 0.9 85.6 7.3 22 0
19980327 39.9 0 0 0 0.7 0 0 0 0 0 0.5 0 0.2 0.2 2.8 0 0 NA 0 80 5.7 21.3 0
19980328 34.3 0 0 0 0.7 0 0 0 0 0 0.5 0 0.2 0.2 2.7 0 0 NA 0 72 4.6 19.2 0
19980329 30.8 0 0 0 0.4 0 0 0 0 0 0.3 0 0.2 0.1 2.5 0 0 NA 0 60.4 3.1 16.9 0
19980330 24.2 0 0 0 0.2 0 0 0 0 0 0.1 0 0 0 2.4 0 0 NA 0 50.6 1.9 14.6 0
19980331 16.7 0 0 0 0.1 0 0 0 0 0 0 0 0 0 2.2 0 0 NA 0 37.9 0.4 11.6 0
19980401 11.2 0 0 0 0 0 0 0 0 0 0 0 0 0 2 0 0 NA 0 29.9 0.3 8.9 0
19980402 6 0 0 0 0 0 0 0 0 0 0 0 0 0 1.7 0 0 NA 0 28.1 0.3 6.8 0
19980403 0.7 0 0 0 0 0 0 0 0 0 0 0 0 0 1.5 0 0 NA 0 20.2 0.2 4.2 0
19980404 0.8 0 0 0 0.1 0 0 0 0 0 0 0 0 0 1.5 0 0 NA 0 20.7 0.2 5.2 0
19980405 1 0 0 0 0.1 0 0 0 0 0 0 0 0 0 1.7 0 0 NA 0 15.1 0.1 6.3 0
19980406 1.1 0 0 0 0.1 0 0 0 0 0 0 0 0 0 1.7 0 0 NA 0 16.7 0.1 7 0
19980407 1.1 0 0 0 0.2 0 0 0 0 0 0 0 0 0 1.7 0 0 NA 0 12.2 0 7.9 0
19980408 0.7 0 0 0 0.2 0 0 0 0 0 0 0 0 0 1.7 0 0 NA 0 22.6 0 7.7 0
19980409 0.3 0 0 0 0.1 0 0 0 0 0 0 0 0 0 1.6 0 0 NA 0 30.9 0 7.3 0
19980410 0 0 0 0 0.1 0 0 0 0 0 0 0 0 0 1.5 0 0 NA 0 40.9 0 7.1 0
19980411 0 0 0 0 0.1 0 0 0 0 0 0 0 0 0 1.5 0 0 NA 0 33 0 5.9 0
19980412 0 0 0 0 0.1 0 0 0 0 0 0 0 0 0 1.5 0 0 NA 0 26.6 0 4.4 0
19980413 0 0 0 0 0 0 0 0 0 0 0 0 0 0 1.5 0 0 NA 0 17 0 2.8 0
19980414 0 0 0 0 0 0 0 0 0 0 0 0 0 0 1.4 0 0 NA 0 9.6 0 1.1 0
19980415 0 0 0 0 0 0 0 0 0 0 0 0 0 0 1 0 0 NA 0 9.3 0 1.1 0
19980416 0 0 0 0 0 0 0 0 0 0 0 0 0 0 0.7 0 0 NA 0 6.1 0 0.6 0
19980417 0 0 0 0 0 0 0 0 0 0 0 0 0 0 0.3 0 0 NA 0 5.9 0 0.4 0
19980418 0 0 0 0 0 0 0 0 0 0 0 0 0 0 0.3 0 0 NA 0 3.9 0 0.4 0
19980419 0 0 0 0 0 0 0 0 0 0 0 0 0 0 0.2 0 0 NA 0 3.9 0 0.3 0
19980420 0 0 0 0 0 0 0 0 0 0 0 0 0 0 0.2 0 0 NA 0 2 0 0.1 0
19980421 0 0 0 0 0 0 0 0 0 0 0 0 0 0 0.2 0 0 NA 0 0 0 0 0
19980422 0 0 0 0 0 0 0 0 0 0 0 0 0 0 0.1 0 0 NA 0 0 0 0 0
19980423 0 0 0 0 0 0 0 0 0 0 0 0 0 0 0 0 0 NA 0 0 0 0 0
19980424 0 0 0 0 0 0 0 0 0 0 0 0 0 0 0 0 0 NA 0 0 0 0 0
19981215 0 0 0 0 0 0 0 0 0 0 0 0 0 0 0.5 0 0 NA 0 0 0 0 0
19981216 0 0 0 0 0 0 0 0 0 0 0 0 0 0 0.5 0 0 NA 0 0 0 0 0
19981217 0 0 0 0 0 0 0 0 0 0 0 0 0 0 0.4 0 0 NA 0 0 0 0 0
19981218 0 0 0 0 0 0 0 0 0 0 0 0 0 0 0.4 0 0 NA 0 0 0 0 0
19981219 1.6 0 0 0 0 0 0.1 0 0 0 0 0 0 0 0.6 0 0 NA 2.5 4.7 1.3 0 0
19981220 3.3 0 0 0 0 0 0.1 0 0 0 0 0 0 0 0.9 0 0 NA 5.1 12.2 2.3 0 0
19981221 5 0 0 0 0 0 0.2 0 0 0 0 0 0 0 1.1 0 0 NA 7.6 18.7 3.7 0 0
19981222 5.5 0 0 0 0 0 0.3 0 0 0 0 0 0 0.1 1.5 0 0 NA 8.1 21.6 5.4 0 0
19981223 7 0 0 0 0 0 0.4 0 0 0 0 0 0 0.1 1.7 0 0 NA 10.6 30.9 6.5 0 0
19981224 9.1 0 0 0 0 0 0.4 0 0 0 0 0 0 0.1 2 0 0 NA 13.1 33.8 7.9 0 0
19981225 10.6 0 0 0 0 0 0.5 0 0 0 0 0 0 0.1 2.2 0 0 NA 15.6 41.7 9.1 0 0
19981226 15.8 7 0 0.2 0 0 1.3 0 0 0 0 0 0.5 0.2 2.5 0 14.6 NA 27.4 41.6 7.5 1.1 0
19981227 18.6 10.9 0 0.3 0 0 1.8 0 0 0 0 0 1 0.8 3.4 0 34.1 NA 44 40.8 5.5 2.5 0
19981228 23.6 17.9 0 0.3 0 0 2.6 0 0 0 0 0 1.6 0.9 3.6 0 48.8 NA 55.4 40.3 3.7 3.6 0
19981229 26.4 21.6 0 0.5 0 0 3 0 0 0 0 0 1.8 1 4 0.1 61.5 NA 67.4 39.1 1.9 4.7 0
19981230 28.2 19.8 0 1 1.1 0 2.7 0 0 0 4.6 0 2 0.9 4 0.3 70.1 NA 55.6 54.6 10.5 4.6 0
19981231 28.1 16.2 0 1.5 2.1 0 2.3 0 0 0 9.2 0 1.9 0.2 3.8 0.6 76.4 NA 44.2 72.4 20.7 4.7 0
19990101 30.3 14.4 0 2.2 3.2 0 2 0 0 0 14.5 0 2.2 0.1 3.7 1 84.3 NA 33 90.5 29.7 4.7 0
19990102 43.5 32 2.1 2.2 2.9 0 1.5 0 0 0.1 20.9 0 11.2 0.1 4.1 0.7 84.5 NA 38.9 91.8 25.6 9.6 1
19990103 65 54.7 4.1 2.4 2.5 0 1 0 0 0.3 30 0 17.4 0.1 4.4 0.5 92 NA 47.4 95.6 19.3 16.4 1.5
19990104 78.2 69.5 5.2 2.4 2.1 0 0.5 0 0 0.5 36.4 0 26.4 0.1 4.5 0.3 92 NA 53.4 95.8 15.1 21.3 2.5
19990105 95.4 89.5 7.2 2.4 1.6 0 0 0 0 0.6 44 0 32.1 0.1 4.8 0.1 95.6 NA 59.9 97.1 8.6 25.8 3
19990106 95.3 88.5 10.4 3.3 4.6 0.7 4 3.8 0 1.1 41.8 0.6 27.5 3.9 6.6 0.3 95.6 NA 66.3 97 23.4 33.3 2.2
19990107 98.2 88.9 13.6 3.9 7.6 1.4 7.3 6.2 0.1 1.4 39.6 1 23.1 6.4 7.7 0.4 99.6 NA 72 98.1 46.1 40.4 1.3
19990108 98.1 87.8 16.8 4.7 10.5 2.1 11.3 10 0.1 1.8 36.5 1.6 18.5 10.2 9.5 0.6 99.6 NA 78.4 98.1 61 48.3 0.5
19990109 98.2 87.7 23.7 12.1 10.9 2.6 11.9 9.4 0.1 1.7 39.3 1.3 17.4 9.6 10.5 0.7 99.4 NA 78.9 98.2 55 44.8 2.4
19990110 99.8 86.5 34.1 22.8 10.8 3.1 12.8 9.6 0.1 1.5 43.1 1 16.1 10.1 11.4 0.9 99.7 NA 80 99.9 47 41.1 4.4
19990111 99.8 85.4 40.7 29.9 10.9 3.5 12.2 8.3 0 1.2 44.2 0.3 14.8 9.6 12.1 0.9 99.6 NA 78.2 99.9 41.3 37.3 6.2
19990112 99.9 83.5 47.4 37.4 10.5 3.8 12.5 8.2 0 0.9 47.7 0 13.4 9.5 13 1 99.4 NA 78.6 100 32.7 33 8
19990113 99.9 87.8 56.6 45.1 10.2 4.3 12.8 11.1 2.4 1.7 54.4 6.4 21.5 9.8 15.7 2.4 99.6 NA 80 100 53.2 38.6 7.3
19990114 99 92.8 67 51.3 9.9 5 13.7 14.9 5.1 2.5 60 12.2 29.9 10.1 18.2 3.5 99.9 NA 81.2 100 70.5 42.9 6.6
19990115 99 97.8 73.4 56.2 9.6 5.2 13.9 18.3 7.7 3.4 66.9 19.4 38 10 21 4.9 100 NA 81.9 100 92.2 48.8 6.1
19990116 99 91.9 71.6 47.6 11.4 4.2 14.9 13.4 5.6 2.8 58.6 14.3 37.4 7.6 17.7 3.7 100 NA 79.6 100 83.8 43.8 4.8
19990117 99.9 87 76.1 42 11.5 3.1 16.3 9.9 4.2 2.2 50.5 10.1 35.9 5.6 13.3 2.5 100 NA 76.7 100 74.1 39.5 3.2
19990118 99.9 81.6 73.9 33.6 12.3 2 16.4 4.2 1.8 1.4 41.8 4.3 33.5 3.2 10.1 1.3 100 NA 74.2 100 67.3 34 2
19990119 99.9 75.5 75.2 26.5 12.1 0.9 17.2 0 0 0.8 33.2 0 31.7 0.9 5.5 0.1 100 NA 71.3 100 57 29.1 0.3
19990120 95.7 76.1 73.4 28.9 10.6 1.2 14.6 1.1 0 1.4 33.6 0.6 29.8 1.6 5.9 0.2 99.8 NA 70.1 99.9 49.7 28.9 0.4
19990121 90.4 77.8 72.7 32.1 10.2 1.4 9.8 2.7 0 2.1 35.3 2 29.7 2.2 6.5 0.3 99.8 NA 63.8 99.7 40.3 29.2 0.6
19990122 83.8 79.4 70.4 32.5 8.7 1.6 7.4 3.7 0 2.6 35.9 2.6 27.9 3.1 7 0.4 99.6 NA 62.6 99.6 32.9 29 0.7
19990123 85 76.8 65.8 27.8 7.6 1.5 5.3 2.7 0 2.7 34.4 2.3 27 3 7.4 0.4 99.6 NA 60 99.7 32.9 29.8 0.7
19990124 88.3 73.6 61.5 23.5 7 1.3 4.5 2.1 0 2.5 32.9 1.7 25.6 2.7 7.7 0.2 99.6 NA 59.8 99.9 32.8 30.7 0.6
19990125 89 68 56.9 18.9 5.7 1.1 2.1 1.1 0 2.5 30.4 0.6 24.8 2.3 7.8 0.2 99.6 NA 54.7 100 33.2 30.1 0.4
19990126 90.9 64.9 51.5 15 4.5 0.9 0 0 0 2.1 27.7 0 22.9 2.1 7.9 0.1 99.5 NA 52.1 100 32.1 30.3 0.3
19990127 88.1 62.5 51.7 22.1 4.1 0.8 0.1 0 0 1.4 28.7 0.1 23.5 2.3 7.8 0.6 99 NA 52.9 99.9 35.8 33 0.6
19990128 85.6 61.4 52.5 32.5 3.9 0.7 0.4 0 0 1 31.7 0.3 26.3 3 7.6 1.2 94 NA 52.3 99.8 37 35.2 0.9
19990129 83.1 58.4 52.3 40.5 3.4 0.6 0.5 0 0.1 0.7 33.5 0.5 27 3.2 7.7 1.7 93.5 NA 52.4 99.6 40.6 37.9 1.2
19990130 84.7 60.3 52 32.6 5.8 1 0.4 0 0 0.7 35.2 0.5 27.4 5 8.6 1.7 88.3 NA 52.6 99.8 44.3 38.8 1
19990131 86.1 63.4 52.7 27.7 7.2 1.2 0.3 0 0 0.7 37.4 0.3 29.6 5.5 8.9 1.3 87.8 NA 53 99.8 45.5 39.4 1
19990201 88 60.4 48.2 18.1 9.6 1.6 0.1 0 0 0.6 37.7 0.1 28 7.3 9.2 1.2 78 NA 51.6 99.9 47.4 39.8 0.7
19990202 89.1 61.9 47.4 9.3 10.8 1.8 0 0 0 0.5 38.3 0 28.4 7.8 9.5 0.9 77.2 NA 51.6 100 48.5 40 0.4
19990203 85.8 55.4 41.8 8.9 8.8 1.5 0 0 0 1.2 35.1 0 26.8 5.7 8.7 0.8 77.1 NA 52.1 99.6 43.7 37.6 0.3
19990204 83.3 48.3 37.5 9 6.7 1.1 0 0 0 1.7 31.4 0 25.2 3.4 7.7 0.6 70.4 NA 52.4 97.8 37.9 34.5 0.3
19990205 79.4 41.9 32.1 9 5.1 0.7 0.1 0 0 2.4 28.4 0 23.9 1.3 6.9 0.6 66.8 NA 52.9 97.4 32.2 32.3 0.2
19990206 81.1 41.5 31 9.2 5.1 0.7 0.1 0 0 2.2 28.1 0 23.6 1.3 6.7 0.6 66.6 NA 52.8 97.5 31.5 32.3 0.2
19990207 82.5 40 30.3 9.4 4.6 0.7 0.1 0 0 2 26.5 0 22.4 1.2 6.2 0.4 64.3 NA 48.4 97.5 32.3 32 0.1
19990208 84.6 37 29.1 9.7 3.9 0.6 0.1 0 0 1.8 26 0 22.1 1.1 5.9 0.4 62.1 NA 48.4 97.6 31.8 31.5 0.1
19990209 85 36.5 28.1 9.4 4.3 0.6 0.1 0 0 1.5 24.2 0 22.4 1.4 5.6 0.3 61 NA 50.3 99.2 26.1 32.4 0.1
19990210 86.6 33.5 27.5 9.7 3.9 0.6 0.1 0 0 1.3 23.4 0 21.5 1.2 5.2 0.3 56.5 NA 47.9 99.3 28.7 32.2 0.1
19990211 88.5 32.2 26.3 9.9 3.7 0.5 0.1 0 0 1.2 22.5 0 20.8 1.4 5 0.3 55.5 NA 45.8 99.3 28 32 0.1
19990212 89.8 31.6 25.5 10 3.4 0.5 0.1 0 0 0.9 21.8 0 20.1 1.2 4.6 0.2 54.9 NA 44.6 99.4 27.4 32 0
19990213 90.1 28.5 24.8 10.1 4.3 0.6 0.1 0 0 0.9 24.7 0 19.1 2.5 5.3 0.2 50.5 NA 44.5 99.4 35 34 0
19990214 89.6 24.6 24.3 10 5.3 0.7 0.1 0 0 0.6 28.4 0 18.4 4.8 5.9 0.1 47.1 NA 43 99.4 41.4 36.5 0
19990215 89.9 21.5 23.7 10 6.2 0.8 0.1 0 0 0.6 33.7 0 18 6.1 6.6 0.1 42.8 NA 41.3 99.4 48.9 38.1 0
19990216 92.2 18.2 23.5 13.1 7 0.8 0.1 0 0 0.7 36.3 0 17 7.4 7.1 0.1 32.2 NA 36.1 99.5 56.2 40.8 0
19990217 92.3 14.8 22.7 13.1 7.6 0.9 0.1 0 0 0.6 41 0 15.7 9.7 7.9 0.1 28.4 NA 34.8 99.4 63.2 43.2 0
19990218 92 11.3 22 13.1 8.7 1 0.1 0 0 0.5 43.5 0 15.5 11 8.5 0.1 23.8 NA 35 99.5 70.7 44.8 0
19990219 92.2 6.3 21.5 13.1 9.6 1.1 0.1 0 0 0.4 47.9 0 14.5 12.7 9.2 0.1 20 NA 32.7 99.5 81.5 47.2 0
19990220 93.9 25.2 27.5 17.1 15.6 0.9 1.4 0 0 1 48.9 1.7 17.2 13.1 10.7 4.8 36.1 NA 41.7 99.6 83.9 50.6 2.2
19990221 94.9 41.7 36.2 19.9 24.1 0.6 3.4 0 0 1.8 52 4.3 20.8 13.1 11.9 8.7 60 NA 51.3 99.7 85 55.9 5.3
19990222 96.5 57 40.6 23.9 30.1 0.4 4.7 0 0 2.6 53.2 6 23.4 13.2 13.3 13.3 75 NA 59.2 99.9 87.1 59.2 7.5
19990223 97.8 75.9 47.6 26.3 36.9 0.1 6.3 0 0 3.1 54.7 8.2 26.1 13.1 14.3 16.9 95 NA 68.5 100 87.8 63.4 10.1
19990224 97.8 74.1 50.7 27.1 26 0.2 4.7 0.4 0.1 4 54 5.4 25.4 10 12.4 14.3 94.9 NA 68.7 99.3 85.2 63.1 6.5
19990225 97.8 71.7 52.2 23.8 16.7 0.4 3.3 1.1 0.3 5 53.8 3 24.4 8.8 10.7 12.4 95.1 NA 69.3 98.5 80.7 64.3 3.4
19990226 97.8 69.8 53.5 24.3 7.4 0.5 2 1.5 0.4 6.1 52.8 0.6 24 6 9 10.1 94.9 NA 69.9 97.9 78.1 63.3 0.3
19990227 93.3 61 50.7 26.1 7.6 0.5 1.9 1.1 0.3 5.1 47.8 0.4 22.5 5.8 8.8 9 73.2 NA 62.2 98.5 74.7 59.4 0.2
19990228 89.7 53.3 52.3 28 8 0.5 2 0.9 0.2 4.3 43.1 0.4 20.3 6 8.7 7.6 56.1 NA 57.2 98.9 71 56.2 0.2
19990301 86 41.6 47.2 23.4 8.1 0.5 1.5 0.4 0.1 3 36.5 0.2 18.7 3.3 7.7 6 38.7 NA 46.6 99.6 65.8 49.4 0.1
19990302 82.4 33.4 44.4 26.1 8.4 0.4 1.5 0 0 2.2 31.4 0 16.3 3 7.4 4.6 17.2 NA 39.7 100 62 45.4 0
19990303 81.5 23.2 38 19.9 8.7 0.3 1.1 0 0 2 36.8 0 15.3 3.3 7.6 5.7 17 NA 36.5 99.9 65.1 40.6 0
19990304 82.3 12.3 30.6 12.4 9 0.1 0.6 0 0 2 43.5 0 14.2 3.7 7.8 6.5 16.3 NA 34.5 99.7 67.3 37.8 0
19990305 81.3 2.7 24 6.2 9.3 0 0.1 0 0 2.2 50 0 12.9 3.9 8 7.7 14.8 NA 31.5 99.5 72 33.2 0
19990306 83.8 17 36.4 21.8 10.3 1.8 3.8 0 0 2.1 48.9 0 24.5 3.2 7.7 8.6 33.2 NA 42.9 99.6 73.6 44.7 2.7
19990307 86.5 34.4 47.5 44.1 11.3 3.8 7.1 0 0 1.6 47 0 33.4 3.1 7.4 9.8 48.7 NA 55.9 99.8 76.3 53.7 5.3
19990308 88.5 45.7 59.8 59.7 11.9 4 10.8 0 0 1.2 45.5 0 44.7 2.4 6.9 10.4 66.6 NA 67 99.9 76.9 62.3 7.3
19990309 90.3 61.3 70.7 77.8 12.8 5.8 13.7 0 0 0.9 43 0 53.5 1.7 6.3 11.3 84.3 NA 78.1 100 77.2 73 9.9
19990310 89.7 64 65.5 61.6 11.6 4 10.1 0 0 2.2 37.7 0 43.6 1.6 6.6 9.4 83.7 NA 70.1 99.9 75 59.7 7
19990311 88.9 63.9 60.6 47.3 10.4 2.4 6.8 0 0 4 33.4 0 34.4 1.5 7.2 7.8 80.2 NA 64.3 99.7 73.4 47.7 4.4
19990312 87.7 65.6 55.1 33.5 9.1 0.6 3.5 0 0 5.3 28.9 0 24.2 1.4 7.5 5.6 78.8 NA 55.4 99.6 70.9 34.9 1.5
19990313 84.4 62.7 50.3 29.3 8.5 0.5 3.3 0 0 4.8 27.7 0 23.6 2.3 7.1 4.9 71.1 NA 50.9 99.5 69.4 33.8 1.5
19990314 81.9 58.9 46 25.1 7.5 0.5 3.1 0 0 4.3 24.4 0 19.8 3.1 6.9 4.5 67.4 NA 47 99.3 67.8 32.4 0.7
19990315 79.6 55 39.3 21.3 6.9 0.5 3 0 0 4.1 23 0 19 3.6 6.5 3.7 57.8 NA 43.7 99.2 65.9 31 0.7
19990316 75.9 50 35.1 18.7 6.1 0.4 2.6 0 0 3.5 19.7 0 14.9 4 6.2 3 50.2 NA 36.5 99 61.1 29.9 0.7
19990317 73.8 43.8 29.8 15.3 5.2 0.4 2.2 0 0 3.3 18 0 14.5 4.6 5.7 2.6 42.7 NA 32.1 98.9 59.8 28.8 0.4
19990318 71.4 41.9 24.8 10.7 4.8 0.3 2.4 0 0 2.6 15.8 0 11.6 5.6 5.6 2 37.8 NA 30 98.8 57.6 27.5 0.4
19990319 68 35.4 19.4 6.6 3.7 0.3 2 0 0 2.3 13.7 0 9.9 6.2 5.2 1.4 28.3 NA 23.5 98.6 56.3 26.2 0
19990320 65 26.6 16.1 6.1 4.2 0.2 2 0 0 1.9 11.6 0 10.4 5.1 5 1.5 24 NA 20.6 98.7 55.1 25.7 0
19990321 60.6 21.2 10.7 5.1 4.2 0.1 1.8 0 0 1.4 8.6 0 10.3 3.7 4.8 1.1 15.6 NA 14.2 98.7 56.5 25.1 0
19990322 56.8 11.4 5.9 1 4.4 0.1 1.4 0 0 0.9 5.8 0 10.7 2.6 4.4 0.9 8.5 NA 7.7 98.7 55 24.2 0
19990323 52.8 0 0.5 0.1 4.5 0 1.1 0 0 0.4 3 0 10.5 0.7 4.1 0.7 0 NA 2.6 98.6 54 23.4 0
19990324 52.5 0 0.3 0.1 3.9 0 0.7 0 0 0.3 2.8 0 9.5 2.2 4.2 0.7 0 NA 3.5 97.2 56.3 23.1 0
19990325 50.9 0 0.2 0.1 3.3 0 0.4 0 0 0.3 3.6 0 9.2 5.2 4.5 0.8 0 NA 6.1 96.1 58.8 23.5 0
19990326 49.7 0 0 0.1 2.7 0 0 0 0 0.3 3.4 0 8.4 6.7 4.6 0.8 0 NA 7.3 94.3 62 23.1 0
19990327 43.3 0 0 0.1 2.5 0 0 0 0 0.3 3.1 0 8.3 5.2 4.4 0.7 0 NA 6.5 94.3 58.6 23 0
19990328 39 0 0 0.1 2.4 0 0 0 0 0.2 3 0 7.6 5 4.2 0.6 0 NA 6.2 94.3 50.2 22.7 0
19990329 33.8 0 0 0.1 2.2 0 0 0 0 0.2 2.8 0 7.5 3.5 4 0.5 0 NA 5.1 94.7 46.8 22.6 0
19990330 25.5 0 0 0.2 2.1 0 1.1 0 0 0.2 3.1 0 6.2 3.3 3.9 0.4 0 NA 6.8 93.8 38.8 22.1 0
19990331 21.1 0 0 0.2 2.1 0 1.1 0 0 0.1 2.9 0 6.1 1.8 3.6 0.3 0 NA 6.5 94.2 34.8 21.9 0
19990401 16.4 0 0 0.2 2.1 0 1.1 0 0 0.1 2.8 0 5.3 0.9 3.4 0.2 0 NA 5.4 93.8 27.6 21.7 0
19990402 10 0 0 0.2 1.8 0 1.1 0 0 0 2.6 0 5.3 0 3.2 0.1 0 NA 5 94.2 23.9 21.6 0
19990403 9.4 0 0 0.1 1.7 0 1.1 0 0 0 2.4 0 4 0 3.2 0.1 0 NA 5 91.7 17.9 20.8 0
19990404 8.5 0 0 0.1 1 0 1.1 0 0 0 2.1 0 4.4 0 3.1 0.1 0 NA 5 88 12.8 19.8 0
19990405 3.2 0 0 0.1 0.5 0 0 0 0 0 0.2 0 3.1 0 3 0.1 0 NA 0 82.4 5.8 17.8 0
19990406 2.2 0 0 0 0 0 0 0 0 0 0 0 2 0 3 0.1 0 NA 0 79 0.2 16.9 0
19990407 1.6 0 0 0 0 0 0 0 0 0 0 0 2 0 3 0.1 0 NA 0 69.8 0.9 15.9 0
19990408 1 0 0 0 0.3 0 0 0 0 0 0 0 1.1 0 3 0.1 0 NA 0 61 2.3 15.4 0
19990409 0.5 0 0 0 0.3 0 0 0 0 0 0 0 1.1 0 3 0.1 0 NA 0 50 2.9 13.7 0
19990410 0.4 0 0 0 0.3 0 0 0 0 0 0 0 1.1 0 2.9 0 0 NA 0 44.2 2.6 11 0
19990411 0.4 0 0 0 0.4 0 0 0 0 0 0 0 1.1 0 3 0 0 NA 0 30.1 3.4 8.7 0
19990412 0.1 0 0 0 0.2 0 0 0 0 0 0 0 0 0 2.9 0 0 NA 0 23.5 3 5.3 0
19990413 0 0 0 0 0.2 0 0 0 0 0 0 0 0 0 2.9 0 0 NA 0 11.2 2.6 2.9 0
19990414 0 0 0 0 0.2 0 0 0 0 0 0 0 0 0 2.8 0 0 NA 0 10.1 2.3 2.6 0
19990415 0 0 0 0 0 0 0 0 0 0 0 0 0 0 2.6 0 0 NA 0 10.4 1.3 1.5 0
19990416 0 0 0 0 0 0 0 0 0 0 0 0 0 0 2.6 0 0 NA 0 9.2 1 1.2 0
19990417 0 0 0 0 0 0 0 0 0 0 0 0 0 0 2.5 0 0 NA 0 9.2 1 1.2 0
19990418 0 0 0 0 0 0 0 0 0 0 0 0 0 0 2.6 0 0 NA 0 6.4 1 1.1 0
19990419 0 0 0 0 0 0 0 0 0 0 0 0 0 0 2.6 0 0 NA 0 3.9 0 1 0
19990420 0 0 0 0 0 0 0 0 0 0 0 0 0 0 2.6 0 0 NA 0 2.5 0 1 0
19990421 0 0 0 0 0 0 0 0 0 0 0 0 0 0 2.5 0 0 NA 0 2.5 0 1 0
19990422 0 0 0 0 0 0 0 0 0 0 0 0 0 0 2.5 0 0 NA 0 0 0 0 0
19990423 0 0 0 0 0 0 0 0 0 0 0 0 0 0 2.5 0 0 NA 0 0 0 0 0
19990424 0 0 0 0 0 0 0 0 0 0 0 0 0 0 2.5 0 0 NA 0 0 0 0 0
19990425 0 0 0 0 0 0 0 0 0 0 0 0 0 0 2.4 0 0 NA 0 0 0 0 0
19990426 0 0 0 0 0 0 0 0 0 0 0 0 0 0 2.3 0 0 NA 0 0 0 0 0
19990427 0 0 0 0 0 0 0 0 0 0 0 0 0 0 2.2 0 0 NA 0 0 0 0 0
19990428 0 0 0 0 0 0 0 0 0 0 0 0 0 0 2.2 0 0 NA 0 0 0 0 0
19990429 0 0 0 0 0 0 0 0 0 0 0 0 0 0 2.2 0 0 NA 0 0 0 0 0
19990430 0 0 0 0 0 0 0 0 0 0 0 0 0 0 2.2 0 0 NA 0 0 0 0 0
19990501 0 0 0 0 0 0 0 0 0 0 0 0 0 0 1.6 0 0 NA 0 0 0 0 0
19990502 0 0 0 0 0 0 0 0 0 0 0 0 0 0 1.2 0 0 NA 0 0 0 0 0
19990503 0 0 0 0 0 0 0 0 0 0 0 0 0 0 0.8 0 0 NA 0 0 0 0 0
19990504 0 0 0 0 0 0 0 0 0 0 0 0 0 0 0.2 0 0 NA 0 0 0 0 0
19991203 0 0 0 0 0 0 0 0 0 0 0 0 0 0 0 0 0 NA 0 0 0 0 0
19991204 0 0 0 0 0 0 0 0 0 0 0 0 0 0 0 0 0 NA 0 0 0 0 0
19991205 0 0 0 0 0 0 0 0 0 0 0 0 0 0 0.2 0 0 NA 0 0 0 0 0
19991206 0 0 0 0 0 0 0 0 0 0 0 0 0 0 0.2 0 0 NA 0 0 0 0 0
19991207 0 0 0 0 0 0 0 0 0 0 0 0 0 0 0.2 0 0 NA 0 0 0 0 0
19991208 0 0 0 0 0 0 0 0 0 0 0 0 0 0 0.2 0 0 NA 0 0 0 0 0
19991209 0 0 0 0 0 0 0 0 0 0 0 0 0 0 0 0 0 NA 0 0 0 0 0
19991210 0 0 0 0 0 0 0 0 0 0 0 0 0 0 0.1 0 0 NA 0 0 0 0 0
19991211 0 0 0 0 0 0 0 0 0 0 0 0 0 0 0.2 0 0 NA 0 0 0 0 0
19991212 0 0 0 0 0 0 0 0 0 0 0 0 0 0 0.5 0 0 NA 0 0 0 0 0
19991213 0 0 0 0 0 0 0 0 0 0 0 0 0 0 0.6 0 0 NA 0 0 0 0 0
19991214 0 0 0 0 0 0 0 0 0 0 0 0 0 0 0.8 0 0 NA 0 0 0 0 0
19991215 0 0 0 0 0 0 0 0 0 0 0 0 0 0 1.3 0 0 NA 0 0 0 0 0
19991216 0 0 0 0 0 0 0 0 0 0 0 0 0 0 1.9 0 0 NA 0.8 0 0 0.1 0
19991217 0 0 0 0 0 0 0 0 0 0 0 0 0 0 2.4 0 0 NA 0.8 0 0 0.1 0
19991218 0 0 0 0 0 0 0 0 0 0 0 0 0 0.3 2.3 0 0 NA 3.7 0 0 0.1 0
19991219 0 0 0 0 0 0 0 0 0 0 0 0 0 2.1 2.7 0 0 NA 9.5 5 5 2.8 0
19991220 0 0 0 0 0 0 0 0 0 0 0 0 0 2.4 2.6 0 0 NA 9.5 5 5 2.8 0
19991221 0 0 0 0 0 0 0 0 0 0 0 0 0 2.7 2.3 0 0 NA 13.1 5 5 2.8 0
19991222 9.1 0 0 0 0 0 0.3 0 0 0 0 0 0 2.3 2.7 0.1 0 NA 23.9 11.7 6.5 3.1 0
19991223 19.7 0 0 0 0 0 0.7 0 0 0 0.1 0 0 0.5 2.5 0 0 NA 34.7 17.1 4.4 1.4 0
19991224 29.5 0 0 0 0 0 1.2 0 0 0 0.1 0 0 0 2.8 0.1 0 NA 44.4 25.5 5.3 1.6 0
19991225 31.6 11.8 0 0 0 0 1 0 0 0 0.5 0 0.6 0.1 2.9 0.1 20 NA 43.6 30 6.3 1.9 0
19991226 34.9 23.6 0 0 0 0 0.6 0 0 0 1 0 3.4 0.2 2.8 0.1 49.9 NA 41.1 34.8 6.6 1.9 0.3
19991227 36.3 29.5 0 0 0 0 0.3 0 0 0 1.4 0 4 0.3 2.8 0.2 69.9 NA 40.9 39.2 7.3 2 0.3
19991228 38.6 41.3 0 0 0 0 0 0 0 0 1.9 0 4.6 0.3 2.8 0.2 94.8 NA 37.9 41.9 7.7 1.9 0.3
19991229 38.2 41.6 0.1 0.8 0.2 0 0.5 0 0 0.1 3.8 0 5.3 0.3 3.2 0.2 89.6 NA 44 51.4 9.8 4.4 0.3
19991230 38.2 43.3 0.3 1.4 0.4 0 1.2 0 0 0.3 7 0 5.9 0.3 3.5 0.1 82.6 NA 46.5 62 12.3 7.3 0.1
19991231 38.1 42.6 0.4 2.2 0.6 0 1.7 0 0 0.4 8.9 0 6.9 0.3 3.9 0.1 75.6 NA 50.3 71.3 15.9 10.4 0.1
20000101 39.2 47.4 0.3 1.7 0.5 0 1.2 0 0 0.5 8.4 0 6 0.3 3.7 0.1 75.9 NA 50.7 78 15.8 9.3 0.1
20000102 41.2 53 0.3 1.1 0.4 0 0.9 0 0 0.6 8.1 0 6.1 0.2 3.5 0.1 79.4 NA 51.8 86.5 12 7.2 0.1
20000103 42.2 56 0.1 0.6 0.2 0 0.5 0 0 0.7 7.7 0 4.7 0.1 3.3 0.1 76.5 NA 52.2 92 9.7 4.7 0
20000104 43.1 60.3 0 0 0.1 0 0 0 0 0.9 7.2 0 4.2 0 3 0.1 80 NA 52.9 98.5 7.7 3.2 0
20000105 38.4 51.8 0 0.1 0.3 0 0 0 0 0.8 6 0 4.5 1.5 3.7 0.1 80 NA 53 96.3 8.9 5.3 0
20000106 34.9 41.2 0 0.3 0.5 0 0 0 0 0.7 5.1 0 5.4 2.5 4.3 0.1 80 NA 53.2 94.2 10.3 8.2 0
20000107 31.1 31.6 0.1 0.5 0.8 0 0 0 0 0.6 4.1 0 5.6 4 5 0.1 80 NA 53.4 90.3 11.5 10.3 0
20000108 40.3 32.6 0.1 0.6 0.7 0.1 0 0 0 0.5 6 0 5.4 3.3 5 0.1 67.7 NA 55.7 90.1 10 9.5 0
20000109 48.5 29.3 0 0.5 0.4 0.1 0 0 0 0.4 8.1 0 5.5 2.4 4.8 0.1 59.1 NA 59.2 90.9 8.1 10.8 0
20000110 56.4 28 0 0.5 0.2 0.2 0 0 0 0.3 9.8 0 4.4 1.9 4.6 0.1 46.8 NA 58.7 90.6 6.5 9.6 0
20000111 63.9 26.5 0 0.5 0 0.2 0 0 0 0.1 11.9 0 4.2 0.9 4.3 0.1 39.4 NA 61 90.2 4.6 8.9 0
20000112 70.1 30.6 0.1 0.4 0.5 0.3 0.2 0 0 0.7 12.9 0 5.2 3.1 6.6 0.2 53 NA 58 94.1 6.8 15.8 0
20000113 74.9 34.9 0.1 0.2 1.3 0.3 0.3 0 0 1.2 14.5 0 6.4 5 8.7 0.3 71.5 NA 55.9 95 9.3 21.5 0
20000114 81.2 39.7 0.2 0 1.8 0.4 0.5 0 0 1.7 15.4 0 8.2 7.3 11 0.4 80.2 NA 53.1 97.8 12.8 29 0
20000115 82 46.9 0.2 0.6 1.6 0.4 1.6 0 0 1.5 16.5 0 9.6 7.4 10.3 0.5 80.2 NA 52.5 97.7 16.8 30.9 0
20000116 85.6 57.2 0.2 1 1.4 0.5 3.3 0 0 1.4 19.4 0 10.2 7.6 9.6 0.7 90.1 NA 50.2 98.3 20.7 33.5 0
20000117 86.4 64.4 0.2 1.6 1.3 0.5 4.4 0 0 1.3 20.5 0 10.2 7.6 8.6 0.7 90.1 NA 48.3 98.2 24.1 35 0
20000118 88.5 72.6 0.2 2 1.1 0.5 5.9 0 0 1 22.4 0 11.1 7.7 7.6 0.9 95 NA 46.8 98.2 27.3 36.9 0
20000119 89.4 77.9 2.8 9.6 8.2 2.1 8.4 1.5 0.3 2 34.6 3.3 22.7 7.9 8.8 0.8 95 NA 57.2 98.4 28.9 43.5 2.3
20000120 91.9 83.2 5.6 21 17.8 4.4 11.7 3.7 0.7 3 45.4 6.6 34.2 8.1 10.5 0.9 95 NA 69.2 99.9 31.2 50.2 4.5
20000121 93.6 88.7 8.2 28.8 25 6 14.3 5.2 1 4.1 57.8 9.9 46.3 8.2 12 0.8 95 NA 79.6 100 32.7 56.9 6.9
20000122 94.5 89.6 13.4 37.1 21.4 6.9 17 5.7 0.9 3.8 55.2 11.5 49.7 7.4 11.5 1.1 95 NA 82.4 100 37.5 58.7 7.7
20000123 95.4 92.4 20.3 47.9 18.2 8.3 20.9 6.7 1 3.9 52.9 13.1 53.1 6.2 11.2 1.4 95 NA 86.3 100 41.2 62.3 8.4
20000124 94.6 92.6 24.6 56 14.4 9 23.3 6.7 0.7 3.5 49.7 13.6 55 5 10.3 1.3 94 NA 88.8 100 40.6 62.8 8
20000125 95.1 93.8 29.9 64 10.3 9.7 25.7 7.2 0.6 3.1 47.3 14.7 58.3 3.6 9.6 1.5 94 NA 91.2 100 44.5 64.4 8.5
20000126 95.2 93.3 46.1 63.5 15.4 9.5 24.6 11.3 2.6 7.4 54.5 14.1 56 9.1 14.2 3.3 94 NA 88.6 100 59.8 65.4 7.9
20000127 97.8 93.6 64.2 64.6 18.2 9 24.2 17.6 4.1 10.2 66.1 12.2 54.1 15.8 19.4 4.8 95 NA 88.6 100 75.4 66.1 7
20000128 97.9 93.1 80.7 63.9 23.3 8.8 23.1 21.7 6.2 14.4 73.1 11.6 51.3 22 24.3 6.5 95 NA 85.4 100 93.2 66.8 6.4
20000129 97.8 93.6 82 68.3 20 8.4 24.4 17.9 4.8 11.8 68.2 12.9 57.6 17.5 20.8 5.5 95 NA 85.3 100 88.3 66.7 7.1
20000130 99.8 94.5 87.3 77.5 16.4 8.4 27.4 14.8 3.5 9.3 63.9 14.7 65.4 14 18.1 4.5 95.1 NA 87.7 100 84 67.7 8.9
20000131 99.7 95 88.7 81.9 10.3 7.4 27.7 10.5 1.3 4.6 56.8 14.3 71.5 9 14.2 2.8 95.1 NA 86.4 100 77.3 67.5 9.3
20000201 99.6 95.3 90.4 87.6 6.6 7.1 29.6 5.9 0 1.8 51.3 15.7 78.7 4.9 10.6 1.7 95.1 NA 87.2 100 72.4 66.8 10.1
20000202 99.7 90.5 89.1 78.7 5.7 5.4 23.8 6 0.1 2.3 54.5 11.6 65.3 4.2 11.1 3.2 94.9 NA 78.3 99.9 79.7 64.7 7.5
20000203 99.8 86.1 87.1 68.7 4.6 4 18.8 6.2 0.2 2.6 57.8 9 54 3.6 11.1 4.6 99.6 NA 70.3 99.7 87.2 61.9 5.6
20000204 99.9 79.4 84.9 56.6 3.7 2.5 13.4 6.4 0.3 3.3 60.9 4.9 40.7 2.9 11.7 6.5 99.3 NA 62.6 99.6 95.7 60.1 3.1
20000205 99.9 82.6 86.5 57.8 6.5 4 18.2 7.8 1.7 4.1 60.7 4.8 41.5 3.4 12 6.4 98.7 NA 69.9 99.7 94.4 58.9 2.6
20000206 99.9 86.9 88.7 59 8.2 5.6 25.5 9.8 3.6 5.2 60.9 4.5 40.9 4.4 11.8 6.1 97.6 NA 79.9 99.8 93.2 58.8 2
20000207 98.8 89.6 90.3 58.9 11 7.1 30.3 10.8 4.8 5.8 58.8 4.3 41.1 4.9 11.7 5.5 92.6 NA 87.1 99.9 89.6 57.5 1.4
20000208 98.8 93.6 92.2 59.5 12.7 8.6 36.1 12.3 6.2 6.6 58.4 4.1 40.2 5.6 11.5 5.2 91.5 NA 95.7 100 88.5 55.7 0.8
20000209 97.4 89.4 91.2 59.6 12 7.4 29 9.7 4.2 5 56 3.2 45.2 6 11.3 5.2 91.1 NA 89.1 99.9 79.9 55.9 0.7
20000210 94.7 88 91 60.8 10.5 4.6 22.8 6.8 2.1 3.2 52.7 2.5 49.2 6.4 11.1 4.7 96.1 NA 84.3 99.8 70.7 55.4 0.4
20000211 93.1 82.1 89 59.6 9.9 3.3 16.2 4.3 0.2 1.7 50.2 1.8 53.1 6.8 11 4.6 95.7 NA 76.3 99.7 61.4 55.7 0.3
20000212 93.9 80.8 87.3 59.4 10.9 3.3 18.7 4.1 0.2 2.3 52.4 2.1 55.1 14.5 13.9 6.5 96.3 NA 78.2 99.8 66.9 58.3 1
20000213 94 79.6 85.7 60.6 12 2.8 22.1 4.5 0.3 3 56.5 2.6 57.9 24.3 17.9 9.4 96.5 NA 80 99.8 70.6 59.4 2.1
20000214 94.6 80.2 84.9 60.1 12.9 2.8 24.9 4.1 0.4 3.8 59.7 3.1 59.8 32.4 21.6 11.4 97.2 NA 84.2 99.9 76.7 61.6 2.9
20000215 95.1 77.5 82.9 57.9 14.5 2.3 27.5 4.3 0.4 4.8 62.2 3.1 61.2 45.5 24.1 13.1 93.6 NA 85.9 99.9 83.5 61.9 3.3
20000216 95.6 76.4 80.9 56 15.6 2.3 31.3 4.1 0.6 5.5 65.8 3.5 64.7 55.8 28.9 16 93.6 NA 88.4 99.9 87.3 63.8 4.6
20000217 95.9 76.1 80.1 59.1 16.5 2 33.6 4.3 0.6 6.1 69.1 4.1 65.9 63 30.9 17.9 94.4 NA 90.4 100 93 65.1 5.1
20000218 96.5 74.6 77.7 57.2 17.6 1.8 36.5 4.1 0.7 6.8 72.1 4.5 68.4 72.2 35.1 20.3 94.7 NA 93 100 97.8 66.8 6.1
20000219 95.3 75.4 80.8 56.3 15.9 2.1 35.3 3.7 0.5 5.3 64.9 3.4 59.2 58.2 32 20.1 93.7 NA 89.2 100 97.8 62.5 4.5
20000220 93 76.7 82.5 53.2 14.6 2.3 34.5 3.6 0.4 3.7 58 2.3 51.2 44.2 28.5 20.8 93.5 NA 85.2 100 98.1 59.1 3.2
20000221 91.1 75.3 82.9 48.7 12.9 2.6 32.1 3 0.1 1.7 48.9 1.1 39.9 28.2 24 20 92.2 NA 78.8 100 96.2 54 1.4
20000222 88.9 75.5 85.1 45.7 10.6 2.7 29.3 2.5 0 0.1 42.4 0 31.8 13.9 20.2 20.2 91.4 NA 74.2 100 96.2 50.2 0
20000223 89.8 72 84.4 44.4 7.8 2.5 30.7 1.5 0 0.3 46 0 32 13.2 18.3 16.8 90.8 NA 70.8 99.9 88 49.1 0
20000224 92 70.6 87 48.6 6.3 2.4 33.3 1 0 0.5 47.8 0 30.9 14.1 16.7 13.6 89.7 NA 70.2 99.8 80.3 48.9 0
20000225 91.5 66.8 85.2 46.8 3.6 2.1 35 0 0 0.7 51.6 0 31.2 13.4 15.1 10.2 89.2 NA 66.9 99.7 72.7 47 0
20000226 91.1 54.7 73 39.7 3.6 1.8 29.1 0 0 0.8 51 0 30.3 10.8 13.9 9.7 78.9 NA 65.9 99.7 75.5 45.3 0
20000227 92.1 45.6 62.6 38.3 3.4 1.6 24.8 0 0 0.6 51.1 0 30.6 9.9 11.9 8.6 72.6 NA 65.4 99.8 76.8 43.9 0
20000228 91.2 33.5 51.9 31.1 3.3 1.4 17.5 0 0 0.5 49.4 0 30.4 7 10.3 7.8 60.8 NA 64 99.9 78.8 42.2 0
20000229 91.5 23 39.5 27.7 3.2 0.9 10.6 0 0 0.4 47.9 0 28.5 4.5 8 6.4 53 NA 62.1 100 77.9 40.4 0
20000301 87.3 20.3 32.2 26.1 3 0.5 6.9 0 0 0.8 39.3 0 24.7 4.2 7.2 4.2 42.5 NA 56.2 99.4 65.4 36.4 0
20000302 81.7 14.5 22.1 24.8 3.3 0.3 4.8 0 0 1.3 30.4 0 22.6 3.8 6.2 2.9 29.9 NA 50.7 96 52.4 33.1 0
20000303 75.6 10.2 11.9 22.9 3.2 0.1 1.7 0 0 1.8 21.3 0 20.2 3.3 5.2 1.2 17.3 NA 44.8 95.2 38.5 29 0
20000304 77.2 9.9 9.2 22 2.9 0.3 1.6 0 0 1.6 20 0 19.2 3.1 5.1 1 15.1 NA 45.6 95.8 40.2 29.1 0
20000305 79.7 9.5 9.2 19.4 2.6 0.5 1.7 0 0 1.2 20.3 0 17.1 3 5.1 0.8 10.7 NA 47.1 98.5 41.4 29 0
20000306 80.4 4.7 2.9 15.2 1.7 0.6 1.6 0 0 1 17.9 0 15.1 2.5 4.6 0.5 4.5 NA 44.9 98.7 42 29 0
20000307 81.6 4.4 0.1 12.5 1.5 0.7 1.3 0 0 0.6 17.5 0 13.4 2.4 4.5 0.2 0.1 NA 45.6 99.1 42.6 28.9 0
20000308 69.1 2.8 0.1 10.1 1.3 0.5 0.8 0 0 0.5 17.5 0 13.5 1.7 4.2 0.2 0.1 NA 30.4 95.2 44.2 28.9 0
20000309 56.6 1.4 0 7.7 0.9 0.2 0.5 0 0 0.4 18 0 13.3 1.2 3.9 0.1 0.1 NA 15.9 90.5 46.3 30 0
20000310 43.9 0 0 5.4 0.8 0 0.1 0 0 0.4 17.7 0 13 0.5 3.6 0.1 0 NA 3.2 84.9 47.3 30 0
20000311 46 0 0 4.8 0.8 0 0.1 0 0 0.3 17.2 0 12.1 0.4 3.5 0.1 0 NA 3.2 87.7 48.6 28.2 0
20000312 49.8 0 0 4.6 0.5 0 0 0 0 0.2 17.2 0 11.7 0.2 3.5 0.1 0 NA 3.2 88 46.8 27.3 0
20000313 48.4 0 0 3.8 0.4 0 0 0 0 0.1 15.9 0 10.8 0.1 3.3 0.1 0 NA 0 89.2 46.8 24.9 0
20000314 49.8 0 0 3.4 0.3 0 0 0 0 0 14.4 0 9.8 0 3.2 0.1 0 NA 0 90.1 43.7 23.2 0
20000315 43 0 0 2.6 0.3 0 0 0 0 0.1 13.2 0 9.1 0.1 3.2 0.1 0 NA 0 88.8 42.9 23.7 0
20000316 33.4 0 0 1.8 0.4 0 0 0 0 0.2 12.3 0 7.9 0.3 3.4 0.1 0 NA 0 85.6 46.9 23.8 0
20000317 26 0 0 1 0.4 0 0 0 0 0.4 11.5 0 7.2 0.5 3.5 0.1 0 NA 0 82.3 46.3 24.1 0
20000318 24.1 0 0 1.3 0.3 0 0 0 0 0.4 10.1 0 6.5 0.4 3.4 0.3 0 NA 0 85.9 41.7 21.7 0
20000319 19.2 0 0 1.5 0.3 0 0 0 0 0.2 7.3 0 6.1 0.2 3.2 0.4 0 NA 0 86.5 31.6 19.1 0
20000320 14.1 0 0 1.8 0.1 0 0 0 0 0.1 4.5 0 5.6 0.1 3 0.6 0 NA 0 87.7 26.2 16.3 0
20000321 9.5 0 0 1.9 0 0 0 0 0 0 1.7 0 4.9 0 2.9 0.8 0 NA 0 89.6 18 13.2 0
20000322 11.2 0 0 1.2 0 0 0 0 0 0 1.4 0 4.2 0.1 2.9 0.6 0 NA 0 82.4 17 13.5 0
20000323 12.9 0 0 0.6 0.1 0 0 0 0 0 0.6 0 3.7 0.2 2.9 0.4 0 NA 0 73.9 15.7 14 0
20000324 15.4 0 0 0.1 0.1 0 0 0 0 0 0.2 0 2.7 0.2 2.8 0.2 0 NA 0 66.8 13.9 14.7 0
20000325 13.8 0 0 0.1 0.1 0 0 0 0 0 0.1 0 2.4 0.2 2.8 0.1 0 NA 0 58.2 12.5 13.3 0
20000326 11.6 0 0 0.4 1.5 0 0 0 0 0.1 1.4 0 3.2 0.1 4 0.6 0 NA 0 46.4 9.4 11.2 0
20000327 9.8 0 0 0.4 1.5 0 0 0 0 0.1 1.3 0 2.9 0.1 3.9 0.6 0 NA 0 34.6 8.1 9.6 0
20000328 6.1 0 0 0.4 1.5 0 0 0 0 0.1 1.3 0 2.4 0 3.8 0.5 0 NA 0 24.1 5.9 7.5 0
20000329 6.1 0 0 0.4 1.5 0 0 0 0 0.1 1.3 0 2.4 0 3.7 0.5 0 NA 0 29.1 6.2 7.5 0
20000330 1.1 0 0 0 0 0 0 0 0 0 0 0 1.5 0 2.3 0 0 NA 0 30.3 1.6 6.1 0
20000331 1 0 0 0 0 0 0 0 0 0 0 0 1.5 0.1 2.3 0 0 NA 0 34.2 1.7 6 0
20000401 0.8 0 0 0 0 0 0 0 0 0 0 0 1.5 0.1 2.2 0 0 NA 0 25.7 1.4 5.1 0
20000402 1.1 0 0 0 0 0 0 0 0 0 0 0 1.5 0 2.3 0 0 NA 0 18.9 4.8 4.5 0
20000403 0.9 0 0 0 0 0 0 0 0 0 0 0 0 0 2.1 0 0 NA 0 10.4 4.5 3.6 0
20000404 0.7 0 0 0 0 0 0 0 0 0 0 0 0 0 2.1 0 0 NA 0 5 4.2 2.5 0
20000405 0.7 0 0 0 0 0 0 0 0 0 0 0 0 0 2 0 0 NA 0 5 4.2 2.3 0
20000406 0 0 0 0 0 0 0 0 0 0 0 0 0 0 1.6 0 0 NA 0 0 0 0.8 0
20000407 0 0 0 0 0 0 0 0 0 0 0 0 0 0 1.6 0 0 NA 0 0 0 0.6 0
20000408 0 0 0 0 0 0 0 0 0 0 0 0 0 0 1.4 0 0 NA 0 0 0 0.6 0
20000409 0 0 0 0 0 0 0 0 0 0 0 0 0 0 1.5 0 0 NA 0 0 0 0.6 0
20000410 0 0 0 0 0 0 0 0 0 0 0 0 0 0 1.3 0 0 NA 0 0 0 0.3 0
20000411 0 0 0 0 0 0 0 0 0 0 0 0 0 0 1.2 0 0 NA 0 0 0 0.3 0
20000412 0 0 0 0 0 0 0 0 0 0 0 0 0 0 1.1 0 0 NA 0 0 0 0.2 0
20000413 0 0 0 0 0 0 0 0 0 0 0 0 0 0 1 0 0 NA 0 0 0 0.2 0
20000414 0 0 0 0 0 0 0 0 0 0 0 0 0 0 0.9 0 0 NA 0 0 0 0.2 0
20000415 0 0 0 0 0 0 0 0 0 0 0 0 0 0 0.9 0 0 NA 0 0 0 0.2 0
20000416 0 0 0 0 0 0 0 0 0 0 0 0 0 0 0.7 0 0 NA 0 0 0 0.1 0
20000417 0 0 0 0 0 0 0 0 0 0 0 0 0 0 0.6 0 0 NA 0 0 0 0.1 0
20000418 0 0 0 0 0 0 0 0 0 0 0 0 0 0 0.4 0 0 NA 0 0 0 0 0
20000419 0 0 0 0 0 0 0 0 0 0 0 0 0 0 0.4 0 0 NA 0 0 0 0 0
20000420 0 0 0 0 0 0 0 0 0 0 0 0 0 0 0.4 0 0 NA 0 0 0 0 0
20000421 0 0 0 0 0 0 0 0 0 0 0 0 0 0 0.4 0 0 NA 0 0 0 0 0
20000422 0 0 0 0 0 0 0 0 0 0 0 0 0 0 0.3 0 0 NA 0 0 0 0 0
20000423 0 0 0 0 0 0 0 0 0 0 0 0 0 0 0.2 0 0 NA 0 0 0 0 0
20000424 0 0 0 0 0 0 0 0 0 0 0 0 0 0 0.1 0 0 NA 0 0 0 0 0
20000425 0 0 0 0 0 0 0 0 0 0 0 0 0 0 0 0 0 NA 0 0 0 0 0
20000426 0 0 0 0 0 0 0 0 0 0 0 0 0 0 0 0 0 NA 0 0 0 0 0
20000427 0 0 0 0 0 0 0 0 0 0 0 0 0 0 0 0 0 NA 0 0 0 0 0
20000428 0 0 0 0 0 0 0 0 0 0 0 0 0 0 0 0 0 NA 0 0 0 0 0
20001201 0 0 0 0 0 0 0 0 0 0 0 0 0 0 0.8 0 0 NA 0 0 0 0 0
20001202 0 0 0 0.1 0 0 0 0 0 0 0 0 0.8 0 0.8 0 0 NA 0 0 0 0 0
20001203 4.9 1.2 0 0.4 0 0 0 0 0 0 0 0 1.5 0.1 0.8 0 5 NA 0 5 0.5 1.4 0
20001204 4.9 1.2 0 0.5 0 0 0 0 0 0 0 0 2.3 0.1 0.9 0 5 NA 0 5 0.5 1.4 0
20001205 4.9 1.2 0 0.6 0 0 0 0 0 0 0 0 3.1 0.1 0.8 0 5 NA 0 5 0.5 1.4 0
20001206 11.5 1.6 0 1 0 0 0 0 0 0 0 0 3 0.1 1.2 0 5 NA 0.4 9.2 1.6 2.7 0
20001207 16.2 1.6 0 1.2 0 0 0 0 0 0 0 0 2.8 0 1.4 0 5 NA 0.8 14.5 2.2 3 0
20001208 18.7 3.2 0 2.8 0.1 0.1 0.4 0 0 0 0.1 0 3 0 1.7 0 20.2 NA 11.3 22 3.5 3 0
20001209 24.1 4.1 0 5.5 1.9 1.1 2.1 0 0.2 1 5.2 0.2 3.8 3 3.2 1 32.4 NA 27.9 29 9.5 6 0
20001210 26.6 5.5 0 7.1 2 1.1 2.5 0 0.2 1 5.3 0.2 3.9 3 3.4 1 44.7 NA 38.4 36.6 10.7 6.1 0
20001211 28.3 6.7 0 8.5 2 1.2 2.9 0 0.2 1 5.4 0.3 4.3 3 3.7 1 59.9 NA 50.7 41.1 12 6.2 0
20001212 28.4 17.5 0 6.7 2 1.1 3.5 0 0.2 1 5.6 0.2 4.1 4.2 3.9 1 68 NA 55.5 48.4 11.4 7.5 0
20001213 26.5 27.2 0 4.5 0.3 0.1 3.3 0 0 0.1 1.2 0 3.8 2.4 3.1 0.1 79.4 NA 61.8 56 7.4 6 0
20001214 26.5 39.1 0 2.6 0.3 0 3.8 0 0 0.1 1.5 0 3.7 3.2 3.2 0.1 84 NA 64.3 61.7 6.3 6.8 0
20001215 29.2 43.9 0.5 2.6 0.3 0.1 4.1 1.3 0 0.1 2.2 0 3.6 3.2 3.2 0.1 83.7 NA 65.1 60.3 6.5 6.8 0
20001216 31.3 50.8 1 2.7 0.3 0.3 4.5 2.5 0 0.2 3.2 0 3.6 3.1 3.2 0.1 84.2 NA 64.7 59.2 5.6 7 0
20001217 34 55.5 1.5 2.7 0.3 0.4 4.9 3.8 0 0.2 3.8 0 3.6 3.1 3.2 0.1 90.3 NA 65.5 60.5 5.7 7.2 0
20001218 37.9 61.1 1.5 2.8 0.3 0.5 5.6 3.8 0 0.3 4.4 0 3.7 3.1 3.3 0.1 90.4 NA 67.7 59.7 6 7.4 0.1
20001219 40.1 65.7 2 2.8 0.4 0.6 6 5.1 0.1 0.4 5.5 0 3.7 2.8 3.2 0.1 90.6 NA 67.8 58.6 5.7 7.4 0.1
20001220 43.5 72.7 2.5 2.8 0.4 0.7 6.3 6.3 0.1 0.4 6.1 0 3.6 2.8 3.3 0.1 93.4 NA 68.7 58.7 5.6 8 0.1
20001221 45.4 76.9 3 2.9 0.4 0.9 6.7 7.6 0.1 0.5 6.9 0 3.6 2.8 3.2 0.1 93.5 NA 68.8 57.4 5.3 7.9 0.1
20001222 50.2 82.1 10 5.3 2.5 2.2 8.2 10.7 0.1 0.7 11.3 0 4 3.4 4.3 0.2 94.2 NA 72.1 66.1 6.2 13.3 0.5
20001223 55.1 88 20.4 10.2 6.6 5.5 12.4 14.3 1.8 3.2 18.4 0.1 7.5 8.1 7.3 1.7 94.7 NA 79.2 79.7 12.1 22 1.4
20001224 59.5 90.7 27.4 12.7 8.4 6.8 13.9 17.4 1.8 3.4 22.5 0.1 7.9 8.7 8.3 1.8 94.3 NA 82.4 88.3 12.9 26.9 1.4
20001225 62 94.4 35 14.9 10.5 8.5 15.6 19.2 1.8 3.5 26.1 0.1 8.1 9.5 9.3 1.9 95 NA 86.7 96.5 13.9 32.1 1.7
20001226 68.6 90.2 41.2 17 8.5 6.4 14.5 19.9 1.8 4.1 32.7 1.1 8.2 8.9 9.6 1.8 94.9 NA 82.8 96.5 13.7 35.5 1.7
20001227 74.8 88.2 47.5 17.7 6 3.5 11.1 18.7 0.2 2.5 37.5 1.6 5.1 4.8 8.1 0.2 94.8 NA 79.2 93.8 10.4 36 1.1
20001228 80 82.6 51.1 19.1 4.3 1.7 9.8 18.6 0.1 2.8 43.3 2.6 5.3 4.1 8 0.1 94.7 NA 74.9 93.6 10.2 39.1 1.1
20001229 81.8 85.4 54.5 28 4.5 1.9 10.4 28.2 1.1 2.5 41.8 2.6 5.8 6.3 9.2 0.2 94.8 NA 72.6 93.6 10.3 40.5 0.9
20001230 89.5 92.6 64 41.3 7 4.1 14.1 39.7 4.4 4.4 44.2 6.9 10.2 13.3 12.3 1.8 99.8 NA 72.4 96.6 15.2 45.6 3
20001231 91.3 95.3 66.9 47.9 7.1 4.2 14.6 49 5.4 4.1 42 6.9 11.1 15.3 13.1 1.9 99.9 NA 70.1 96.2 15.3 45.8 2.7
20010101 96 98.6 71.6 58 7.2 4.4 15.9 57.7 6.5 3.9 40.9 6.8 11.9 17.5 14.3 2 100 NA 68.7 97.7 15.8 47.3 2.5
20010102 96 95.4 74.3 54.8 8.3 4.3 14.6 48.1 6.5 5.2 41.4 10.9 14.3 14.4 13.2 2.4 99.8 NA 74.9 97.1 17.6 43.3 3.9
20010103 97.5 93.1 77.5 50 7.7 2.4 12 38.2 5.3 4.4 41.7 10.6 15.3 7.5 10.5 1.5 99.6 NA 80.4 98.2 18.6 39.3 2.9
20010104 97.5 89.6 78.1 45.4 9.2 2.2 11.3 28.3 5.7 5.6 41.6 13.5 18.9 4.5 9.4 1.9 99.5 NA 85.9 97.8 21.2 35.3 3.8
20010105 96.1 90.8 80.4 51 9.9 3.2 12.9 25.5 4.7 4.6 42.8 9.9 18.2 3.9 10.2 1.4 99.4 NA 84.7 98.2 22.7 40.1 3
20010106 96.1 92.4 82.3 56.7 12.3 6.1 16.7 22 4.3 5.7 48.4 11.4 22.4 8.2 14 3.2 99.5 NA 84.9 98.6 24.2 47.7 6.9
20010107 92.3 92.4 83.6 62.6 12.9 7.1 18.2 19.5 3.4 4.7 49.2 8.6 21.4 7.7 14.8 2.8 99.6 NA 82.4 98.8 25.2 52.4 6.3
20010108 92.2 93.6 85.1 68.1 13.1 8.1 19.6 16.1 1.9 4 51.1 5 21.2 7.2 15.6 2.4 99.4 NA 81.9 99.2 25.9 57.1 5.4
20010109 92.1 90.3 85.2 62.5 12.6 6.5 17.6 16.8 2.3 5 49 5.3 25.4 8.2 14.6 2.7 99.1 NA 81.2 99.1 31.7 54.3 6.5
20010110 92.1 89.6 86.6 52.2 11 3.6 14.4 16.6 1.4 4 47.9 0.5 27 4.4 10.7 0.5 98.4 NA 82.3 98.9 35.1 50.8 2.9
20010111 91.9 86.4 87.2 42.9 10.9 2.1 12.5 16.6 1.6 5.1 47.3 0.7 29.2 5.1 9.6 0.7 98.1 NA 81.4 98.8 40.3 47.2 3.6
20010112 93.6 89.7 89 49.4 9.7 3.8 15.9 18 2.6 6.1 52.6 1.1 31.7 4.2 10.5 1.1 98.4 NA 84.6 99.1 40.5 47 3.6
20010113 95.2 93 90.8 54.5 7.3 6.2 19.8 18.5 4 7.4 58.8 1.4 34.9 3.7 11.7 1.5 99 NA 85.5 99.2 45.2 49.6 3.5
20010114 96.8 93.4 90.2 60.3 6 7.8 22.7 19.2 4 7.5 61.2 1.7 36.2 2.7 12.6 1.9 99.2 NA 88.5 99.5 43.3 49.2 3.2
20010115 97.1 96.3 91.9 65.4 3.5 9.4 25.3 19.4 4.9 8.2 65.8 2.1 38.7 1.7 13.3 2.3 99.4 NA 88.3 99.4 43.3 48.8 3.1
20010116 96.2 89.6 81.8 66.5 3.5 7.5 21.1 14.6 3.3 5.7 56.5 1.6 35.5 1.2 11.1 1.8 99.3 NA 79.3 98.8 38.8 49.4 2.5
20010117 95.9 80.5 72.6 70.3 3.7 5.5 17.8 8.9 1.7 3.6 47 0.5 33.3 0.8 9.2 1.1 99.2 NA 73.7 98.3 40.8 50.8 1.1
20010118 93.9 74.2 63 70.7 3.5 3.6 13.4 3.7 0.5 1.2 37 0 31.3 0.3 6.8 0.6 99 NA 64.6 96.9 36.3 50.9 0.4
20010119 94.4 79.1 71.5 68 9.7 7.3 17.6 8.4 1.1 2 39.6 0 42.4 1.3 8.2 1.5 99.2 NA 72.3 98.2 38 51.3 1.1
20010120 96.3 84.5 78.5 63.1 16.6 12 23.7 12.5 1.5 2.6 43.2 0 53 2.4 10 2 99.5 NA 82.3 98.4 42.9 53.2 1.6
20010121 96.5 87.8 85 57.3 20.2 15.1 26.9 16.5 2.2 3.6 44.9 0 64.1 3.4 11.1 2.9 99.5 NA 86.9 99 39.4 52.9 2.2
20010122 97.7 92.2 93.4 52.7 26.6 19.1 30.7 21 2.6 4 47.4 0 72.5 4.2 12.4 3.3 99.6 NA 94.6 99.8 40.7 53.8 2.7
20010123 92.7 92.1 93 59.8 20 13.4 27.6 19.7 3 3.8 40.8 0 58.3 4.3 12.3 2.8 99.6 NA 89 99.7 40.9 49 2
20010124 87.8 90.8 92.7 63.5 11 7.7 25 17.9 3.1 3.8 34.5 0 44.3 3.9 12.3 2.1 99.6 NA 80.4 99.6 41.3 44.1 0.9
20010125 80.6 90.6 92.1 69.4 4.5 2.6 21.8 16.5 3.7 3.7 28.2 0 29 4 12.1 1.6 99.7 NA 74.8 99.5 41.7 39.1 0.1
20010126 83.4 89 92.3 73.6 8.5 3.4 25.2 18 4.3 4.3 31.1 0 35.6 4.4 12.1 2.1 99.4 NA 77.6 99.6 56.5 39.8 0.4
20010127 90 86.9 91.7 79.2 12.1 4.5 29.9 21.9 4.7 4.3 33.9 0 43.6 4.9 12.3 2.3 99.1 NA 79.2 99.7 64.1 41.1 0.7
20010128 92.6 82.9 90.5 83.6 14.5 5.3 31.3 23.4 5.3 4.9 35.4 0 48.4 5 12.2 2.8 98.7 NA 82 99.8 78 41.7 1.1
20010129 97.1 80.8 90 87.5 18.1 6 35.4 24.8 5.4 4.9 37.7 0 54.6 5.4 11.9 2.9 98.2 NA 84.4 99.9 87 42.9 1.2
20010130 95.9 82.7 90.7 88.8 13.5 6.4 30.7 23.9 5.5 4.1 34.1 0 48.5 4.7 11.2 2.2 97.7 NA 84 99.9 82.1 43.1 0.9
20010131 93.7 86.5 92.4 90.7 7.4 7.2 23.8 26.3 6.4 2.9 29.7 0 42.7 4.1 10.6 1.6 97.7 NA 82.2 100 78 41.6 0.7
20010201 93 89.5 93.6 92.2 2.8 7.5 18.9 25.4 6.6 2.3 26.2 0 36.7 3.5 10.2 0.9 97.1 NA 81.3 100 74.1 41.8 0.5
20010202 93.9 84.7 87.8 91.9 8.4 7.8 19.6 24.2 6.2 3.5 32.5 0 40.9 5 11.2 1.6 97.1 NA 79.7 100 79.9 46.9 0.5
20010203 96.5 79.3 80.3 91.7 14.5 8.2 19.1 23.1 5.7 4.9 40.2 0 44.7 6.8 12.6 2.4 97 NA 77.9 100 87.1 53.9 0.5
20010204 97.3 75.9 75.4 91.5 17.9 8.3 18.9 21.8 5.2 5.8 46.3 0 46.9 8.3 13.7 3 96 NA 75.6 99.9 92.7 58.8 0.5
20010205 97.9 69.5 67.7 90.5 23.5 8.3 18 19 4.5 6.8 52.3 0 49.9 9.6 14.4 3.5 95.9 NA 72.2 99.9 95.6 63.2 0.5
20010206 97.7 67.2 71.7 91.7 18.6 8.5 22.2 15.9 4.6 4.9 47.2 0 46.8 8.6 14 4.1 94.9 NA 76.1 99.9 95.5 59.1 0.4
20010207 95.7 61.1 71.8 92 12.5 8.2 25.4 12.3 4.5 3.3 42.5 0 41.7 7.9 13.5 4.9 93.9 NA 81.2 99.9 95.6 55 0.4
20010208 95.5 57.8 76 92.6 7.8 8.4 29.7 9.4 4.4 1.6 37.9 0 38.4 6.4 12.9 5.5 92.8 NA 85 99.9 95.4 50.8 0.4
20010209 95.5 67.9 79.7 93.5 12.4 10.2 28 9 5.3 2.4 42.9 0 42.2 11.6 17.1 8.4 94.9 NA 84 99.9 92 54.2 0.3
20010210 97.7 77.5 86.7 94.4 17.5 12.2 28.6 8.7 6.3 3.4 48.7 0 45.9 19.4 22.7 12.9 95.9 NA 85.9 100 90.6 59.8 0.2
20010211 97 84 89.2 93.4 20.2 13.1 26.2 7.4 6 4.1 53.4 0 49 24.2 26.6 15.3 95.2 NA 83.6 100 88.3 62.7 0.1
20010212 97 93.6 93.9 94.2 24.6 15.1 24.6 7.2 7 4.8 58.1 0 52.5 30.5 31.1 18.6 96.6 NA 82.5 100 86.1 66.3 0
20010213 95.9 84 87 93.4 23.2 14.1 25.7 6.7 6.6 6.3 57.5 0 53.6 29.4 29.4 16.1 92.8 NA 82.1 100 87.3 65.5 2.6
20010214 96.4 75.4 81 94 21.8 12 27.4 5.8 6.6 7.5 57.1 0 54.4 28.3 28.9 13.7 88.3 NA 81.9 100 86 64.6 5.2
20010215 94.4 63.8 73.5 93.2 20.4 10.9 28.5 5.2 6.1 9 54.3 0 55.6 26.6 27.2 11.4 83.2 NA 81 99.9 86.5 63.2 7.9
20010216 93.3 59.4 74.2 90.9 22.8 9.7 29.7 9.5 5.3 8.9 52.5 0 51.2 24.2 25.8 12.6 83.4 NA 82.7 100 87.9 65.7 6.4
20010217 94.4 59.7 76.4 89.4 26.6 9 31.5 14.2 4.4 8.3 53.6 0 48 22.4 24.8 14.3 86.7 NA 86.4 100 92.9 67.5 4.1
20010218 93.5 54.5 75.7 86.3 29.1 7.5 32.2 18.4 3.5 8.2 50.1 0 42.6 18.4 22.3 15.2 85.6 NA 86.9 100 93.7 69.2 2.4
20010219 93.3 51.3 76 84.6 31.6 6.3 33.6 22.9 2.6 7.5 49.9 0 39 16.3 20.6 16.4 87.2 NA 89.6 100 95.6 71.4 0
20010220 95 53 73.7 83.7 33.1 7.2 34.7 24.2 8.3 8.8 53.6 0.1 39.4 17.5 25.4 14.5 87.6 NA 91.7 100 97.7 67.4 0.1
20010221 96.3 56.3 70.5 84.1 31.5 8 33.9 24.8 12.5 9.3 58.9 0.2 39.8 18.3 29.5 12.1 89.2 NA 91.6 100 95.4 63.2 0.2
20010222 97.5 57.6 68 83 32.2 8.9 34.2 26.1 18.4 10.5 62.1 0.4 40.4 19.7 35 10.3 88.8 NA 91.9 99.9 96.4 57.1 0.3
20010223 93 50.5 67.5 83.7 27.5 8 30.2 20 13.8 9.1 58.2 0.4 38.4 19.3 32.1 12.1 84.2 NA 86.2 99.9 93.9 55.9 0.3
20010224 89.4 42.6 70.9 83.5 21.9 6.7 25.9 13.7 9.3 7.7 56.2 0.2 38.6 20.5 30.2 14.4 77.7 NA 80.1 99.8 92.6 54.3 0.3
20010225 85.7 36.3 70.1 83.9 16.8 5.6 21.7 6.8 4.5 6.1 50.7 0.1 36.5 20.4 26.7 15.4 70.5 NA 72.5 99.8 87.7 50.5 0.1
20010226 81.1 26.9 70 83.8 11.1 4.2 16.6 0.5 0.1 4.2 46.6 0 34.6 20.9 24.1 17.3 64.5 NA 66.1 99.7 86 48.8 0.1
20010227 86.2 25.2 62.1 81.7 11.4 4.2 21.8 2.8 0.1 3.4 47 0 38 26.5 37 22 73.6 NA 73.3 99.7 89.9 47.9 0.1
20010228 91.6 22.4 54.1 82 10.1 4.2 27.6 6.8 0.4 3.1 47.3 0 42.3 31.5 47.8 26.1 79.7 NA 80.5 99.6 94.8 48.1 0.1
20010301 95.2 21.5 44.9 79.2 10.3 4.2 32.9 9.1 0.4 2.6 47.7 0 45.8 36.8 60.6 30.8 85.3 NA 87.3 99.6 98.4 47.3 0.1
20010302 91.6 19.3 45.3 80.3 14.4 8.3 30.9 6.8 0.5 3.6 52.7 0 46.8 30 56 31.6 73.3 NA 77 99.6 97.9 53.2 0.5
20010303 88.7 17.3 45.8 81.1 18.8 13.5 28 5.7 0.7 4.9 58.9 0 47.5 23.4 52.3 34.2 65.2 NA 67.2 99.7 98.4 60 0.9
20010304 85.4 14.4 45.2 78.8 22.2 17.4 25.9 2.5 0.6 5.3 62.5 0 48.3 15.7 45.9 33.6 54.4 NA 56.9 99.7 97.2 65.7 1.2
20010305 82.3 12.6 44.3 79.9 25.9 22.1 22.9 0.2 0.7 6.2 68.1 0 47.1 8.5 41.7 35.3 43.7 NA 46.8 99.7 96.8 71.6 1.6
20010306 82.9 11.5 43.1 80.6 27.5 19.6 22.2 0.3 0.5 5.2 62.1 0 48.2 14.4 47.5 34.8 42.5 NA 50.4 99.8 97.7 71.5 1.3
20010307 83.8 9.8 39.9 82.5 28.1 16.2 22 0.4 0.3 3.9 56.2 0 48 23 53.1 33 40.5 NA 56.3 99.9 98.5 70.7 0.7
20010308 84.7 8.4 37.4 82 29.4 13.8 21.8 0.4 0 3.1 49.2 0 49 28.9 58.8 32 38 NA 60.4 99.9 99 70.3 0.5
20010309 87 8 31.8 83.4 26.6 13.2 18.2 0.7 0 3.5 55.3 0 47.8 32.5 57.5 33.4 38 NA 56.7 99.9 98.9 71.8 0.4
20010310 87.5 7 25.9 84.9 24.5 13.1 14.7 1.3 0 4.1 63.5 0 47.8 35.9 57.7 35.5 37.9 NA 54 100 99.4 72.5 0.3
20010311 89.6 6.7 20 86 20.7 12.3 9.5 1.6 0 4.3 68.6 0 46.2 36.9 54.6 35.8 37.9 NA 47.9 100 99.1 74.1 0.2
20010312 90.3 6 14.7 86.8 18.3 11.8 6 1.9 0 4.4 75.8 0 44.5 38.3 53.2 36.8 38 NA 44.8 100 99.1 74 0
20010313 86.5 5.7 12 86.6 15.8 10.3 7.1 1.1 0 3.3 65.1 0 40.3 30.4 48.9 31.7 37.4 NA 49 99.7 99.3 68.1 0.1
20010314 82.2 0.4 4.8 84.1 13.2 9 8.4 0.7 0 2.5 53.6 0 34.9 25.1 45.2 26.6 34.2 NA 51.9 99.5 98.6 61.4 0.1
20010315 75.9 0 2.4 83.3 10.9 7.5 10 0 0 1.7 42.8 0 30.6 18.4 40.6 21.5 31.7 NA 57.9 99.1 98.6 55 0.2
20010316 79.6 0 3.7 83 11.6 6.1 9.8 0 0 2.3 45.9 0 31.6 30.3 45.7 23.9 23.5 NA 56.1 99.4 98.6 60.3 0.2
20010317 85.4 0 5.5 83.9 11.2 4.4 8.3 0 0 2.2 51.1 0 32.9 42.8 50.6 26 19.5 NA 50.2 99.6 98.6 66.9 0.1
20010318 87.4 0 6.6 83.6 10.1 3 7.2 0 0 2.5 53.3 0 31.4 51 54.4 27 11.3 NA 44.6 99.8 97.4 68.7 0.1
20010319 92.6 0 7.8 83 10.1 1.3 6 0 0 2.6 56.4 0 32.2 63.9 58.1 28.6 5.2 NA 40.4 100 97.4 74.2 0
20010320 88 0 8.4 83.1 8.4 2.3 6.8 0 0 2.1 54.5 0 32.5 49.5 50.2 23.3 5.1 NA 40.5 99.9 97.4 69 0
20010321 82.1 0 8 79.2 7.4 3.8 8.6 0 0 1.5 55.1 0 30 30.3 40.2 18.9 0.4 NA 40.1 99.8 96.2 64.3 0
20010322 75.4 0 8.6 79.9 5.9 4.8 9.4 0 0 0.8 53.1 0 30.5 15.5 32.2 13.5 0.3 NA 40.2 99.7 96.2 59.3 0
20010323 69.9 0 7.2 73.7 6 4.1 7.6 0 0 0.8 47.6 0 29.7 18 33.3 12.6 1.2 NA 38.3 99.7 95.9 58.2 0.1
20010324 67.1 0 6.2 70.7 5.8 3.4 6 0 0 0.9 44.2 0 26.1 21.7 34.3 12.5 3 NA 36.8 99.8 97.2 57.4 0.1
20010325 60.8 0 4.8 64.1 5.8 2.6 4 0 0 0.7 38.6 0 23.3 21.3 33.4 10.9 3.5 NA 32.5 99.9 96 55.2 0.2
20010326 54.9 0 3.5 60 5.5 1.8 2.1 0 0 0.7 32 0 20.8 23.4 33.8 9.8 4.4 NA 29.7 100 95.6 52.9 0.2
20010327 54.4 0 3.5 61.7 4.8 1.8 2.2 0 0 0.7 33 0 19.7 16.9 36.2 13.7 2.6 NA 28 99.8 95.9 49.5 0.2
20010328 56.2 0 3.5 63.3 4 1.7 2.4 0 0 0.6 33.1 0 18.9 10.9 38.8 17.8 1.8 NA 26.2 99.6 97.1 46 0.1
20010329 55.6 0 3.4 64.6 3.4 1.7 2.5 0 0 0.7 34.3 0 17.9 4.5 41.2 21.7 0 NA 24.5 99.4 97 43.9 0
20010330 56.4 0 4.8 59.9 3.1 1.9 2.4 0 0 0.8 37.3 0 16.2 3.7 36.4 18.2 0 NA 23.1 99.6 95.9 42.5 0
20010331 59.1 0 6.1 55.2 3 2 2 0 0 0.5 38.6 0 14 2.9 32.3 16.1 0 NA 19.8 99.7 93.6 42 0
20010401 57.6 0 7.2 50.3 2.6 1.9 1.7 0 0 0.5 40.8 0 11.8 1.8 26.9 12.5 0 NA 15.9 99.9 91.2 39.2 0
20010402 60 0 8.2 45.1 2.2 2 1.4 0 0 0.3 41.1 0 9.6 0.8 21.8 8.8 0 NA 13.8 100 88.7 36.6 0
20010403 61.6 0 8.7 49.5 2.4 2.8 1.4 0 0 0.5 41 0 10.3 3.8 21.6 7.9 0 NA 13.5 97.6 90.7 36.1 0
20010404 61 0 9.1 54.3 2.7 3.6 1.4 0 0 0.6 42.4 0 10.9 8.2 21.9 7.2 0 NA 11.1 95.4 92.7 36.4 0.1
20010405 62.7 0 9.6 59 3.1 4.6 1.5 0 0 0.7 42.2 0 12 11.4 21.6 6.4 0 NA 11.5 91 93.9 36.1 0.1
20010406 53.1 0 8.3 55.6 2.6 3.7 1.2 0 0 0.5 34.7 0 10.5 8.4 19.9 6 0 NA 10 94.4 82.2 34.4 0.1
20010407 48.9 0 6.9 53.1 3.6 3.9 2.3 0 0 0.9 28.5 0 10.3 10.4 21.4 8.5 0 NA 8.6 93.8 74.1 33.9 0.4
20010408 39.9 0 5.3 49 3.1 3 2 0 0 0.6 20.5 0 8.7 7.5 19.2 7.7 0 NA 6.9 95.3 63.9 32.2 0.4
20010409 32.5 0 3.6 44.7 2.4 1.8 1.7 0 0 0.5 10.6 0 6.7 5 17.4 7.4 0 NA 3.8 96.8 52.8 30.6 0.4
20010410 27.9 0 4.3 41.9 2.3 1.9 1.7 0 0 0.5 9.9 0 6.3 5 14.9 6.6 0 NA 4 95.7 50.1 31.5 0.4
20010411 23.6 0 5 41 0.2 0.8 0.6 0 0 0 8.4 0 3.4 0.1 11.6 3.4 0 NA 0.7 93.1 50.6 30.9 0
20010412 18.5 0 5.5 38 0.1 0.9 0.6 0 0 0 7.1 0 2.8 0.2 9.3 2.4 0 NA 0.7 92 45.6 32.1 0
20010413 16.7 0 4 31.4 0.1 0.8 0.6 0 0 0 6.5 0 2.4 0.1 8.5 2.2 0 NA 0.7 87.2 43.6 29.9 0
20010414 13.2 0 3.2 27.4 0.1 0.5 0.6 0 0 0 4.7 0 1.6 3.9 8.2 1.9 0 NA 0.3 84.6 38.4 27.2 0
20010415 11.2 0 1.6 20.6 0.1 0.2 0.1 0 0 0 4.1 0 0.7 3.9 7.2 1.7 0 NA 0.2 80.4 36.6 24.8 0
20010416 8.4 0 0.1 15 0 0 0 0 0 0 2.9 0 0 3.8 5.9 1.2 0 NA 0 74.1 33.3 21.9 0
20010417 7.3 0 0.1 13.6 0.1 0 0 0 0 0 2.9 0 0 3.9 5.8 1.2 0 NA 0 64.5 25.6 19.5 0
20010418 1.1 0 0 8.8 0.2 0 0 0 0 0 0 0 0 0.1 4 0.1 0 NA 0 59.6 16.8 16.3 0
20010419 0 0 0 7.7 0.3 0 0 0 0 0 0 0 0 0.1 3.8 0.1 0 NA 0 50.3 9.1 13.9 0
20010420 0 0 0 5.9 0.2 0 0 0 0 0 0 0 0 0.1 3.8 0.1 0 NA 0 39.7 7.3 11.5 0
20010421 0 0 0 5 0.3 0 0 0 0 0 0 0.3 0 0.1 3.8 0.1 0 NA 0 34.4 9.7 8.5 0
20010422 0 0 0 2.5 0.2 0 0 0 0 0 0 0.3 0 0.1 3.7 0.1 0 NA 0 23.9 7.9 6.1 0
20010423 0 0 0 0.7 0.1 0 0 0 0 0 0 0.3 0 0 3.5 0.1 0 NA 0 13.9 5.4 2.8 0
20010424 0 0 0 0.6 0.1 0 0 0 0 0 0 0.3 0 0 3.5 0 0 NA 0 11.1 5.7 2.4 0
20010425 0 0 0 0.2 0 0 0 0 0 0 0 0 0 0 3 0 0 NA 0 8.3 1.8 1 0
20010426 0 0 0 0 0 0 0 0 0 0 0 0 0 0 2.9 0 0 NA 0 4.9 2 0.5 0
20010427 0 0 0 0 0 0 0 0 0 0 0 0 0 0 2.9 0 0 NA 0 4.9 1.6 0.5 0
20010428 0 0 0 0 0 0 0 0 0 0 0 0 0 0 3.1 0 0 NA 0 4.9 1.3 0.5 0
20010429 0 0 0 0 0 0 0 0 0 0 0 0 0 0 3 0 0 NA 0 0 0.4 0 0
20010430 0 0 0 0 0 0 0 0 0 0 0 0 0 0 2.9 0 0 NA 0 0 0 0 0
20010501 0 0 0 0 0 0 0 0 0 0 0 0 0 0 2.7 0 0 NA 0 0 0 0 0
20010502 0 0 0 0 0 0 0 0 0 0 0 0 0 0 2.4 0 0 NA 0 0 0 0 0
20010503 0 0 0 0 0 0 0 0 0 0 0 0 0 0 2.2 0 0 NA 0 0 0 0 0
20011203 0 0 0 0 0 0 0 0 0 0 0 0 0 0 0 0 0 NA 0 0 0 0 0
20011204 0 0 0 0 0 0 0 0 0 0 0 0 0 0 0 0 0 NA 0 0 0 0 0
20011205 0 0 0 0 0 0 0 0 0 0 0 0 0 0 0 0 0 NA 0 0 0 0 0
20011206 0 0 0 0 0 0 0 0 0 0 0 0 0 0 0 0 0 NA 0 0 0 0 0
20011207 0 0 0 0 0 0 0 0 0 0 0 0 0 0 0 0 0 NA 0 0 0 0 0
20011208 0 0 0 0 0 0 0 0 0 0 0 0 0 0 0.1 0 0 NA 0 0 0 0 0
20011209 0 0 0 0 0 0 0 0 0 0 0 0 0 0 0.1 0 0 NA 0 0 0 0 0
20011210 0 0 0 0 0 0 0 0 0 0 0 0 0 0 0.2 0 0 NA 0 0 0 0 0
20011211 0 0 0 0 0 0 0 0 0 0 0 0 0 0 0.4 0 0 NA 0 0 0 0 0
20011212 0 0 0 0 0 0 0 0 0 0 0 0 0 0 0.9 0 0 NA 0 0 0 0 0
20011213 0 0 0 0 0 0 0 0 0 0 0 0 0 0 1.1 0 0 NA 0 0 0 0 0
20011214 0 0 0 0 0 0 0 0 0 0 0 0 0 0 1 0 0 NA 0 7.8 0.3 0.3 0
20011215 0 0 0 0 0 0 0 0 0 0 0 0 0 0 1.2 0 0 NA 0 15.5 0.6 0.6 0
20011216 0 0 0 0 0 0 0 0 0 0 0 0 0 0 1 0 0 NA 0 19.4 0.7 0.8 0
20011217 0 0 0 0 0 0 0 0 0 0 0 0 0 0 1 0 0 NA 0 27.2 1 1.1 0
20011218 0 0 0 0 0 0 0 0 0 0 0 0 0 0.1 1.3 0 0 NA 0 23.3 0.8 1 0
20011219 0 0 0 0 0 0 0 0 0 0 0 0 0 0.1 1.5 0 0 NA 0 19.6 0.6 1.3 0
20011220 0 0 0 0 0 0 0 0 0 0 0 0 0 0.3 1.5 0 0 NA 0 15.8 0.4 1.2 0
20011221 0 0 0 0 0 0 0 0 0 0 0 0 0 0.3 1.6 0 0 NA 0 15.9 0.4 1.1 0
20011222 0 0 0 0 0 0 0 0 0 0 0 0 0 0.3 1.5 0 0 NA 0 20.1 0.5 0.9 0
20011223 0 0 0 0 0 0 0 0 0 0 0 0 0 0.2 1.5 0 0 NA 0 20.2 0.5 0.4 0
20011224 0 0 0 0 0 0 0 0 0 0 0 0 0 0.1 1.3 0 0 NA 0 20.4 0.5 0.2 0
20011225 5.2 0.7 0 0.2 0 0 0.1 0 0 0 0 0 0 0.2 1.7 0 1.1 NA 10.8 15.8 0.6 0.9 0
20011226 11.5 1.2 0 0.3 0 0 0.1 0 0 0 0 0 0 0.1 2 0 2.1 NA 17 14.9 0.8 2.2 0
20011227 16.9 1.9 0 0.5 0 0 0.2 0 0 0 0 0 0 0.1 2.2 0 4.3 NA 28.2 10.3 0.9 2.9 0
20011228 18 3.3 0 0.8 0 0.1 0.2 0.2 0 0 0.1 0 0.9 0.1 2.3 0.1 22.1 NA 29.1 12.1 1.9 2.5 0
20011229 21.9 4.7 0 1.1 0 0.2 0.1 0.4 0 0 0.1 0 1.9 0.1 2.5 0.1 42.1 NA 29.9 13.5 3 2.2 0
20011230 23 5.4 0 1.4 0 0.2 0.1 0.4 0 0 0.1 0 1.9 0.1 2.6 0.1 52.1 NA 30.3 13.5 3.4 1.6 0
20011231 23.5 6.8 0 1.6 0 0.3 0 0.5 0 0 0.2 0 2.8 0.1 2.6 0.2 70 NA 29.8 15 4.3 1.2 0.1
20020101 30.2 28.1 0.8 1.7 0 0.2 0.2 0.7 0 0.1 0.5 0 3.6 0.1 3.1 0.1 80 NA 38 19.7 3.8 1.6 0
20020102 34.1 49.3 1.6 1.8 0 0.1 0.4 0.7 0.1 0.3 0.7 0 4.3 0.1 3.5 0.1 85.3 NA 44.5 27.4 2.9 2.3 0
20020103 39.5 73.1 2.5 1.9 0 0 0.6 1 0.2 0.4 1.2 0 5 0.1 3.8 0.1 92.7 NA 50.5 32.1 2.4 2.7 0
20020104 37.4 69.3 2.2 1.9 0.4 0 1.8 1 0.2 0.4 2.3 0 4.5 0.3 3.9 0.1 91 NA 49.9 34.4 3.2 2.5 0
20020105 35 65.4 2.2 1.9 0.5 0 2.4 0.6 0.1 0.3 2.8 0 4.6 0.5 3.8 0.1 85.1 NA 50.5 37.2 3.9 2.4 0
20020106 32.9 59.7 2 1.9 0.9 0 3.6 0.4 0 0.3 3.7 0 4.1 0.5 3.8 0.1 83.8 NA 49.4 38.5 4.7 2.1 0.1
20020107 30 54.4 1.7 1.9 1.1 0 4.2 0.1 0 0.3 4.3 0 3.7 0.6 3.8 0.1 77.6 NA 48.7 38.9 5 1.8 0.1
20020108 33 49.9 2.8 2.7 1.9 0 4.4 0.2 0 0.3 4 0 7.8 1.1 4.4 0.3 66.8 NA 50 38.6 16.5 2.3 0.1
20020109 34.1 43.7 4.3 3.8 2.6 0 4.7 0.3 0 0.4 3.7 0 12.1 1.8 5.2 0.5 55.2 NA 51.4 36.5 28 2.5 0.1
20020110 36.9 39 5.4 4.6 3.8 0 5 0.4 0 0.4 3.3 0 16.6 2.2 6 0.8 46.1 NA 53.3 36.3 39.6 3 0.2
20020111 35.2 29.2 3.9 4.1 3.6 0 3.9 0.3 0 0.4 2.8 0 14.4 1.7 5.4 0.6 39.6 NA 43.3 34.2 32.5 2.7 0.1
20020112 33.8 26 3 3.5 2.5 0 2.7 0.4 0 0.4 2.1 0 10 1.3 4.9 0.5 38.5 NA 36.8 34.4 22.2 2.7 0.1
20020113 29.7 15.9 1.6 2.8 1.9 0 1.6 0.2 0 0.4 1.6 0 7.8 0.7 4.2 0.4 31.1 NA 25 32.3 14.9 2.2 0.1
20020114 27.4 9 0.2 2.1 1.1 0 0 0.2 0 0.3 0.8 0 3.3 0 3.3 0.2 26.6 NA 16.7 29.6 3.8 1.9 0
20020115 28.8 9.4 0.3 1.9 1 0 0.1 0.2 0 0.2 0.7 0 3.6 0.6 3.8 0.2 23.9 NA 25.3 29.2 3.5 2.2 0
20020116 29.6 7.4 0.3 1.9 0.8 0.1 0.3 0 0 0.2 0.4 0 4 1.3 4.3 0.1 18.9 NA 31.3 28 3.9 2.5 0
20020117 31 7.3 0.4 1.8 0.7 0.2 0.4 0 0 0.1 0.4 0 4.3 1.9 4.9 0.1 15.7 NA 39 27.3 3.6 3.1 0
20020118 35.1 16.2 1.7 3.3 0.7 0.1 1.2 0 0 0.2 1 0 4.1 2.3 5.6 0.1 19.6 NA 42.7 35.8 4.2 4.2 0
20020119 41.3 29.5 3.5 4.6 0.6 0.1 1.8 0 0 0.2 1.6 0 3.9 2.6 6 0.2 30.1 NA 50.9 45.8 5.4 5 0
20020120 44.4 37.7 4.8 6.1 0.4 0 2.5 0 0 0.2 1.7 0 3.6 3 6.5 0.2 34 NA 53.9 52.7 5.3 5.8 0.1
20020121 48.2 46.3 6 7.1 0.3 0 3 0 0 0.2 2.3 0 3.3 3.1 6.8 0.2 38.8 NA 58.5 61 5.9 6.6 0.1
20020122 46.9 32.9 4.2 5.2 0.3 0.1 2.1 0 0 0.2 1.8 0 3.4 2.4 5.9 0.2 31.6 NA 53.3 59.9 5.9 5.8 0
20020123 44.9 18.7 2.7 3.4 0.2 0.2 1.2 0 0 0.1 1.1 0 3.4 1.8 5.2 0.1 21.6 NA 48.2 56.5 5.6 5.3 0
20020124 43.2 5.3 1 1.8 0.2 0.3 0.3 0 0 0.1 0.7 0 3.5 1.1 4.4 0.1 14.2 NA 43.3 55.6 5.8 4.7 0
20020125 44.1 4.3 0.8 1.9 0.3 0.3 0.2 0 0 0.2 1.5 0 3.4 1 5.1 0.1 11.9 NA 37.4 61 6 6.1 0
20020126 47.6 3.4 0.6 2 0.4 0.4 0.2 0 0 0.2 2 0 3.5 1 5.6 0.1 10 NA 31.6 64.4 5.8 7.2 0
20020127 46.6 2.2 0.4 1.8 0.5 0.3 0.1 0 0 0.3 2.8 0 3.5 0.9 6.2 0.2 7.1 NA 24.6 68.5 5.7 8 0.1
20020128 48.2 1.3 0.2 1.9 0.5 0.3 0 0 0 0.4 3.3 0 3.4 0.9 6.7 0.2 5.2 NA 17.1 72.1 5.5 9.2 0.1
20020129 54.1 1.6 0.3 1.6 0.5 0.2 0 0 0 0.3 2.9 0 3.5 2.3 8.1 0.2 9.3 NA 24.8 70.8 6.3 9.6 0
20020130 59.7 2 0.3 1.2 0.6 0.1 0.1 0 0 0.3 2.2 0 3.6 3.5 9.5 0.2 13.1 NA 32.2 65.9 6.7 9.8 0
20020131 64.8 2.4 0.3 0.9 0.7 0 0.1 0 0 0.3 1.7 0 3.8 4.9 10.9 0.1 17.1 NA 40 64.5 7.5 10.2 0
20020201 66.6 2.1 0.2 0.7 0.8 0.2 0.7 0 0 0.6 8.8 0 3.7 4.3 9.6 0.1 23.3 NA 40.1 71 9.3 13.5 0
20020202 66.6 1.8 0.2 0.7 0.9 0.4 1 0 0 1 18.2 0 3.6 3.4 8.8 0.1 27.8 NA 41.3 83.4 12.2 17.3 0
20020203 66.5 1.4 0.1 0.4 0.8 0.6 1.6 0 0 1.2 24.7 0 3.6 2.5 7.4 0.1 26 NA 39.2 90 12.6 19.7 0.1
20020204 66.8 1.1 0 0.3 0.9 0.7 1.9 0 0 1.5 32.6 0 3.4 1.5 6 0.1 30.4 NA 38.8 97.8 14.7 22.6 0.1
20020205 75.3 1.1 0 0.8 1 0.6 1.5 0 0 1.1 24.6 0 5.1 2.4 6.1 0.2 31.6 NA 42.8 93.7 17.8 21.7 0.1
20020206 81.5 1 0 1.5 1.1 0.5 1.4 0 0 0.7 18.1 0 8.3 3.8 6.4 0.2 30.7 NA 46 88.2 21.3 21.2 0.2
20020207 91.6 1 0 2 1.3 0.4 1.1 0 0 0.3 11.4 0 10 4.7 6.5 0.3 31.8 NA 50 82.6 24.8 19.8 0.3
20020208 88.6 0.8 0 2.1 2.5 1.1 2 0 0 0.5 17.9 0 9.3 3.4 6.3 0.3 35.1 NA 53.4 86.2 28.1 25.7 0.3
20020209 84.9 0.6 0 2.1 3.7 2.1 3.4 0 0 0.6 26.7 0 8.7 2.7 6.4 0.3 33.9 NA 57.1 91 33.5 32.3 0.2
20020210 82 0.4 0 2.1 5.7 3 4.3 0 0 0.5 32 0 7.3 1.4 6 0.2 36.4 NA 60.4 94.3 35.5 37.8 0.1
20020211 77.6 0.1 0 2 5.9 3.6 5.1 0 0 0.7 38.7 0 6.4 0 5.8 0.2 35 NA 61.7 97.4 38.5 43.5 0.1
20020212 80.6 0.8 0 2.5 5.1 2.6 4.1 0 0 0.8 32.1 0 8.5 1.1 6.3 0.2 34.2 NA 57.4 96.3 38.4 37.8 0
20020213 87.4 1.5 0 3.1 5.4 1.9 3.3 0 0 0.7 23.8 0 10.5 2.3 6.9 0.2 33.4 NA 55.9 94.2 35.2 31.8 0
20020214 89.7 2.1 0 3.7 5.4 1.1 2.2 0 0 0.9 17.2 0 12.5 3.4 7.4 0.2 32.7 NA 51 92.5 35.3 26.2 0
20020215 85.8 1.6 1.1 5.2 4.4 1.7 4.1 0 0 1 20.9 0 12.5 3 6.9 0.3 34.6 NA 53.9 92.8 41.2 28.7 0
20020216 83.8 1.1 2.2 7.2 4 2.4 6.1 0 0 1.3 25.9 0 11.8 2.3 6.5 0.3 39.3 NA 54.7 95.8 48 33 0
20020217 79 0.6 2.9 8.6 2.9 2.7 7 0 0 1.4 29.3 0 11.8 1.7 5.7 0.4 39.6 NA 56.4 96 54 34.7 0.1
20020218 74.5 0.1 3.9 10 1.7 3.3 8.8 0 0 1.5 34.2 0 10.8 1 5 0.4 40.2 NA 58.3 97.6 58.2 38 0.1
20020219 72.7 0.4 2.7 7.3 1.7 2.4 6.1 0 0 1.1 24 0 12.6 0.7 4.9 0.3 30.8 NA 54.8 93.8 49.8 35.7 0.1
20020220 71.5 0.7 1.2 4.9 1.7 1.8 2.7 0 0 0.8 15.6 0 13.9 0.7 5.1 0.2 17.7 NA 49.1 91.1 42.6 33.8 0
20020221 69.4 0.9 0 2.2 1.6 1 0 0 0 0.4 6.1 0 15.4 0.5 4.9 0.1 8.2 NA 43.8 88.6 33.1 31.2 0
20020222 71.2 0.7 0 1.7 1.8 0.9 0.2 0 0 0.4 9.5 0 13.8 0.4 5 0.1 6.2 NA 39 91.3 32.5 30 0
20020223 74 0.4 0 1.4 1.9 0.9 0.3 0 0 0.3 13.5 0 12 0.3 5.1 0.1 4.2 NA 35.7 93.9 32.3 28.7 0
20020224 71.2 0.2 0 0.9 1.9 0.7 0.3 0 0 0.2 16.6 0 9.6 0.2 5 0.1 2.1 NA 30.1 94.1 29.4 26.9 0
20020225 71.4 0 0 0.3 2 0.6 0.5 0 0 0.1 20.3 0 7.9 0.1 5.1 0.1 0.1 NA 25.5 96.7 28.5 25.5 0
20020226 76.5 0 0 0.6 2 0.6 0.7 0 0 0.5 22.4 0 9.9 1 5.6 0.1 0.2 NA 27.7 96.5 27.7 25 0
20020227 80.5 0 0 1 1.6 0.5 0.9 0 0 0.7 25.3 0 11.9 1.8 6.1 0.2 0.2 NA 30.5 97.4 24.4 24.8 0
20020228 86.6 0 0 1.3 1.6 0.4 1.1 0 0 1 27 0 13.9 2.8 6.6 0.3 0.4 NA 32.4 97.2 23.6 24.2 0
20020301 87.5 0.4 0 1.2 5.3 2.3 2.9 0 0 1.9 26.8 0 11.6 3.5 7.6 0.6 2.4 NA 41.2 97.5 36.5 28.8 0
20020302 88.8 0.9 0 0.8 9 4.1 4.7 0 0 3.2 28.2 0 9.1 5 8.6 0.9 6.4 NA 51.7 97.9 52.4 34.7 0
20020303 89.8 1.3 0 0.6 11.2 5 5.8 0 0 4 28 0 6.6 5.7 9.4 1.1 8.4 NA 55.9 98.2 59.5 38.8 0
20020304 90.1 1.8 0 0.3 14.9 6.8 7.6 0 0 5 28.1 0 4.1 6.4 10.3 1.4 10.4 NA 65.2 98.4 72.6 43.9 0
20020305 93.6 3.7 0 0.8 12.9 5.9 7.6 0.1 0.3 3.6 34.7 0 5.7 6.9 10.9 1.3 28.3 NA 67.1 98.2 75.2 43.6 0
20020306 93.4 5.4 0 1.2 9.5 4.6 6.4 0.2 0.6 2.5 39.9 0 6.5 6.3 11.2 1 51.6 NA 68 97.9 72.1 43.5 0
20020307 95.2 9.1 0 1.7 7.4 3.7 6.4 0.3 0.8 1.2 44.7 0 7.6 6.6 11.6 0.9 69.3 NA 68.9 97.7 74.6 43 0
20020308 88.7 8.5 0 1.5 7.9 3 5.5 0.2 0.6 1.3 39 0 6.4 6.1 10.1 1.2 49.5 NA 63.7 97.6 69.7 41.8 0
20020309 84.8 4.7 0 1 8.6 2.4 5.2 0.2 0.6 1.5 32.4 0 4.9 5.9 9.6 1.5 39.5 NA 57.9 98.7 64.5 40.3 0
20020310 76.1 2.4 0 0.8 8.7 1.8 3.9 0.1 0.3 1.6 25.3 0 3.7 5.4 7.7 1.6 19.5 NA 50.8 98.4 54 38.6 0
20020311 71.8 0 0 0.3 8.8 1.2 3 0 0 1.7 18.3 0 2.2 5.1 6.2 1.7 0 NA 44.8 98.2 48.8 36.8 0
20020312 80.4 0 0 0.3 7.1 1 2.3 0 0 1.4 20.8 0 2.7 8.3 8.1 2.2 0 NA 44.5 98 60 34.4 0
20020313 87.3 0 0 0.4 5.2 0.8 1 0 0 0.8 23.4 0 3.3 9.9 10.3 2.7 0 NA 40.8 97.4 67.2 32.1 0
20020314 94.6 0 0 0.5 3.6 0.7 0.4 0 0 0.5 26.3 0 3.7 12.8 12.1 3.1 0 NA 39.5 97 76.6 29.9 0
20020315 93.2 0 0 0.4 4.6 0.5 0.3 0 0 0.8 33.9 0 2.9 10.9 11.5 4.3 0 NA 33.2 97.9 82.4 32.1 0
20020316 92.8 0 0 0.5 6.3 0.5 0.3 0 0 1.1 38.5 0 2.3 9 11.3 5.3 0 NA 28.1 98.3 85.4 35.9 0
20020317 91 0 0 0.3 7.4 0.3 0.1 0 0 1.4 44.8 0 1.6 4.8 10.2 6.2 0 NA 22.6 98.8 89.7 38.4 0
20020318 89.6 0 0 0.3 8 0.1 0 0 0 1.6 49.7 0 0.8 3 9.5 6.9 0 NA 14.2 99.4 93.7 40.5 0
20020319 86.3 0 0 0.2 6.3 0.2 0 0 0 1.3 40.4 0 1.2 2.2 8.5 5.1 0 NA 12 99.2 92.7 37.5 0
20020320 83.1 0 0 0.1 4.7 0.3 0 0 0 1.1 31.8 0 1.3 1.6 7.5 3.9 0 NA 9.6 99 89.5 35.5 0
20020321 79.8 0 0 0 3.2 0.4 0.1 0 0 0.8 23.3 0 1.6 0.9 6.5 2.1 0 NA 7.3 98.8 88.5 33.3 0
20020322 82.3 0 0 0.1 6.2 0.9 1.2 0 0 1.4 28.4 0 1.2 2.1 6.9 2.1 3.2 NA 17.7 99.1 89 36.6 0
20020323 86.8 0 0 0.1 10.2 2 2.9 0 0 2.1 33.8 0 1.3 4.2 7.5 2.5 4.9 NA 33.3 99.4 92 39.8 0
20020324 88.3 0 0 0.2 13 2.6 3.9 0 0 2.7 37.6 0 1 5.4 7.5 2.5 8.1 NA 42.6 99.5 92.4 42.9 0
20020325 91.6 0 0 0.3 15.7 3.1 5 0 0 3.2 40.8 0 0.5 6.5 7.6 2.5 9.7 NA 52.9 99.7 92.9 44.9 0
20020326 85.6 0 0 0.2 11.8 2.3 3.6 0 0 2.1 33 0 0.5 6.4 8.4 2 6.5 NA 45.7 97 89.3 42.9 0
20020327 79.3 0 0 0.1 7.7 1.8 2.4 0 0 1.2 27.6 0 0 7 9.7 1.7 3.2 NA 40.6 94.2 83.6 40.1 0
20020328 73 0 0 0 3.9 0.9 1 0 0 0.2 20.6 0 0 6.8 10.4 1.2 0 NA 33.4 91.5 80 38.7 0
20020329 64.3 0 0 0 3.6 0.9 0.7 0 0 0.2 18.8 0 0 5.9 8.9 1 0 NA 26.4 92.6 78 36.4 0
20020330 60.8 0 0 0 2.7 0.6 0.8 0 0 0.2 12.3 0 0 3.9 7.6 0.8 0 NA 20.1 94 75.6 31.7 0
20020331 52 0 0 0 2.1 0.5 0.5 0 0 0.1 9.5 0 0 2.9 5.7 0.7 0 NA 13 94.7 73.3 28.3 0
20020401 45.2 0 0 0 1.4 0.3 0.3 0 0 0.1 4.5 0 0 0.9 3.9 0.5 0 NA 5.5 95.9 69.7 24.3 0
20020402 41.4 0 0 0 1.2 0.2 0.3 0 0 0.1 4.7 0 0 0.6 4.1 0.4 0 NA 5.5 95.1 69.3 22.9 0
20020403 40.6 0 0 0 1.3 0.1 0 0 0 0.1 4.6 0 0 0.5 4.4 0.2 0 NA 2.4 89.9 69.3 21.6 0
20020404 38.1 0 0 0 1.2 0 0 0 0 0.1 5 0 0 0.2 4.6 0.2 0 NA 2.3 89 69.5 20.4 0
20020405 36.4 0 0 0 0.9 0 0 0 0 0.1 3.7 0 0 0.6 4.6 0.2 0 NA 2.3 89.3 67.7 20.2 0
20020406 39.6 0 0 0 0.9 0 0 0 0 0.1 3.5 0 0 1.1 5.2 0.2 0 NA 1.4 94.3 67.9 20.4 0
20020407 36.9 0 0 0 0.6 0.1 0 0 0 0.1 2 0 0 1.6 5.2 0.3 0 NA 0.9 94.6 66 19.7 0
20020408 36.2 0 0 0 0.4 0.1 0 0 0 0.1 0.8 0 0 2 5.3 0.3 0 NA 0.5 94.8 63.9 19.3 0
20020409 34.3 0 0 0 0.5 0.1 0 0 0 0.1 0.9 0 0 1.3 4.8 0.2 0 NA 0.3 94.3 62.6 19.7 0
20020410 33.4 0 0 0 0.3 0.2 0 0 0 0.1 0.8 0 0 0.8 4.1 0.2 0 NA 0.1 89.5 63.2 20.3 0
20020411 29.5 0 0 0 0.4 0.2 0 0 0 0.2 0.9 0 0 0.1 3.6 0.2 0 NA 0 89.1 61.9 20.8 0
20020412 25.7 0 0 0 0.3 0.2 0 0 0 0.2 0.7 0 0 0.1 3.5 0.2 0 NA 0 86.7 57.5 19.8 0
20020413 21.5 0 0 0 0.3 0.2 0 0 0 0.1 0.5 0 0 0 3.5 0.3 0 NA 0.1 87.1 57.4 19.9 0
20020414 17.3 0 0 0 0.3 0.1 0 0 0 0.1 0.3 0 0 0 3.2 0.3 0 NA 0.1 84.2 52.4 18.4 0
20020415 12.5 0 0 0 0.2 0 0 0 0 0.1 0.1 0 0 0 3.1 0.3 0 NA 0.1 80.9 48.9 17.6 0
20020416 9.7 0 0 0 0.2 0 0 0 0 0.1 0.4 0 0 0 3 0.3 0 NA 0.1 80.1 36.7 18 0
20020417 3.7 0 0 0 0.1 0 0 0 0 0 0.6 0 0 0 2.6 0.4 0 NA 0 77.7 21.9 17.3 0
20020418 1.1 0 0 0 0 0 0 0 0 0 0.9 0 0 0 2.5 0.5 0 NA 0 76.4 9.6 17.5 0
20020419 1.1 0 0 0 0 0 0 0 0 0 0.6 0 0 0 2.4 0.4 0 NA 0 61.4 8.3 14 0
20020420 1.1 0 0 0 0 0 0 0 0 0 0.6 0 0 0 2.9 0.3 0 NA 0 46.4 9.6 10.9 0
20020421 0 0 0 0 0.1 0 0 0 0 0 0.3 0 0 0 2.8 0.2 0 NA 0 30.6 8.3 7.1 0
20020422 0 0 0 0 0 0 0 0 0 0 0 0 0 0 2.7 0 0 NA 0 12.6 6.3 3.5 0
20020423 0 0 0 0 0 0 0 0 0 0 0 0 0 0 2.7 0 0 NA 0 12.3 6.1 2.9 0
20020424 0 0 0 0 0 0 0 0 0 0 0 0 0 0 2.1 0 0 NA 0 13.6 1.4 1.3 0
20020425 0 0 0 0 0 0 0 0 0 0 0 0 0 0 2.1 0 0 NA 0 12.4 1.1 0.8 0
20020426 0 0 0 0 0 0 0 0 0 0 0 0 0 0 2 0 0 NA 0 12.4 0.9 0.7 0
20020427 0 0 0 0 0 0 0 0 0 0 0 0 0 0 2 0 0 NA 0 8.1 2.3 1.3 0
20020428 0 0 0 0 0 0 0 0 0 0 0 0 0 0 1.8 0 0 NA 0 8.1 2.2 1.1 0
20020429 0 0 0 0 0 0 0 0 0 0 0 0 0 0 1.6 0 0 NA 0 5 2 1 0
20020430 0 0 0 0 0 0 0 0 0 0 0 0 0 0 1.6 0 0 NA 0 5 2 1 0
20020501 0 0 0 0 0 0 0 0 0 0 0 0 0 0 1.3 0 0 NA 0 0 0 0 0
20020502 0 0 0 0 0 0 0 0 0 0 0 0 0 0 1.2 0 0 NA 0 0 0 0 0
20020503 0 0 0 0 0 0 0 0 0 0 0 0 0 0 1.1 0 0 NA 0 0 0 0 0
20020504 0 0 0 0 0 0 0 0 0 0 0 0 0 0 0.9 0 0 NA 0 0 0 0 0
20020505 0 0 0 0 0 0 0 0 0 0 0 0 0 0 0.7 0 0 NA 0 0 0 0 0
20020506 0 0 0 0 0 0 0 0 0 0 0 0 0 0 0.5 0 0 NA 0 0 0 0 0
20020507 0 0 0 0 0 0 0 0 0 0 0 0 0 0 0.3 0 0 NA 0 0 0 0 0
20020508 0 0 0 0 0 0 0 0 0 0 0 0 0 0 0.2 0 0 NA 0 0 0 0 0
20020509 0 0 0 0 0 0 0 0 0 0 0 0 0 0 0 0 0 NA 0 0 0 0 0
20021202 5.3 0 0 0 0 0 0 0 0 0 0 0 0 0 2.2 0 0 NA 1.4 2.4 0 0.6 0
20021203 10.3 0.6 0 0.7 0.2 0 0.2 0 0 0 0 0 0.1 0 2.3 0 20 NA 15.5 13 0.9 0.8 0
20021204 14.5 1.1 0 1.4 0.4 0 0.3 0 0 0 0 0 0.3 0.1 2.4 0 40 NA 30.4 23.7 1.8 0.8 0
20021205 19.2 1.8 0 2.2 0.5 0 0.5 0 0 0 0 0 0.5 0.2 2.5 0 60 NA 43.6 34.3 2.6 0.9 0
20021206 20 1.8 0 2.1 0.5 0 0.4 0 0 0 0 0 0.9 0.1 2.7 0 63.8 NA 45 33 2.9 0.9 0
20021207 20.8 1.6 0 1.8 0.5 0 0.4 0 0 0 0 0 1.5 0.1 2.5 0 61.5 NA 47.3 32.8 3.7 1 0
20021208 20.4 1.4 0 1.5 0.5 0 0.3 0 0 0 0 0 1.8 0 2.5 0 61.5 NA 47.5 31 3.8 1.1 0
20021209 20.4 1.2 0 1.2 0.4 0 0.2 0 0 0 0 0 2.1 0 2.5 0.1 59.1 NA 47.5 27.8 4.1 1 0
20021210 19.3 1 0 1.2 0.3 0 0.2 0 0 0 0 0 2.2 0.1 2.4 0.1 51.1 NA 45.3 29.2 3.1 1 0
20021211 19.1 0.8 0 1 0.2 0 0 0 0 0 0 0 2.2 0.1 2.5 0 45.7 NA 40 32.9 2.1 1 0
20021212 18.3 0.6 0 0.9 0.1 0 0 0 0 0 0 0 2.3 0.2 2.5 0 37.6 NA 37.8 34.1 1.1 1 0
20021213 16.6 0.4 0 0.8 0.1 0 0.2 0 0 0 0 0 2.7 0.2 2.6 0 41.2 NA 40.1 37.9 1.2 1.4 0
20021214 13.3 0.3 0 0.7 0 0 0.2 0 0 0 0 0 2.9 0.1 2.8 0 38.7 NA 45.4 39.1 1.2 1.6 0
20021215 9.4 0.2 0 0.5 0 0 0.5 0 0 0 0 0 3.3 0.1 2.9 0 38.2 NA 45.5 42.4 1.3 1.9 0
20021216 6.8 0 0 0.4 0 0 0.5 0 0 0 0 0 3.6 0 3 0 38.7 NA 47.3 41.2 1.3 2 0
20021217 7.3 0 0 1 0 0 0.2 0 0 0 0 0 3.2 0.1 2.9 0 30.9 NA 43.7 39.8 2.1 1.8 0
20021218 7.4 0 0 1.5 0 0 0.2 0 0 0 0 0 2.9 0.1 2.7 0 23.1 NA 42.6 39.4 3.2 2 0
20021219 7.7 0 0 2.1 0 0 0 0 0 0 0 0 2.5 0.2 2.6 0 16.3 NA 38.9 37.9 4.1 1.8 0
20021220 11 0.4 0 1.6 0 0 0.3 0 0 0 0 0 2.8 0.2 2.6 0 14.5 NA 43.4 36.1 3.9 1.7 0
20021221 13.5 0.6 0 1.3 0 0 0.5 0 0 0 0 0 3.1 0.2 2.5 0 10.7 NA 45.9 33.6 3.7 1.8 0
20021222 16.7 0.8 0 0.7 0 0 0.8 0 0 0 0 0 3.4 0.2 2.5 0 5.9 NA 49.4 31.7 3.3 1.7 0
20021223 19.4 1.1 0 0.3 0 0 1 0 0 0 0 0 3.6 0.2 2.5 0 2.9 NA 52.1 29.1 2.9 1.7 0
20021224 21.6 1 0 0.3 0 0 1.1 0 0 0 0 0 3.4 0.3 2.5 0 3.3 NA 51.3 31 4.3 1.8 0
20021225 24.7 0.8 0 0.4 0 0 1 0 0 0 0 0 3.2 0.5 2.5 0 7 NA 48.8 33.8 6 2 0
20021226 27.2 0.7 0 0.5 0 0 1.1 0 0 0 0 0 3.1 0.6 2.5 0 7.3 NA 48 35 7.8 2.2 0
20021227 26.6 14.8 0.7 0.4 0 0 0.9 0 0 0 0 0 2.9 0.6 2.6 0 19.3 NA 46.8 33 6.9 2.1 0
20021228 27.6 34.5 1.4 0.4 0 0 0.7 0 0 0 0 0 2.8 0.5 2.9 0 28.3 NA 45.4 28 4.7 2 0
20021229 26.8 48.1 1.8 0.3 0 0 0.2 0 0 0 0 0 2.5 0.6 3 0.1 39.4 NA 43.3 24.6 3.7 1.7 0
20021230 25.6 61.7 2.5 0.3 0 0 0 0 0 0 0 0 2.4 0.4 3.1 0.1 48.2 NA 40.6 20.4 2 1.5 0
20021231 28.5 58.2 1.8 0.2 0.1 0 0 0 0 0.1 0.3 0 3 0.5 3.2 0.1 42.5 NA 39.7 30 8.1 4.1 0
20030101 31.9 50.1 0.9 0.1 0.3 0 0 0 0 0.1 0.6 0 3.2 0.7 3.6 0.1 39.2 NA 40.6 39.7 14.5 6.8 0
20030102 33.8 46.6 0.2 0.1 0.5 0 0 0 0 0.2 1.1 0 4.2 0.8 3.9 0.1 35.2 NA 40.5 49.2 20.3 9.4 0
20030103 42.1 56 0.7 0.6 1 0.1 1.3 0 0 0.3 5.2 0 5 0.5 3.9 0.1 41.7 NA 47.5 63.7 17.9 13.1 0
20030104 52.9 71.6 1.4 1.2 1.6 0.3 2.1 0 0 0.6 11 0 5.5 0.5 4.3 0.1 46.9 NA 53.9 74.5 18.9 16 0
20030105 61.1 81 1.9 1.7 1.9 0.4 3.4 0 0 0.6 15.4 0 6.6 0.3 4.3 0.1 52.9 NA 60.7 85 16.3 19.6 0.1
20030106 69.2 93.5 2.5 2.1 2.2 0.5 4 0 0 0.7 19.9 0 6.7 0.1 4.3 0.1 58.6 NA 65 97.3 13.2 21.7 0.1
20030107 59.4 86 3.8 2.2 1.9 0.5 3.7 0 0 0.6 13.2 0 6.7 0.5 4.4 0.1 57.3 NA 63.3 96.2 13.7 19.2 0.1
20030108 49.4 81 5.3 2.3 1.6 0.3 3.5 0 0 0.4 8 0 8 0.9 4.6 0.1 56 NA 63.7 94 15.5 16.1 0.1
20030109 37.9 75.9 6.7 2.4 1.3 0.3 3.1 0 0 0.3 2.7 0 8.2 1.4 4.6 0.1 57.3 NA 62.2 93.2 16 13.7 0
20030110 50.6 76.5 12.4 6.7 2.6 0.5 3.5 0 0 0.5 9.5 0 12.4 1.6 5.7 0.4 66.8 NA 60.7 91.8 18.1 14.7 0.1
20030111 59.4 77.6 20.5 12.1 4.3 0.6 4.3 0.4 0.3 0.8 17.8 0 16.4 2 6.8 0.9 72.8 NA 59.5 93.6 20.8 16.3 0.1
20030112 72.5 74.7 25.5 15.4 5.4 0.8 4.5 0.4 0.3 0.9 22 0 20.7 2.3 7.7 1.2 81.9 NA 57.9 92.1 22.7 17 0.1
20030113 82.9 74.8 31.2 19.6 6.6 1 4.6 0.4 0.3 1.2 28.5 0 23.8 2.5 8.4 1.5 88.7 NA 55 91 23.1 17.9 0.1
20030114 86.3 81.2 38.2 22.4 6.3 1.5 6.6 2.4 0.3 1.2 28 0.1 24 2.6 8.6 1.2 91.6 NA 61.2 93.6 23.7 22.8 0.5
20030115 90.8 85.7 46.7 27.5 6.8 2.5 9.4 4.4 0 1.2 29 0.2 26.8 2.8 8.8 1.1 92.9 NA 68 96.1 26.1 28.1 1.4
20030116 95.9 90.4 52.8 30.6 6.5 3 11.4 6.1 0 1.3 28.7 0.4 27 2.9 9 0.8 95 NA 73.5 98.3 26.7 32.7 1.8
20030117 96 90.4 62.5 36.2 8.9 4.3 15.7 8.7 1.3 2.8 32.1 0.4 29.7 3.2 9.7 0.9 95 NA 78.2 98.7 37.4 34.2 1.6
20030118 97.2 94.2 71.5 40.6 10.3 5.3 19.5 11.1 2.5 4.1 35.2 0.6 32.6 3.6 10.5 1.2 99.9 NA 84.5 98.7 45.6 34.9 1.4
20030119 97.3 94 80.9 47.1 12 6.5 23.2 13.7 3.8 5.6 38.2 0.6 35.1 3.9 11.1 1.3 99.9 NA 89.2 99.1 51.8 36.2 1.2
20030120 97.3 94.4 89.2 51.2 13.3 7.4 26.5 15.5 5.1 6.8 40.4 0.6 36.8 4.2 11.5 1.4 99.9 NA 91.9 99 59.8 36.6 0.9
20030121 97.3 97 92.2 69.6 16.2 7 28.3 14.8 4.3 5.8 45.1 1.5 47.9 4.8 11.7 2.8 99.9 NA 91.4 99.4 69.4 41.4 2.2
20030122 97.6 96.9 92.6 83.1 16.6 6.8 31.8 15.6 4.2 5 50 3.1 57.4 5.5 11.9 3.8 100 NA 89.4 99.5 78.6 43.9 4.3
20030123 97.7 98.2 94.1 95.2 19.3 6.4 33.5 14.9 3.4 4 54.7 4 68.1 6.1 12.2 5.1 100 NA 88.2 100 91.2 48.4 5.6
20030124 97.4 98.2 94.1 95.2 21.4 10.2 38.7 16.5 3.3 3.4 56 4.5 71.4 6 12.1 8.4 100 NA 90.9 100 92.6 53.8 7.3
20030125 99.3 98.3 94.7 95.7 23.7 14.2 43.3 17.1 3.6 3.3 58 5.9 74.7 6.4 12.4 12.6 100 NA 92.7 100 96.5 62.3 9.3
20030126 98.9 98.3 94.7 95.3 24.7 18.3 48.5 18.8 3.2 2.5 58.2 6.4 77.7 6.2 12.2 15.5 100 NA 95.3 100 97.8 67.6 10.8
20030127 98.6 98.3 95 95.5 26.4 21.8 53.2 19.6 2.9 1.8 58.6 7.2 79.9 6.3 11.9 19.1 100 NA 97.5 100 98.8 75 12.5
20030128 99 97.4 94.3 95.5 23.6 17.6 49.6 20.8 4.9 4.7 61.4 6.1 81.3 11.6 14.9 21 99.8 NA 97 100 98.8 71.4 10.7
20030129 97.8 96.5 93.5 96.9 21.9 14.6 47.2 21.4 7.8 8.4 62.8 4.9 83 19.6 18.3 22.5 99.6 NA 96.9 100 95.2 68.8 9.9
20030130 98.1 95.3 92.6 96.9 18.7 10.6 43.2 22.1 9.8 11.3 65.4 3.6 83.5 25.2 21.4 24.2 99.4 NA 96 100 95.2 62.5 8
20030131 98.3 95.8 93 96.9 19.1 13.4 42.8 21.2 8.6 9.4 67.6 2.8 84.2 24.8 21.6 24.4 98.5 NA 95.2 100 95.2 62.1 7.1
20030201 98.5 96.8 94 96.9 19.6 16 44.9 20.4 6.8 7.9 72.9 2 86 24 22.7 25.5 98 NA 95.7 100 99.1 62.7 6.3
20030202 98.3 93.7 93.3 95.5 18.6 17.8 43.8 18.7 5.3 5.6 74.6 1.2 82.5 23.6 22.6 25.7 97.1 NA 94.6 100 99.1 61 5.1
20030203 98.4 94.4 93.9 95.5 18.7 20.3 44.3 17.7 3.9 3.6 75.8 0.6 83.3 22.7 22.5 26 96.3 NA 94.2 100 99.1 61.3 4.7
20030204 97.1 90.9 93.4 95.5 24.8 17.2 48.6 18.5 3.9 5.9 72.7 0.9 76.5 21.5 21.1 25.4 96.4 NA 95.2 100 98.9 65.1 4.1
20030205 95.8 88.3 89.2 92.9 29.5 15.4 52.7 19.5 4.2 8 75.4 1 67.9 20.8 20.4 24.2 97 NA 94.5 100 98.4 69 2.8
20030206 93.9 83.6 88.5 92.8 35.7 12.3 57.6 20.1 4.6 10.6 72 1.2 61.1 19.7 19.2 23.5 97 NA 95.5 100 98.1 73.1 2.1
20030207 94.8 86.1 88.9 92.9 32.5 13.8 61.6 21.6 5.8 9.9 71.7 2.3 63.3 17.8 19.1 22.8 96.1 NA 95.7 100 98.1 70.1 3.2
20030208 96.9 89.9 94.3 96.4 30.3 15.1 64.9 22.1 6.9 10.7 69.7 3.3 66 17.4 21.4 23.7 94.6 NA 97.7 100 99.1 69.4 4.2
20030209 97.8 92.3 94.6 95.4 26 15.2 66.2 23.6 7 9.5 68.4 3.8 66.8 15.5 21.3 22.4 93.7 NA 97.6 100 98.8 65 4.5
20030210 98.5 94.7 95.1 95.4 22.2 16.5 68.2 24.2 8.1 8.6 64.7 4.9 68.7 14.2 21.8 22.2 92.6 NA 97.6 100 98.8 61.6 5.6
20030211 98.5 89.7 93.3 94.4 32.6 21.2 70.8 24.6 8.6 9.8 71.1 4.8 68.5 16.3 27.8 25 94.9 NA 95.8 100 98.8 68.8 5.4
20030212 97.7 82 91.4 93.8 41.8 25.6 74.9 25.1 9.5 13 72.7 5.4 67.6 18.4 34.2 28.2 97.2 NA 93.1 100 98.9 75.9 5.9
20030213 97.7 76.3 89.2 93 52.5 30.3 76.8 24.5 10 14.2 79.4 5.4 66.9 20.3 39.8 30.8 99 NA 91.8 100 98.9 82.2 5.8
20030214 97.7 81.8 90.9 93.8 60.4 42.1 78.9 24.2 12.6 21.2 82.7 7.9 73.2 37.8 52.5 40 99 NA 93.5 100 98.9 86.1 13.8
20030215 98.5 85.4 91.9 95.3 73 59.6 82.2 24.9 15.2 30.9 89 10.1 82.4 59.9 68.3 53.1 99.5 NA 95.9 100 100 89.8 23.4
20030216 98.5 90.8 93.7 96.1 80.9 71.4 83.9 24.5 17.8 37.9 91.4 12.7 88.7 77.4 80.9 62.3 98.7 NA 97.6 100 100 93.7 31.4
20030217 98.5 95.3 95.2 96.8 91.4 86.3 85.2 24.8 20.4 46.3 96 14.9 96.1 96.1 95 72.8 99 NA 98.3 100 100 97.2 38.8
20030218 98.5 94.9 94.6 96.8 84.9 66.7 81.9 27 17.8 38.3 97.2 12.3 95.6 92.1 87.4 61.7 99 NA 92 100 100 94.2 35.8
20030219 98.3 94.8 94.6 96.7 79.6 50 78.9 26.4 15.9 31.4 94.9 11.2 95.4 88.5 81.4 52.4 99.7 NA 86.2 100 98.8 90.7 35.7
20030220 98.3 93.9 93.4 96.7 72.7 32.9 75.6 28.9 13.6 24 95.5 8.6 94.9 83 74 41.9 99.7 NA 80.3 100 98.8 87 32.8
20030221 98.3 92.4 90.8 92.5 76.6 39.3 72.6 22.7 10.9 27.9 95.5 6.4 83 83.2 79 48.8 99.5 NA 82.5 100 98.8 89 25.4
20030222 99.9 92.3 90.2 87.2 80.3 47.9 71.5 16.7 8.7 32 97.5 5.2 73.7 85.4 85 59.8 99.3 NA 86.3 100 99.9 91.9 17.9
20030223 99.9 91 88.3 84.4 81.1 53 65.7 9.5 5.4 34.4 95.7 3.1 59.3 82.8 88.8 64.9 97 NA 86.9 100 99.9 92.6 9.8
20030224 99.9 90.4 86.9 78.9 84 58.8 63.9 3.3 2.8 37.8 95.7 0.3 50 84.1 93.9 72.7 96.9 NA 89.1 100 99.9 94.9 2.3
20030225 99.9 92.3 90.3 84.4 86.7 68.2 73.9 13.6 5.8 40 95.7 17 62.9 82.9 93.5 78.5 97.1 NA 92.3 100 99.9 95.2 14.8
20030226 99.8 93.2 92.4 89.2 91.6 80.1 82.9 27.4 9.5 40.5 97.3 30.6 75.6 83.1 94.2 85.3 99.7 NA 95 100 100 96.4 26.6
20030227 99.7 94.7 95.1 96 95.3 91.5 93.3 37.7 12.5 42.4 97.4 47.3 89.6 80.6 93.7 92 100 NA 97.5 100 100 96.7 39.7
20030228 99.8 94.7 95.1 96 95.3 92.2 94.1 39.2 15.1 42.2 97.4 36.2 88.2 84.1 94 92.5 100 NA 97.6 100 100 96.7 34.5
20030301 99.8 95.2 95.3 97 95.4 93.5 94.2 37.8 18.7 43.7 97.8 25 86.8 87.9 94.7 94 100 NA 97.7 100 100 96.9 28.9
20030302 99.9 95.2 95.3 96.8 95.4 94.2 94.9 39.2 20.9 42.8 97.5 13.3 84.3 91.4 95 94.4 96.7 NA 97.7 100 99.9 96.9 22.6
20030303 100 95.2 95.3 96.8 95.4 95.2 95.3 38.2 23.7 43.2 97.5 2.1 82.3 95 95.5 95.1 96.7 NA 97.8 100 99.9 96.9 16.6
20030304 99.9 95.1 95.3 96.8 95.4 95.2 95.3 36.8 21.8 44.4 97.5 2.1 80.5 95 95.5 95.1 96.2 NA 97.8 100 99.9 96.9 15.9
20030305 99.9 94.9 95.3 96.8 95.4 95.2 95.3 37.1 21.2 48 97.5 1.5 78.6 95 95.5 95.1 95.5 NA 97.8 100 99.9 96.9 13.7
20030306 99.8 94.8 95.3 96.8 95.4 95.2 95.3 35.2 18.9 49 97.5 1.5 76.9 95 95.5 95.1 95 NA 97.8 100 99.9 96.9 13
20030307 99.9 95 95.4 96.9 95.4 95.2 95.3 34.3 17.3 50.8 98 0.9 73.6 95 95.6 95.2 97.8 NA 97.8 100 99.9 97 10.9
20030308 99.8 94.8 95.4 96.9 95.4 95.2 95.3 34.6 15.9 53.4 98 0.9 72.1 95 95.6 95.2 97.2 NA 97.8 100 99.9 97 10
20030309 99.8 94.7 95.4 96.9 95.4 95.2 95.3 32.7 14.5 55.4 98 0.6 70 95 95.6 95.2 96.5 NA 97.8 100 99.9 97 8.4
20030310 99.7 94.5 95.4 96.9 95.4 95.2 95.3 32.3 12.9 57.3 98 0.3 68.4 95 95.6 95.2 96 NA 97.8 100 99.9 97 7.2
20030311 99.6 88.3 93.9 95.6 93.1 95.2 93.2 29.8 9.2 51.2 97.9 0.4 66.4 82.4 94.6 94.7 96.3 NA 93.7 100 99.9 95.7 5.6
20030312 99.6 82.6 91.5 94.4 90 95.2 91.4 27.9 5.5 45.7 97.8 0.4 66.2 72.3 93.2 94.3 96 NA 90.4 100 99 93.6 3.9
20030313 99.4 77.5 90.2 93.4 86.9 95.2 89.9 25 2 39.2 97.5 0.4 63.4 62.2 92.1 94 96.3 NA 87.1 100 99 91.8 2.3
20030314 98.8 79.6 91.2 94.1 87 95.2 87.1 23.5 2.6 35.3 97.5 0.4 69.1 72.3 92.3 92 95.2 NA 83.8 100 99 91.9 4.4
20030315 97.9 81.9 91.8 94.9 88 95.3 83.7 20.7 3.1 31.7 97.8 0.4 77.1 77.3 91.4 89.2 94.1 NA 79.5 100 100 92.8 6.7
20030316 97.3 82.9 89.3 93.3 84.6 90.7 78.2 16.9 3.4 25.2 96 0.4 82.1 85.9 89.5 86.4 92.5 NA 73.3 100 100 92.7 8.7
20030317 96.4 82.9 89.7 93.5 84.1 90.7 74.4 14.9 3.9 21.5 95.9 0.3 87.8 91.3 88.6 83.5 91.4 NA 68.9 100 100 92.3 10.8
20030318 97.4 79.7 85.7 86.1 80 80 77.9 12.8 3.3 24.2 91.2 0.2 75.4 88.3 87 82.6 88.6 NA 73.4 100 100 92.4 8.9
20030319 98.7 74.8 84.6 80.4 77.5 71.4 83.2 10.5 3.5 26.8 85.6 0.2 60.9 88.3 85.7 79.8 84.8 NA 77.9 100 100 91 7.3
20030320 99.7 71.4 81.2 73.5 73.2 62.1 85.8 8.4 2.8 29.5 81.3 0.2 48.6 84.9 83.7 77.6 82 NA 81.4 100 100 89.9 5.7
20030321 99.8 70.6 81.2 74.9 71.6 60 81.8 7.7 2.2 28.4 84.4 0.3 48 86.4 83.6 75.1 74.6 NA 74.7 100 100 90.2 5.1
20030322 99.9 68.8 82.3 76.8 72.8 60.4 78.9 6.7 1.6 27.4 85.3 0.3 42.7 86.2 84.5 73.8 71.7 NA 68.3 100 100 90.4 3
20030323 99.8 65.5 78.5 77.8 69.3 56.9 72.8 5.2 0.6 25.3 88.8 0.3 38.9 86.4 83.5 69.8 65.2 NA 62.1 100 100 89.1 1.6
20030324 99.8 62.9 79.3 79.1 69.8 56 69 4.2 0 23.4 89.9 0.3 36 85.5 83 68 57.6 NA 54.4 100 100 88.9 0.3
20030325 99.8 62.5 79.3 81.4 64.9 66.6 66.9 4.5 0.1 21.4 92.3 0.2 36 68.8 82.2 72.1 60.5 NA 57 100 100 87.4 0.3
20030326 99.4 59.5 81 84.1 61.2 74.1 64.9 5.4 0.1 19.6 92.5 0.2 37.3 51.5 82 72.8 66.1 NA 58 100 98.8 86.6 0.4
20030327 99.3 58.4 80.1 84.7 54.9 81.8 61.4 5.8 0.2 17.4 94.1 0.1 38.6 33.9 80.5 74.4 69.9 NA 58.9 100 98.8 84.7 0.6
20030328 97.1 46.2 66.8 77.3 46.9 69.3 51.2 4.3 0.2 16.9 85.9 0.1 38 31.6 72.3 68.8 55.6 NA 45.8 99.9 98.4 83.2 0.5
20030329 93.1 31.2 55.2 66.8 35.7 57.9 38.1 3.3 0.1 16.9 77.2 0 35.5 21.2 63.1 62 35.7 NA 31 99.8 99.4 81.7 0.3
20030330 91 20.1 44.1 60.5 25.5 47.4 29.4 1.7 0.1 16.4 69.4 0 35.4 18.6 55.2 57 22.9 NA 20.5 99.7 99.2 78 0.2
20030331 87.4 7.6 31.8 49.9 16 35.7 16.5 0.1 0 15.1 60.3 0 32.7 11.7 45.7 49.3 5 NA 5.8 99.6 98.9 76.3 0
20030401 90.6 6.8 35.2 53.6 16.8 34.1 17.6 0.1 0 14.3 64.8 0 32 12.8 49.7 55.3 5 NA 5.8 99.7 99.4 78.4 0.1
20030402 93.9 4.8 34.8 59.2 17.9 32.9 14.6 0 0 11.6 70.3 0 27.9 13.9 53 60.9 5 NA 0.9 99.7 98.4 81.3 0.2
20030403 95.9 3.9 36.5 62.1 18.1 31.7 15.9 0 0 10.1 74.7 0 25.9 14.4 55.2 64.6 5 NA 0.7 99.8 98.7 82.4 0.4
20030404 94.6 3.9 28.3 51 18.7 27.4 14.4 0 0 10.7 69.6 0 21.2 13.5 49.4 66.7 5 NA 0.7 99.8 98.2 85 0.4
20030405 92.7 3.9 21.4 41.7 19.6 22.9 11.6 0 0 11.7 64.3 0 18.9 12.4 44.7 68 5 NA 0.4 99.9 98.9 86.5 0.2
20030406 90 0 10.1 28.6 18.1 17 8.6 0 0 11.4 56.6 0 12.5 6.2 35.2 69.4 0 NA 0.2 100 97.8 88 0.1
20030407 87.9 0 3.3 19.3 18 11.2 6 0 0 12.1 50.3 0 7.9 5.2 30.6 69.8 0 NA 0 100 97.7 89.6 0
20030408 83.5 0 3.8 17 18.4 9.7 5 0 0 10.4 45.9 0 8.2 13.9 30.9 64 0 NA 2.4 99.9 96.8 87.8 0
20030409 77.7 0 4.6 17.3 22.6 12 8.5 0 0 9 42.9 0 8.6 21.1 32.6 55.1 0 NA 11.1 99.8 94.8 84.7 0
20030410 71.6 0 5.3 15.5 25.1 11.1 8 0 0 7.2 38.7 0 8.9 33.3 33.7 48.7 0 NA 13.6 99.7 93.8 82.9 0.1
20030411 69.5 0 4.7 16 22.4 9.2 7.5 0 0 6.1 37.2 0 8.3 29.7 29.4 42.6 0 NA 11.1 99.1 93.4 80.1 0.1
20030412 68.6 0 4.2 11.3 16.2 8.9 7 0 0 5.8 34.3 0 7.9 18.9 24.5 35.4 0 NA 8.7 98.3 91.3 76 0
20030413 63.4 0 3.1 9.5 9.9 3 1.7 0 0 3.6 29.3 0 7.1 15.2 17.9 27.9 0 NA 2.5 97.8 90.2 72.2 0
20030414 61.9 0 2.6 6.9 4.9 1.1 1.1 0 0 2.5 26 0 6.3 6.6 12.4 21 0 NA 0.1 97.1 88 68.5 0
20030415 56.4 0 2.2 6.1 4.1 1.1 1 0 0 2.3 22.4 0 5.7 6.5 11.9 18.7 0 NA 0.1 95.7 83.4 65.1 0
20030416 43.7 0 2 5.2 3.8 0.9 0.8 0 0 1.8 19.1 0 4.5 6.4 11.2 15.9 0 NA 0.1 92.8 78 61.3 0
20030417 38.1 0 1.6 4.3 2.9 0.8 0.6 0 0 1.6 15.5 0 3.9 6.2 10.6 13.8 0 NA 0.1 91.4 73.4 56.3 0
20030418 30 0 1 2.6 2 0.6 0.5 0 0 1 10.6 0 2.4 1.2 8 10.8 0 NA 0.1 89.8 64.9 53.2 0
20030419 24.6 0 0.6 1.7 1.1 0.5 0.4 0 0 0.7 7 0 1.8 1.1 7.4 8.5 0 NA 0 87.1 60.1 49.2 0
20030420 12.2 0 0.3 0.9 0.5 0.4 0.1 0 0 0.4 2.8 0 0.6 0.9 6.6 5.2 0 NA 0 85.5 53.9 46 0
20030421 6.2 0 0 0 0 0.3 0 0 0 0 0.1 0 0 0.8 6.1 3.6 0 NA 0 83.5 50.2 41.3 0
20030422 3.9 0 0 0 0.1 0.2 0 0 0 0 0.1 0 0 1 6.5 3.3 0 NA 0 80.8 43.3 40.4 0
20030423 2.3 0 0 0 0.3 0.1 0 0 0 0 0 0 0 1.1 6.8 3 0 NA 0 73.8 35.3 39.5 0
20030424 0 0 0 0 0.4 0.1 0 0 0 0 0 0 0 1.3 7.2 2.8 0 NA 0 71.9 29.6 37.5 0
20030425 0 0 0 0 0.3 0 0 0 0 0 0 0 0 1.3 6.4 2.8 0 NA 0 62.9 21.6 35 0
20030426 0 0 0 0 0.3 0 0 0 0 0 0 0 0 1.4 5.9 2.4 0 NA 0 59.4 19.2 30.1 0
20030427 0 0 0 0 0.2 0 0 0 0 0 0 0 0 1.3 5.1 2.1 0 NA 0 51.8 10.6 27.4 0
20030428 0 0 0 0 0.1 0 0 0 0 0 0 0 0 1.4 4.3 1.9 0 NA 0 44 3.3 23.7 0
20030429 0 0 0 0 0 0 0 0 0 0 0 0 0 1.2 4.7 2 0 NA 0 37.4 2.3 20.3 0
20030430 0 0 0 0 0 0 0 0 0 0 0 0 0 1.2 5.1 1.9 0 NA 0 29.8 1.5 17.3 0
20030501 0 0 0 0 0 0 0 0 0 0 0 0 0 1 5.5 2 0 NA 0 22.2 0.6 13.6 0
20030502 0 0 0 0 0 0 0 0 0 0 0 0 0 0.8 4.9 1.6 0 NA 0 19.1 0.6 11.5 0
20030503 0 0 0 0 0 0.1 0 0 0 0 0 0 0 0.6 4.4 1.4 0 NA 0 12.8 0.6 9.2 0
20030504 0 0 0 0 0 0 0 0 0 0 0 0 0 0.4 3.8 1.1 0 NA 0 9.7 0.2 7.1 0
20030505 0 0 0 0 0 0 0 0 0 0 0 0 0 0.1 3.3 0.8 0 NA 0 5 0.2 5 0
20030506 0 0 0 0 0 0 0 0 0 0 0 0 0 0.2 3.1 0.7 0 NA 0 5 0.2 5 0
20030507 0 0 0 0 0 0 0 0 0 0 0 0 0 0.4 2.8 0.4 0 NA 0 0 0 0 0
20030508 0 0 0 0 0 0 0 0 0 0 0 0 0 0.5 2.6 0.3 0 NA 0 0 0 0 0
20030509 0 0 0 0 0 0 0 0 0 0 0 0 0 0.4 2.2 0.2 0 NA 0 0 0 0 0
20030510 0 0 0 0 0 0 0 0 0 0 0 0 0 0.4 1.8 0.2 0 NA 0 0 0 0 0
20030511 0 0 0 0 0 0 0 0 0 0 0 0 0 0.4 1.3 0.1 0 NA 0 0 0 0 0
20030512 0 0 0 0 0 0 0 0 0 0 0 0 0 0.2 0.9 0.1 0 NA 0 0 0 0 0
20030513 0 0 0 0 0 0 0 0 0 0 0 0 0 0.3 1 0.1 0 NA 0 0 0 0 0
20030514 0 0 0 0 0 0 0 0 0 0 0 0 0 0.2 1.1 0.2 0 NA 0 0 0 0 0
20030515 0 0 0 0 0 0 0 0 0 0 0 0 0 0.3 1.2 0.2 0 NA 0 0 0 0 0
20030516 0 0 0 0 0 0 0 0 0 0 0 0 0 0.2 1.1 0.1 0 NA 0 0 0 0 0
20030517 0 0 0 0 0 0 0 0 0 0 0 0 0 0.1 0.9 0.1 0 NA 0 0 0 0 0
20030518 0 0 0 0 0 0 0 0 0 0 0 0 0 0.1 0.7 0.1 0 NA 0 0 0 0 0
20030519 0 0 0 0 0 0 0 0 0 0 0 0 0 0 0.6 0 0 NA 0 0 0 0 0
20030520 0 0 0 0 0 0 0 0 0 0 0 0 0 0 0.7 0 0 NA 0 0 0 0 0
20030521 0 0 0 0 0 0 0 0 0 0 0 0 0 0 0.7 0 0 NA 0 0 0 0 0
20030522 0 0 0 0 0 0 0 0 0 0 0 0 0 0 0.7 0 0 NA 0 0 0 0 0
20030523 0 0 0 0 0 0 0 0 0 0 0 0 0 0 0.7 0 0 NA 0 0 0 0 0
20030524 0 0 0 0 0 0 0 0 0 0 0 0 0 0 0.7 0 0 NA 0 0 0 0 0
20030525 0 0 0 0 0 0 0 0 0 0 0 0 0 0 0.7 0 0 NA 0 0 0 0 0
20030526 0 0 0 0 0 0 0 0 0 0 0 0 0 0 0.6 0 0 NA 0 0 0 0 0
20030527 0 0 0 0 0 0 0 0 0 0 0 0 0 0 0.6 0 0 NA 0 0 0 0 0
20030528 0 0 0 0 0 0 0 0 0 0 0 0 0 0 0.4 0 0 NA 0 0 0 0 0
20030529 0 0 0 0 0 0 0 0 0 0 0 0 0 0 0.3 0 0 NA 0 0 0 0 0
20031201 0 0 0 0 0 0 0 0 0 0 0 0 0 0 0.7 0 0 NA 0 0 0 0 0
20031202 0.6 0 0 0 0 0 0 0 0 0 0 0 0 0.3 1.2 0 0 NA 0 4.5 0 0 0
20031203 1.3 0 0 0 0 0 0 0 0 0 0 0 0 0.6 1.6 0 0 NA 0 8.8 0 0 0
20031204 1.3 0 0 0 0 0 0 0 0 0 0 0 0 0.5 1.6 0 0 NA 0.4 9.2 0 0 0
20031205 1.1 0 0 0 0 0 0 0 0 0 0 0 0 0.3 1.5 0 0 NA 0.7 7.9 0 0 0
20031206 1.1 0 0 0 0 0.1 0 0 0 0 0 0 0 0.3 1.5 0 0 NA 0.7 9 0 0 0
20031207 1 0 0 0 0 0.1 0 0 0 0 0 0 0 0.1 1.4 0 0 NA 1.2 8.6 0 0 0
20031208 0.9 0 0 0 0 0.1 0 0 0 0 0 0 0 0 1.4 0 0 NA 1.4 8.1 0 0 0
20031209 2.4 0 0 0 0 0.1 0 0 0 0 0 0 0 0.1 1.5 0 0 NA 1.6 9.9 0.6 0 0
20031210 4 0 0 0 0.1 0 0 0 0 0 0 0 0 0.3 1.6 0 0 NA 2 13.5 1.3 0 0
20031211 5.5 0 0 0 0.1 0 0 0 0 0 0 0 0 0.5 1.7 0 0 NA 2.7 15.2 1.9 0.1 0
20031212 7.9 0.2 0 0.3 0.2 0 0 0 0 0 0 0 0 0.6 1.7 0 1.8 NA 7.6 15.2 1.6 0.6 0
20031213 10.7 0.9 0 1 0.2 0 0.1 0 0 0 0 0 0 0.7 2 0 7.7 NA 14.6 19.1 1.5 2.3 0
20031214 12.6 0.9 0 1.2 0.2 0 0.1 0 0 0 0 0 0 0.8 2 0 7.8 NA 17.3 19.1 1.1 2.4 0
20031215 14.2 1.1 0 1.5 0.2 0 0.1 0 0 0 0 0 0 0.9 2.1 0.1 9.6 NA 22.2 19.2 0.8 2.9 0
20031216 14 1.1 0 1.7 0.2 0.1 0.1 0 0 0 0.1 0 1 1 2.3 0.1 10.8 NA 23.9 22.6 1.2 3.3 0
20031217 13.6 0.8 0 2.1 0.3 0.2 0.2 0 0 0 0.2 0 1.7 1 2.4 0.1 13.2 NA 25.1 25.2 1.3 2.9 0
20031218 14 0.8 0 2 0.3 0.3 0.3 0 0 0 0.5 0 2.8 1.1 2.5 0.1 15.8 NA 26.7 28.3 1.6 3 0
20031219 15.4 1.6 0 2 0.2 0.4 0.3 0 0 0 0.5 0 2.8 1.1 2.5 0.1 16 NA 30.1 26.6 1.4 3.3 0
20031220 16.9 2.5 0 1.5 0.1 0.3 0.3 0 0 0 0.3 0 3.1 1.2 2.4 0.1 15.7 NA 31.3 23.6 1.3 3.1 0
20031221 18.1 2.9 0 1.1 0.1 0.4 0.2 0 0 0 0.3 0 3.1 1.2 2.3 0.1 16 NA 34.1 21.4 1 2.8 0
20031222 18.8 3.6 0 0.8 0 0.3 0.2 0 0 0 0.2 0 3.1 1.2 2.3 0.1 12.9 NA 35.8 17.3 0.7 2.7 0
20031223 19.8 3 0 1.2 0 0.6 0.4 0 0 0 0.1 0 3.2 2.1 3.1 0.1 14.1 NA 33.1 22.3 1 3.4 0
20031224 21.5 2.6 0 1.8 0.1 0.8 0.6 0 0 0 0.1 0 3.3 3.4 4.1 0.1 23.1 NA 32.1 31 1.6 3.8 0
20031225 23.3 2 0 2.2 0.2 1.1 0.8 0 0 0 0 0 3.5 4.3 4.9 0.2 24.2 NA 29 36 1.9 4.8 0
20031226 22.5 1.7 0 1.6 0.1 0.7 0.6 0 0 0 0 0 3.6 3.2 4.3 0.1 23.1 NA 26.5 37.7 1.8 4.3 0
20031227 19.5 1.5 0 1.3 0.3 0.7 0.4 0 0 0.1 0 0 5.4 2.5 4.2 0.1 13.3 NA 25.8 45.4 2.6 4 0.2
20031228 18.5 1.1 0 0.8 0.2 0.4 0.2 0 0 0 0 0 5.4 1.3 3.5 0.1 12.2 NA 22.8 47.2 2.5 3.5 0.2
20031229 16.4 0.8 0 0.3 0.2 0 0 0 0 0 0 0 5.3 0.1 3 0.1 6 NA 22.3 49.8 2.5 2.8 0.2
20031230 17.1 0.8 0 0.4 0.2 0 0 0 0 0 0 0 5.3 0.4 3.2 0.1 6.1 NA 21.8 45.5 3 3.5 0.2
20031231 18.6 0.5 0 0.6 0 0.1 0 0 0 0 0 0 4.4 0.5 3.4 0.1 1.6 NA 20.9 42.9 3.3 4.4 0
20040101 18.6 0.5 0 0.6 0 0.1 0 0 0 0 0 0 4.4 0.7 3.6 0.1 1.4 NA 18.7 37.2 3.8 4.5 0
20040102 20.6 0.5 0 0.6 0.1 0.1 0 0 0 0 0.2 0 4.3 0.5 3.7 0.1 1.4 NA 17.6 41.8 3.6 4.5 0
20040103 21.9 0.2 0 0.3 0.4 0.1 0 0 0 0.1 0.7 0 4.4 0.5 3.8 0.1 0.7 NA 18 47.9 7 4.2 0.1
20040104 23.8 0.1 0 0.1 0.5 0 0 0 0 0 0.9 0 4.2 0.3 3.9 0.1 0.3 NA 16.8 52.4 6.3 4.3 0.1
20040105 23.7 0 0 0 0.6 0 0 0 0 0 1 0 4.1 0.2 4 0.1 0 NA 15.1 56 6.2 3.8 0.1
20040106 38.7 22.9 1.3 0.8 2.5 0.7 2.2 0.7 0.4 0.9 5.7 0 8.5 2 5.7 0.5 30 NA 32.1 71.2 15.1 12.2 0.3
20040107 57.1 47.5 2.7 1.7 5.4 1.4 5.9 1.4 0.8 2.2 11.5 0 13.9 3.8 7.5 0.9 60 NA 47 83.7 24.1 20.6 0.6
20040108 71.1 70.4 4.4 2.7 7.6 2.5 8.4 2.8 1.6 3.2 16.9 0 19.2 5.7 9.1 1.4 95 NA 59.4 94.8 30.2 28.2 0.8
20040109 74.4 72.6 5.6 3 7.2 2.9 9.5 3 1.6 3 18.7 0.2 17.3 5.1 9.6 1.4 93.9 NA 65.2 95.1 31.8 27 0.8
20040110 79.7 74.1 7.1 4.3 7 3 12.5 2.7 0.8 2.9 21.2 0.4 19.5 6.1 10.7 1 93.1 NA 71.2 99.7 30.2 26.7 1
20040111 82.9 75.2 8.2 4.8 6.5 2.9 12.9 2.8 0.4 2.5 22 0.9 17.2 5.8 10.8 0.9 87 NA 71.5 99.9 29.9 25 1.1
20040112 86.6 75.4 9 4.8 6.1 3.1 14 2.6 0 2.3 23.4 0.9 16 5.4 11 0.7 86.3 NA 76.8 100 29.2 23.9 1
20040113 88.1 81.1 12 13.4 9.2 4.1 16.3 2.6 0.7 3.3 33.7 2.5 21.2 6.9 11.9 1.6 87.8 NA 78.3 100 36.3 33.4 1.8
20040114 91.4 88 15.3 21.5 12.8 5.6 18.3 3.7 1.4 4.5 43.4 4.1 28.2 7.6 12.5 2.6 93.9 NA 81 100 44.9 41.9 3
20040115 91.5 93.3 18.1 29.7 16.3 6.7 20.4 3.9 2.1 5.4 54.7 5.7 34 8.9 13.4 3.5 95 NA 81 99.9 52.2 50.9 4
20040116 91.8 92.5 17.9 28.7 15.5 4.9 21.2 4.2 1.4 4.6 53.2 4.1 40.6 7.9 12.1 3 95 NA 82.7 100 56.5 49.2 3.5
20040117 94.3 92.5 20.2 31.1 14.9 4.2 23 5.5 1.7 5.2 56.2 3.9 45.4 8.7 11.6 3.2 95 NA 85.6 100 61.4 49.5 4.4
20040118 94.4 91.8 19.6 30 13.6 2.4 23.5 5.8 1 4.5 54.6 2.3 51.7 7.6 10.2 2.6 95 NA 85.9 100 60.4 47.5 3.9
20040119 95.8 90.7 19.4 29.3 12.3 0.8 24.6 6.3 0.7 4 53.5 1.1 55.7 7 9.1 2.3 95 NA 88.8 100 64.3 45.8 3.6
20040120 95.4 86.2 35.7 29.5 14 1.6 25.7 10.4 2.2 6.2 53.5 1.3 56 9.7 11.7 4.9 94.4 NA 88.2 99.6 70.4 43.2 4.5
20040121 96.9 83.3 53.3 29.1 14.7 2.2 23.6 15.7 3.3 7.5 51.8 1 58.4 13.2 14.2 7.3 98.7 NA 89.8 99 76.9 39.5 4.7
20040122 96.5 80.6 70.2 28 15.7 2.8 23.7 21 4.5 9 50 1.1 57.9 15.8 16.6 9.7 98.2 NA 89.1 98.5 81.7 36.3 5.1
20040123 96.9 84.8 77.8 44.9 16.7 6.1 26.3 23.6 5.5 8.3 54 7.8 65.6 17.2 19.1 10.5 98.7 NA 90 99 87.6 46 8.9
20040124 97.7 89 83.4 60.1 18.9 11 32.6 27.2 8.4 8.9 64 14 73.7 19.6 22.9 12.7 99.1 NA 94.3 99.3 91 61.6 13.3
20040125 97.5 93.2 90.8 73.7 20.1 14.5 35.2 28.8 9.4 8.1 68 20.7 81.2 20 24.8 13.4 99.6 NA 95.1 99.7 94.1 71.3 16.5
20040126 97.7 95.3 94.6 90.9 20.5 17.4 39.3 31.5 10.7 7.7 73.3 25.5 87.1 19.6 26.6 14.8 99.9 NA 97.7 100 98.5 82.3 19.8
20040127 97.7 95.3 94.6 91 24.9 14.6 43.3 28.2 10.6 11.6 74.6 23.4 86.6 20.1 26.9 17.6 99.9 NA 97 100 98.5 82 22.3
20040128 99.9 95.2 95 92.5 30.4 11.7 45.9 25.4 10.3 14.5 76.4 22.5 85.3 21.4 28.1 20.5 99.8 NA 95.9 100 98.7 82.9 25.3
20040129 99.9 95.2 95 90.2 35.8 9.5 48.7 22.6 9.5 17.2 75.9 19.2 84 21.4 28.1 22.7 99.8 NA 94.6 100 98.7 82.6 28.1
20040130 99.9 95.2 95 90.3 37.1 14.5 52.9 25.4 10.1 15.8 73.7 15.1 82.3 34.7 30.8 23.1 99.8 NA 95.9 100 98.7 85.7 26.1
20040131 99.9 96.2 95 94 39.1 21.2 55.4 28.8 10.2 16 68.8 11.9 79.9 52 36.2 25.9 100 NA 96 100 99.5 86.5 22
20040201 99.9 96.2 95 94 39 26.1 59.6 31.4 10.8 14.6 66.5 7.5 76.7 66 38.9 26.1 100 NA 97.3 100 99.5 88.5 19.3
20040202 99.9 96.2 95 95.8 39.7 30.9 62.3 33.2 10.4 13.1 61.5 5.6 74.4 81.7 41.9 26.8 100 NA 97.9 100 99.5 89.1 15.3
20040203 99.9 95.1 93.9 93.3 36.6 22.6 63.6 33.2 12.9 18.1 64.3 7.6 70.3 83.7 42.8 25.5 100 NA 96.4 100 98.5 81.6 12.8
20040204 99.8 93.9 93.2 91 32.7 14.2 65.2 33 15.6 22.2 65.5 9.9 67.5 84 43.7 24.6 99.8 NA 95.7 99.9 98 73.8 10.5
20040205 99.8 91.6 92 89 29.3 6.7 64.1 33.1 17.4 25.9 68 10.2 62.9 84.9 43.7 24.3 99.8 NA 92.7 99.8 97 66.4 8
20040206 99.8 89.8 91.2 90.9 32.5 8.3 60.8 32.9 20.6 24 65.9 9.7 60.9 85.7 45 23.4 99.6 NA 87.9 99.9 97.2 69.6 6.8
20040207 99.8 88.7 90.1 92.5 33.1 9.2 58.1 34.7 23.3 22.4 61.9 7.5 62.1 91.3 46.4 24 99.4 NA 81.9 99.9 97.7 69.9 6.3
20040208 99.8 85.6 89.5 94.2 35.3 10.8 54.8 32.9 24.1 18.6 59.7 6 60.3 91.9 47.6 22.7 99.3 NA 76.9 100 97.9 71.8 4.7
20040209 99.8 83.9 88.1 95.2 36.3 11.2 51.2 32.1 25.8 16.3 54.6 4 58.6 95.2 48.5 21.1 98.9 NA 71 100 97.3 72.3 3.4
20040210 99.3 81.5 86.6 95.2 35.3 15.6 53.3 30 19.5 15.1 59.9 4.3 60.8 79.2 52.5 24.6 98.3 NA 78.4 100 97.9 77.1 4
20040211 99.1 77.7 84.2 93.6 32.7 18.8 55.6 26.4 12.5 13.6 63.8 3.2 63.8 64.3 56.9 28.2 97.5 NA 86 100 97.7 81 4.5
20040212 98.6 75 81.7 93.6 30.6 22.8 57.5 24.6 6.2 12.2 68.5 3 65.5 43.4 58.1 31.9 96.9 NA 91.8 100 98.5 83.9 4.9
20040213 98.5 79 84.9 93.6 31.1 24.7 58.5 25.5 8.5 12.7 67.2 4.5 69.3 43.3 51.2 27.5 97.4 NA 91.8 100 98.5 83.7 6.5
20040214 98.2 86.8 88.4 94.9 31.6 27.1 60 26.5 11.2 14.4 67.7 7.6 76.7 40.3 43.2 23.8 98.5 NA 91.9 100 99.2 82.6 9.9
20040215 97.9 90.9 91.6 94.9 28.7 26.2 58.5 27 12.5 13.4 65.9 9.1 80.5 37.2 34.8 19.3 99 NA 87.9 100 99.2 82 11.6
20040216 97.5 95.3 94.5 95.5 28.5 27.8 59.3 26.8 13.9 13.5 64.1 10.3 84.9 35.5 27 14.1 99.5 NA 87.8 100 99.2 80.3 13.6
20040217 97.7 95.3 94.5 95.5 29.7 29.1 67.2 31.8 13 11.7 67.6 7.9 82.7 38.3 41.7 20.8 98.3 NA 84 100 99.2 79.1 10.8
20040218 97.9 93.8 93.2 94.8 29.5 28.7 74.1 35.9 10.5 10.1 68.1 3.4 78.6 46.3 57.2 26.9 97.6 NA 83.9 100 98.7 80.9 7.4
20040219 98 93.8 93.2 94.8 31 29.6 82.5 39.7 9.3 8.1 69.9 1.1 76 49.7 70 33.2 96.4 NA 80 99.9 98.7 78.7 4.2
20040220 97 80.7 85.9 92.1 27.8 28.3 77.2 31.3 8.2 9.6 66.8 1.1 71 38.1 59.9 28.8 95.7 NA 78.1 100 98.5 76.2 3.7
20040221 96.4 69.7 79.7 89.6 25.5 26.8 71.8 22.1 5.1 8.8 62.4 0.9 66.7 33.1 52.8 26.6 94.8 NA 76 100 99.6 72.7 2.4
20040222 95.4 58.2 71.6 87 21.3 24.3 65.3 13.5 3.1 9.7 59.6 0.7 60.8 21.3 42.4 22.1 94.1 NA 74.1 100 99.2 69 1.6
20040223 94.5 44.7 64.5 83.8 16.8 21.1 57.9 5.6 1 9.2 55 0.5 54.6 14.5 33.5 17.5 93.5 NA 71 100 99.2 66 0.5
20040224 95.1 52.2 66.5 85.6 18.2 25.2 53.3 6.1 2.2 9.4 59.4 0.5 57 18 36.5 19.4 93.5 NA 77.7 99.9 99.2 76.6 1.5
20040225 95.4 57.7 68.9 88.6 22.3 30.9 47.8 6.7 4.2 8.4 60.8 0.2 60 19.6 37.7 22.7 90.9 NA 85.2 99.8 99.6 84.9 3.2
20040226 95.8 64.4 70 89.8 24 34.8 42.7 8 5.8 8.1 63 0.2 62.4 21.5 39.1 24.6 91.2 NA 90.7 99.7 99.6 92.8 4.2
20040227 95.8 61.8 71.5 89.9 19.9 29.2 42.3 6.7 5.1 6.8 62.8 0.3 61.7 22.1 37.7 23.5 90.3 NA 87.3 99.7 98.9 88.2 3.9
20040228 96.4 61.2 72.1 89.9 19 25.9 43.3 5.1 5.3 5.8 63.1 0.5 58.2 24.2 37.6 24.2 92.4 NA 86.3 99.7 98.5 84.5 2.5
20040229 96.5 58.8 71.4 87.7 13.4 19.5 43.1 3.3 4.1 3.7 62.6 0.6 57.1 24.7 35.1 22.9 91.3 NA 82.8 99.6 97.8 78.5 1.4
20040301 96.5 56.6 71.8 87.6 9.4 13.6 41.8 1.5 3.5 3 62.2 0.6 54.1 23.8 33.3 21.3 90.7 NA 80.2 99.6 97.1 74.1 0.4
20040302 96.4 50.6 61.9 87.6 10.8 12.9 40.7 1.2 2.5 3.4 63.7 0.5 52.7 20.4 30.9 21.8 91.7 NA 77 99.6 97.3 68.4 0.4
20040303 95.7 42.4 52.2 87 12.7 11.1 39.9 0.4 1.2 3.6 65.7 0.2 50.4 16.1 28.1 21.2 88.2 NA 75.6 99.7 97.5 61.9 0.1
20040304 95.5 32.9 42.2 86.7 14 10.1 37.3 0.2 0.3 3.9 66.5 0.1 48.4 13 25.7 21.5 88.8 NA 71.6 99.7 97.7 55.8 0.1
20040305 95 27 37.7 85.5 12.4 10.5 31.1 0.2 0.5 4.2 62.4 0.1 47.5 12.1 24.7 20.4 77.3 NA 68.6 99.7 97.6 56.3 0.1
20040306 94.5 21.5 33.2 85.7 11 11.8 23.5 0.2 0.6 5.4 59.7 0.4 45.9 12 22.3 20.2 66.8 NA 64.1 99.7 97.4 57.7 0.3
20040307 94 15.5 27.8 84.4 8.5 12.1 16.3 0 0.6 6.1 52.8 0.5 44.4 11.1 20.4 17.6 56.4 NA 61 99.7 96.9 58 0.3
20040308 93.6 9.7 23.5 83.5 6.1 12.3 10.3 0 0.8 6.5 49 0.5 42.8 10.7 18 16.4 44.7 NA 57.7 99.7 96.7 58.4 0.3
20040309 92.5 8.8 23.1 84.3 6.8 13.6 10.4 0 0.6 5.5 47.3 0.5 46.6 10.4 17.4 16.8 33.2 NA 57.8 99.7 97.1 62.3 0.6
20040310 91.3 3.8 21.5 83.5 7.1 13.9 9.5 0.1 0.4 4.3 45.7 0.2 50.5 7.3 16.3 16.8 19.8 NA 55 99.7 97.6 66.6 1
20040311 90.7 2.6 21 83.9 7.4 14.3 9.3 0.1 0.2 3.2 42.7 0.1 52.7 6.6 15 17 5.1 NA 54.4 99.7 98.1 71.5 1.5
20040312 90 1.9 17.7 79.9 7.9 12 7.6 0.1 0.2 3.6 43.5 0.1 46.4 5 14.3 15.4 5.1 NA 56.1 99.7 96.8 66.8 1.4
20040313 88.5 4.9 14.6 76.9 6.8 10.9 6.5 0.1 0.2 3.8 45 0.1 42.5 4.4 14.6 14.5 5.6 NA 57.3 99.6 95.3 62.9 1
20040314 87.6 4.2 9.6 73.6 7.6 7.8 4.6 0 0 3.9 44.8 0 35.3 2.7 13.4 12.3 5.6 NA 56.5 99.6 93.2 57.9 0.6
20040315 86.6 3.7 5.9 69.8 6.5 6 2.9 0 0 4.1 45.9 0 29.4 1.5 12.6 10.3 5 NA 57.5 99.6 91.7 52 0.3
20040316 88.9 3.7 12.5 73 6.4 11.8 5.8 0 0 3.9 48.9 0 28.6 1.6 12.9 12.1 5 NA 54 99.6 90.6 60.4 0.3
20040317 90.3 0.1 20.5 80.5 5.3 18.3 8.9 0 0 2.6 49.9 0 28.9 3.1 12.5 14.5 5 NA 50.8 99.6 88.7 68.6 0.4
20040318 91.8 0.1 26.4 79 4.9 23.7 11.8 0 0 1.9 51.6 0 26.9 3.2 12.3 15.4 5 NA 43 99.6 87.1 76.7 0.4
20040319 89.3 0.1 22.6 74.6 4.5 19.6 10.1 0 0 2.1 46.2 0 26.3 3.4 12.1 13.2 5 NA 35.7 99.6 87.8 71.3 0.4
20040320 86.9 0.1 20.6 74.5 4.3 15.3 7.6 0 0 3.1 43.7 0 27.1 3.5 11.8 11.5 5 NA 31.2 99.6 88.2 66.1 0.4
20040321 84.3 0 16.3 70 2.7 10.3 5 0 0 3.3 38 0 25.3 1.5 10.4 8 0 NA 23.6 99.6 88.2 59.8 0.3
20040322 81.6 0 12.9 67.4 2.4 5.9 2.6 0 0 3.5 34 0 24.9 1.6 10.3 5.9 0 NA 17.2 99.6 88.7 53.4 0.3
20040323 82.1 0 11 70.6 2.6 6 3.1 0 0 2.9 35.8 0 24.1 1.3 10 6.7 0 NA 17.9 99.1 85.1 53.6 0.3
20040324 82.9 0 8.3 73.5 3.7 5.7 3.6 0 0 1.4 37.8 0 23.1 0.7 9.6 7.7 0 NA 17.7 98 81.9 53.1 0.1
20040325 83.5 0 6.4 76.2 3.7 5.4 4 0 0 0.8 38.2 0 21.6 0.4 9 8.2 0 NA 19.3 97.4 75.7 52.8 0.1
20040326 84.1 0 5.5 74.7 3.7 7.6 4 0 0 0.9 36.8 0 19.4 0.5 8.3 7.1 0 NA 19 97.4 72.7 52 0.1
20040327 83.9 0 4.2 72.4 3.3 10.1 4.1 0 0 0.9 35.3 0 19.5 1.1 7.7 6.6 0 NA 17 98 71.5 51 0.2
20040328 83.2 0 3.3 70.6 2.8 12.7 4 0 0 0.6 33 0 17.1 1 6.1 4.2 0 NA 16.9 98 66.8 49.8 0.2
20040329 83.3 0 1.9 67.9 2.4 14.4 4 0 0 0.6 31.1 0 14.7 1.1 5.7 3.1 0 NA 14.9 98 62.8 47.9 0.2
20040330 78.1 0 2.5 71.9 2.2 13.2 3.2 0 0 1.6 31.7 0 13 1 5.9 3.6 0 NA 11.8 97.5 68.7 51 0.2
20040331 69 0 3 73.9 2 11.8 1.8 0 0 2.3 32.7 0 10.8 0.1 6.3 3.7 0 NA 3.4 96.3 75 51.4 0
20040401 63.8 0 3.4 76.6 1.8 10.1 0.8 0 0 3.3 33.6 0 9 0 6.6 4.2 0 NA 0.2 95.7 80.6 53.5 0
20040402 57.9 0 2.7 63 1.9 8.7 0.8 0 0 2.8 28.8 0 7.3 0 6.1 3.3 0 NA 0.2 94.8 67.4 46.4 0
20040403 54.3 0 2 52.2 2 5.9 0.7 0 0 2.9 24.4 0 5.6 0.2 6.1 2.8 0 NA 0.4 94.5 57.7 42.9 0
20040404 47.5 0 1 37 2 3.7 0.2 0 0 1.7 19.4 0 3.8 0.1 5.3 1.8 0 NA 0.4 93.8 45.1 35.3 0
20040405 42.2 0 0.3 25.2 2.2 1.4 0.1 0 0 1.1 13.8 0 1.8 0.1 4.9 1.1 0 NA 0.4 92.7 32.7 29.6 0
20040406 44.3 0 0.2 25.5 2.1 1.4 0.1 0 0 1.1 13.9 0 1.8 0.1 4.9 1.1 0 NA 0.4 92.5 39.9 29.7 0
20040407 48.5 0 0.1 25.4 1.8 0.3 0 0 0 0.4 11 0 0.1 0.1 4.4 0.5 0 NA 0 90.4 43.7 27.1 0
20040408 49.3 0 0 25 1.6 0.2 0 0 0 0.4 10.4 0 0.1 0.1 4.4 0.5 0 NA 0 89.8 48.4 26.8 0
20040409 39.2 0 0 27 1.5 0.2 0 0 0 0.3 10 0 0.1 0.1 4.3 0.5 0 NA 0 87.5 40.9 26.4 0
20040410 33.1 0 0.1 28.8 1.5 0.2 0 0 0 0.5 10.7 0 0.2 0.1 4.4 0.7 0 NA 0 86.8 39.1 26.4 0
20040411 23 0 0.1 29.2 1.1 0 0 0 0 0.5 9.3 0 0.2 0.1 4.3 0.6 0 NA 0 83.2 31.5 25.8 0
20040412 14.8 0 0.1 30.7 1 0 0 0 0 0.4 9.4 0 0.2 0.1 4.2 0.6 0 NA 0 81.7 25.9 25.3 0
20040413 14.9 0 0.4 26.1 0.9 0 0 0 0 0.4 7.4 0 0.2 0.1 4.2 0.6 0 NA 0 74.4 23.8 25.3 0
20040414 15.6 0 0.9 21.6 0.5 0 0 0 0 0.1 4.5 0 0 0 3.8 0.1 0 NA 0 65 20.6 24.1 0
20040415 16.1 0 1.3 18.1 0.5 0 0 0 0 0.1 3.2 0 0 0 3.8 0.1 0 NA 0 57.1 17.9 23.8 0
20040416 12.3 0 1.1 17.7 0.5 0 0 0 0 0.1 2.8 0 0 0 3.6 0.1 0 NA 0 51.3 14.4 21.6 0
20040417 11.4 0 0.9 18.9 0.6 0 0 0 0 0.1 2.4 0 0 0 3.5 0.1 0 NA 0 47.7 12.2 19.8 0
20040418 7.6 0 0.7 18.6 0.3 0 0 0 0 0.1 1.3 0 0 0 3.3 0.1 0 NA 0 40.4 8.7 17.2 0
20040419 5 0 0.4 18 0.3 0 0 0 0 0.1 1 0 0 0 3 0.1 0 NA 0 34.3 5.5 15.2 0
20040420 5 0 0.3 13.6 0.3 0 0 0 0 0.1 1 0 0 0 3 0.1 0 NA 0 33.6 5.4 14.5 0
20040421 0 0 0.1 7.8 0 0 0 0 0 0 0 0 0 0 2.5 0 0 NA 0 29 3.9 12.1 0
20040422 0 0 0 3.3 0 0 0 0 0 0 0 0 0 0 2.4 0 0 NA 0 26.3 3.8 11 0
20040423 0 0 0 3.4 0 0 0 0 0 0 0 0 0 0 2.3 0 0 NA 0 20.2 3.8 8.1 0
20040424 0 0 0 3.4 0 0 0 0 0 0 0 0 0 0 2.3 0 0 NA 0 14.1 3.8 6.3 0
20040425 0 0 0 3.1 0 0 0 0 0 0 0 0 0 0 2.3 0 0 NA 0 8 2.5 3.4 0
20040426 0 0 0 2.9 0 0 0 0 0 0 0 0 0 0 2.2 0 0 NA 0 5 2.5 1.4 0
20040427 0 0 0 2.3 0 0 0 0 0 0 0 0 0 0 2 0 0 NA 0 5 2.5 1.4 0
20040428 0 0 0 0.9 0 0 0 0 0 0 0 0 0 0 1.8 0 0 NA 0 5 0.2 1 0
20040429 0 0 0 0.2 0 0 0 0 0 0 0 0 0 0 1.5 0 0 NA 0 5 0.2 1 0
20040430 0 0 0 0.2 0 0 0 0 0 0 0 0 0 0 1.2 0 0 NA 0 5 0.2 1 0
20040501 0 0 0 0.2 0 0 0 0 0 0 0 0 0 0 0.9 0 0 NA 0 5 0.2 1 0
20040502 0 0 0 0 0 0 0 0 0 0 0 0 0 0 0.5 0 0 NA 0 0 0 0 0
20040503 0 0 0 0 0 0 0 0 0 0 0 0 0 0 0.3 0 0 NA 0 0 0 0 0
20040504 0 0 0 0 0 0 0 0 0 0 0 0 0 0 0.2 0 0 NA 0 0 0 0 0
20040505 0 0 0 0 0 0 0 0 0 0 0 0 0 0 0 0 0 NA 0 0 0 0 0
20040506 0 0 0 0 0 0 0 0 0 0 0 0 0 0 0 0 0 NA 0 0 0 0 0
20041202 0 0 0 0 0 0 0 0 0 0 0 0 0 0 0.7 0 0 NA 0 0 0 0 0
20041203 0 0 0 0 0 0 0 0 0 0 0 0 0 0 0.8 0 0 NA 0 0 0 0 0
20041204 0 0 0 0 0 0 0 0 0 0 0 0 0 0 0.9 0 0 NA 0 0 0 0 0
20041205 0 0 0 0 0 0 0 0 0 0 0 0 0 0 1 0 0 NA 0 0 0 0 0
20041206 0 0 0 0 0 0 0 0 0 0 0 0 0 0 1 0 0 NA 0 0 0 0 0
20041207 0 0 0 0 0 0 0 0 0 0 0 0 0 0 1 0 0 NA 0 0 0 0 0
20041208 0 0 0 0 0 0 0 0 0 0 0 0 0 0 1.2 0 0 NA 0 0 0 0 0
20041209 0 0 0 0 0 0 0 0 0 0 0 0 0 0 1.2 0 0 NA 0 0 0 0 0
20041210 0 0 0 0 0 0 0 0 0 0 0 0 0 0 1.2 0 0 NA 0 1 0 0 0
20041211 0 0 0 0 0 0 0 0 0 0 0 0 0 0 1.3 0 0 NA 0.3 3.9 0.2 0.5 0
20041212 0 0 0 0 0 0 0 0 0 0 0 0 0 0 1.3 0 0 NA 0.3 4.7 0.2 0.5 0
20041213 0 0 0 0 0 0 0 0 0 0 0 0 0 0 1.3 0 0 NA 0.3 5.7 0.2 0.5 0
20041214 1.6 0.1 0 0 0 0 0 0 0 0 0 0 0.3 0.1 1.6 0 0.4 NA 4.9 8.4 0.2 0.7 0
20041215 5.4 0.3 0 0 0 0 0 0 0 0 0 0 1 0.3 2 0 0.8 NA 11.6 13.5 0.4 0.7 0
20041216 7 0.4 0 0 0 0 0 0 0 0 0 0 1.3 0.3 2.4 0 1.3 NA 16.2 15.7 0.4 0.9 0
20041217 10.8 2.3 0 0.4 0.1 0.1 0.8 0 0 0.3 1.5 0 1.6 0.5 2.3 0 12.6 NA 22.3 25 2.3 2.4 0
20041218 17.9 6.2 0 1.3 0.4 1 3.2 0 0 1.3 5.6 0 3.7 0.6 2.7 0.1 32.7 NA 30.1 35 4.6 5.9 0.1
20041219 20.8 8.5 0 1.8 0.6 1.2 3.9 0 0 1.6 6.4 0 4 0.9 2.7 0.1 43.9 NA 35.5 41.7 6 7.5 0.1
20041220 23.7 9.8 0 2.3 0.6 1.3 4.6 0 0 1.9 7.9 0 4.3 0.8 2.6 0.1 55.2 NA 41 50.8 8 9 0.1
20041221 28 22.7 0 2.3 0.8 1.5 4.8 0 0 1.6 7.7 0 4.7 1 2.9 0.1 64.6 NA 48.8 62.4 7.5 9.9 0.1
20041222 29.7 38.2 0.1 2.3 0.8 1.6 4.2 0.6 0.4 1 5.4 0 4.6 1.1 3 0.1 79.8 NA 55.5 72.1 7.7 11.1 0.2
20041223 33.2 52.2 0.1 2.2 0.9 1.8 4.2 0.6 0.4 0.7 5.2 0 5 1.2 3.3 0.1 90.1 NA 61.3 82.2 6.7 12.1 0.2
20041224 43.7 61.7 0.5 2.5 1.1 1.6 5.6 2.2 0.6 0.9 8.2 0 5.4 1.6 4.1 0.1 91.8 NA 60.6 83.5 6.7 14.7 0.3
20041225 55.3 73.5 1.5 2.6 1.4 1.5 7.7 4.2 1 1.7 11.5 0 6.1 2.2 5.5 0.1 95 NA 62.2 87.9 6.8 17.6 0.4
20041226 64.6 81.9 1.9 2.7 1.5 1.3 8.8 5.5 0.9 1.9 14.2 0 6.5 2.5 6.1 0.1 96.8 NA 61.1 89.3 6.9 20.1 0.5
20041227 75.6 91.2 2.3 2.8 1.7 1.2 10.2 7.1 1.2 2.1 16.6 0 6.7 2.8 6.8 0.1 96.8 NA 60.9 90.4 6.6 22.1 0.6
20041228 69.3 86.2 3.9 2.7 3 1.6 9.5 5 0.9 1.8 17.6 0 6.5 2.2 6.4 0.1 96.3 NA 64.3 91.8 7.6 22.2 0.5
20041229 61.2 76.6 5.7 2.7 4.9 2.2 7.8 2.6 0.5 1 18.8 0 5.1 1.4 5.3 0.1 93.1 NA 66.9 93.4 8.5 22.3 0.3
20041230 50.5 69.1 7 2.6 6 2.5 6.3 0.6 0.1 0.5 18.4 0 4.8 0.6 4.8 0.1 92.5 NA 69 95 9.8 21.8 0.1
20041231 44.5 62.9 5.1 2.4 4.9 2.2 4.7 0.6 0.1 0.5 17.6 0 4.6 1 4.5 0.1 85.6 NA 64.6 92.3 9.7 20.2 0.1
20050101 40.4 59.6 4.3 2.2 4 1.9 4 0.7 0.5 0.9 17.7 0 5.6 1.7 4.6 0.6 78 NA 59.9 87.5 11.2 19.2 0.3
20050102 32.1 53.4 2.1 1.9 2.5 1.2 2 0.6 0.5 0.8 16.9 0 5.5 1.8 4.3 0.6 71 NA 54.8 84 11.1 16.7 0.3
20050103 27.6 47.5 0.5 1.7 1.6 0.7 0.7 0.6 0.5 0.8 15.3 0 5.3 2.2 4.1 0.6 61.3 NA 48.8 79.3 10.9 15 0.3
20050104 44.8 46.5 0.5 1.6 2.5 0.9 1.4 0.6 0.5 1.3 21.7 0 5.5 2.9 5.2 0.6 54 NA 48.9 82.5 15.6 21.9 0.2
20050105 65.7 46.7 0.1 1.3 3.3 1 2.5 0.9 0.7 1.5 26.9 0 5.1 3.4 6.4 0.4 46 NA 50.5 89.2 20.1 29.3 0.2
20050106 80.1 45.5 0.1 1.2 3.9 1.1 3.1 0.9 0.8 1.8 32.9 0 5.3 4.2 7.6 0.4 39.5 NA 50.1 92.4 23.3 36 0.1
20050107 81.4 49.6 0.6 1.5 4 1 4.1 0.9 0.7 2.1 30.8 0 5.4 3.9 8 0.4 43.7 NA 59.8 92.3 21.5 31.9 0.1
20050108 90 52 1.1 1.9 4.4 1.1 5.3 1 0.7 2.7 31.7 0 5.5 3.8 8.7 0.5 50.4 NA 70 95.6 18.6 29 0.1
20050109 91.4 55.6 1.6 2.1 4.3 1 6.5 1 0.7 2.9 29.7 0 5.5 3.5 8.6 0.4 51.6 NA 78.5 95.4 16.2 24 0.1
20050110 95.7 57.1 2 2.4 4.7 0.9 7 1 0.6 3.3 28.5 0 5.6 3.1 8.9 0.4 57.3 NA 88.7 97.1 15.1 20.6 0.1
20050111 95.1 50.2 1.4 2 4.8 0.9 5.1 1 0.6 3.6 33.3 0 5.5 6.6 11.3 0.5 49.6 NA 76.7 97.5 17.8 23 0.1
20050112 94.9 42 0.7 1.6 4.5 0.5 2 0 0 3.6 36.7 0 4.8 11 13.6 0.8 39.8 NA 62.5 98 20.8 25.4 0.1
20050113 93.8 36.3 0.1 1.3 4.8 0.6 0.2 0 0 3.8 40.3 0 4.6 13.9 15.8 0.9 34.1 NA 49.2 98.4 22.6 27.3 0.1
20050114 94.8 44.8 0.5 1.5 8.4 1.8 3.2 2 0.2 3.5 46.6 0 5.5 13.5 14.8 1.5 44.9 NA 57.7 98.4 30.2 30.2 0.2
20050115 94.6 53.9 1.3 2.5 13.9 4.3 8.7 5.9 1.5 5 51.9 1.9 7 14.4 14.3 2.7 54.1 NA 68.6 99.7 41.4 34.6 0.8
20050116 94.6 61.7 1.6 2.7 17.8 5.7 12.1 7.9 1.8 4.7 57.3 1.9 9 14.3 13.4 3.3 67.3 NA 77.1 99.7 51.3 37.4 1.1
20050117 95 69.4 2 2.8 21.7 6.8 14.9 9.5 1.8 4.3 63.2 1.9 9 13.6 12.3 3.8 75.2 NA 85.5 99.7 61.2 40 1.1
20050118 95.3 76.5 7 4.1 20.9 7.3 18.9 12 2.1 4.6 58.7 1.9 15.6 14.6 13.9 4.9 80.9 NA 86.2 99.7 69.7 41.5 1.5
20050119 97.3 84.4 13.8 8 20.6 8 24.6 13.9 2.5 4.1 53.9 1.6 23.4 16.5 16.1 6.5 86.5 NA 90.8 99.7 78.1 43.4 2.3
20050120 97.5 93.2 19.3 9.8 19.9 8.7 28.9 15.9 3 4.5 47.1 1.6 30.1 18.2 18 7.8 95 NA 91.1 99.6 84.4 45.1 2.8
20050121 97.5 93.7 35.5 20.6 22 9.9 30.5 16.5 5.3 8.7 53.6 4.5 38.4 17.5 18.5 7.7 95 NA 92.5 99.7 86.9 50.9 5.4
20050122 97.8 96.5 54.2 31.5 23.7 11 33.3 18.8 7.1 12.9 61.8 10.6 47 17.2 19.8 8.5 99.9 NA 95.4 99.7 85.7 58.2 9.9
20050123 97.8 96.9 69.3 40.5 25.9 11.9 34.4 19.3 9.2 16.7 67.1 14.4 54.1 16.4 20.1 8.3 99.9 NA 96.5 99.7 86 62.9 12.8
20050124 97.8 96.9 86.4 51.1 26.7 12.5 35.8 20.8 11.1 20.7 73.9 18.2 62 14.9 20.3 8.2 99.9 NA 97.6 99.8 85.4 68.7 15.4
20050125 96.8 96.9 88.7 59 29.1 14.4 35.9 21.1 9.7 17.8 73.7 16.9 64.6 16.5 19.7 8.2 99.9 NA 97.7 99.8 89.7 71.5 16.8
20050126 95.6 96.8 90.2 65.7 32.7 18 35.2 23.3 9.1 15.8 73.4 15.8 68.2 18.2 18.9 7.7 99.8 NA 97.6 100 90.9 74.8 18.8
20050127 94.3 96.8 91.9 70.7 32.9 18.6 34.4 22.2 7.1 11.7 72.2 14.6 70.3 19.1 17.7 7.3 99.8 NA 97.7 100 94.5 76.6 19.7
20050128 94.9 96.8 91.3 71.6 31.8 20.3 38 21.3 6.6 11.2 73.3 20.1 71 18.2 18 7.7 99.8 NA 97.7 100 94.8 77.3 22.1
20050129 95.6 96.8 90.4 72.2 31.2 22.5 43.1 22.2 6.7 11 74.4 26.9 72.5 16.8 19 8.3 99.9 NA 98 100 95.9 79 26.5
20050130 96.2 96.8 89.7 73.1 29 22.1 46.1 20.5 6.1 10.2 74.7 31.5 71.9 15.2 18.8 8.1 99.9 NA 97.9 100 96.2 77.6 27.3
20050131 97.1 96.8 88.8 74.4 28 24 50 19.8 4.9 9 75.6 35.6 72 13.3 19.3 8.3 99.9 NA 97.9 100 95.6 79.4 29.3
20050201 97.2 96.5 89.6 79.3 29.2 20.4 51.6 17.6 4.7 8.6 72.1 40 72.6 14.1 18.8 8.1 99.9 NA 96 100 95.5 79.7 29.4
20050202 97.2 95.9 90.9 82.8 31.9 16.3 55.6 14.9 3.2 7.4 68.7 42.8 71.4 11 17.4 7.9 96 NA 95.7 100 94.9 78.1 27.9
20050203 97.2 95.4 91.6 85.7 32.6 11.3 54.6 13.1 3.2 7 65.8 45.6 71.4 11.9 16.2 7.4 96 NA 91.8 100 93.8 77.2 27.5
20050204 96.6 95.4 91.6 84.8 28.4 9.9 47.7 12.3 2.7 5.7 63.8 39.3 68.9 9.5 14.1 6.3 95.8 NA 89.5 100 93.8 72.5 23.4
20050205 96.2 96 92.9 88.4 25.5 8.9 40.2 13 2.6 4.8 62.4 33.3 69.3 7.2 12.3 5.3 99.6 NA 84.7 100 95 68.7 20.3
20050206 95.2 95.9 92.9 86.6 19.4 5.7 32.5 11.9 1.3 1.7 59.2 22.5 65.3 3.2 9 2.8 99.5 NA 81.3 100 91.6 62 11.5
20050207 94.7 96.1 93.4 87.9 14.8 4.6 25 10.8 0.6 0.4 57.6 16 63.7 0.7 6.9 1.7 99.3 NA 77.5 100 91.3 57.9 7.4
20050208 93.3 95.8 91.1 81.5 14 5.7 22.3 8.2 0.3 2.3 57.5 13.1 58.5 0.4 6.3 1.8 98.6 NA 77.1 100 77.8 61.3 5.9
20050209 92.8 95.8 89.1 77.7 11.2 4.9 17.1 6.4 0.3 4.3 59.1 7.8 53.7 0.3 6 2.1 97.8 NA 77.7 100 68.4 65.3 3.9
20050210 91.8 95.5 86.4 70.2 10.2 6 14.6 3.9 0 6.4 59.6 4.9 48.4 0 5.4 2.2 97.1 NA 77.5 100 54.9 69.9 2.4
20050211 92.9 92.9 81.3 57.2 13.4 5.6 15.9 3.4 0 5.9 58.8 4 45.5 0 5.5 2.4 97.8 NA 74.6 100 60.4 70.1 2.3
20050212 93.5 90.6 77.3 46.5 19.2 6.1 18.4 3.9 0.1 6.5 62.2 6.1 43.6 4.3 7.6 4.2 98.5 NA 72.5 100 66.4 70.9 3.6
20050213 94.6 88.1 72.7 33.5 22.6 4.9 18.9 3.4 0.1 6 60.6 5.2 38.2 4.3 7.5 4.5 98.9 NA 69.7 100 71.8 71 3.4
20050214 95.1 85.1 68 19.8 24.6 4.3 19.2 2.7 0.1 5.6 60.7 4 34.8 4.3 7.5 4.8 99.6 NA 67.7 100 76.8 71.1 3.1
20050215 94 83.7 72.7 19.7 21.8 3.9 18 2.7 0.1 5.9 62.2 4.1 33.9 4.3 7.7 4.6 96.9 NA 69.6 99.9 73.5 65.1 3.3
20050216 91.3 81.3 75.7 16.5 19.2 2.4 15.2 2 0.8 6 61.9 3.7 35.4 3.5 6.8 3.4 93.8 NA 72.1 99.8 66.5 58.9 2.8
20050217 89.9 79.1 78 15.9 15.8 1.9 13.5 1.9 0.8 6.4 63.4 3.9 34.7 3.5 6.8 3 90.1 NA 75.3 99.7 62.9 51.9 3
20050218 90.5 83.8 82.6 20.2 16.9 1.7 21.1 1.9 0.8 6 61.3 3.6 37.5 11.5 10.8 6.4 92.7 NA 81.6 99.8 68 54.6 2.5
20050219 94 87.5 86.2 24.2 19.1 1.9 28.6 2 0.8 5.8 61.8 3.9 38.4 19.4 15.1 10.7 94.8 NA 87.5 99.9 81.3 58.5 2.9
20050220 94.5 90.3 89.7 27.4 20 1.5 35.7 1.1 0 5 59.1 3.4 40.3 26.1 18.8 14.1 97.3 NA 92.3 99.9 86.4 60.8 2.4
20050221 96.6 94.9 93.6 31.4 20.9 1.4 41.6 1 0 4.8 58.3 3.2 40 33.8 22.1 17.2 99.4 NA 96.6 100 94.9 63.9 2.1
20050222 97.2 93.8 91.2 38 23.5 4.7 41 1 0 6.6 59.5 3.2 48.3 40.4 25.7 19.1 99 NA 96.2 100 94.9 71.2 2.9
20050223 97.6 91.1 88.5 43.6 26.6 10.4 39.6 1.4 0.6 9.4 64.3 1.9 54 46.2 30.1 20.8 96.8 NA 96.3 99.9 95.6 77.5 3.1
20050224 98 90 85.9 47.7 29.2 14.4 37 1.3 0.6 11.2 63 1.9 60.6 52 33.3 22.3 96.5 NA 95.8 99.8 95.7 83 3.8
20050225 97.7 88.6 86.7 54.3 27.3 14.7 37.8 1.3 0.6 10.2 64.3 1.9 61.8 52.1 30.9 22.7 96.5 NA 94.3 99.9 90.8 80.7 3.8
20050226 97.8 87 87.3 59.8 25.5 17.4 39.6 1.4 0.9 9.5 64.3 2.2 64.2 52.7 29.1 24.3 97.9 NA 92.2 99.9 86.9 79.2 4.3
20050227 97.3 85 87.9 65.3 22.9 16.9 39.5 1.3 0.7 8.3 65 2.2 63.5 51.1 26.6 24.1 97.8 NA 90 100 81.4 75.7 4.1
20050228 97 83.4 88 70.9 21 17.8 40.8 1.3 0.7 6.9 64.8 2.2 64.7 51.3 24.6 25 97.9 NA 87.8 100 77.1 73.3 4
20050301 96.6 83.7 88.8 74 22.6 18.6 39.1 1.7 0.9 9.7 70.8 4.3 60.4 60.3 26.8 23.7 95.6 NA 90.5 100 83.4 75.1 5.6
20050302 96.1 81.1 89.1 74.9 25.1 18.6 37.9 2.6 1.5 13.5 78.1 6.3 55.3 68.8 28 22.8 94.1 NA 92.8 100 90.3 77 6.6
20050303 95.8 79.6 89.7 76.5 26.9 19.3 34.9 3.3 1.9 16.1 83.3 7.8 50.7 78.9 29.9 20.6 89.6 NA 94.1 100 94.8 78.4 7.7
20050304 96.5 78.5 90.6 76.3 33.4 16.6 43.6 2.6 1.5 16.9 84.3 6.3 47 65.2 27.4 17.8 90.6 NA 94.1 100 93.2 74.5 6.1
20050305 97.9 78.7 92.5 77.7 39.4 12 55 2.8 1.6 17.7 83.3 5.1 43.1 50.9 24.1 16.6 90.8 NA 96.7 100 92.6 72.7 4.8
20050306 98.6 77.8 93.4 77.2 44.9 8.4 62.5 2 1.2 16.6 80.6 2.7 39 35.6 19.3 13.5 91.6 NA 96.7 100 90.9 69.4 2.4
20050307 98.9 76.5 94.8 77.2 50.3 4.6 72.3 1.6 1.1 17.1 79.4 2 35.9 18.8 16 11 91.9 NA 97.8 100 89.4 65.5 1.2
20050308 96.2 67.4 91.7 78.8 48.2 7.7 65.2 1.6 1.1 15.3 75.2 2.1 47.1 37.2 22.5 15.5 93.2 NA 94.3 100 91.7 76.8 1.7
20050309 93.5 56.3 86.8 80.1 45.6 12.2 59.5 1.7 1.1 14.1 74.9 1.9 61.4 56.7 31.6 21.5 89 NA 91.8 100 93.5 85.9 2.8
20050310 90.8 42.9 82.4 82.9 42.3 14.4 50.3 1.7 1.1 11.6 69.9 2.1 71.8 77.5 38.6 25.4 88.7 NA 88.1 100 95.8 93.8 3.5
20050311 92.8 35.2 81.2 86.3 41.8 13 51.5 1.7 1.1 14.1 70.8 1.9 66.9 73.3 42 27.6 89.8 NA 82.8 100 95.8 91.2 3.2
20050312 94.4 30.8 80.5 89.4 39.9 11.6 53.6 1.8 1.2 16.1 72.8 2.1 63.9 70.5 46.5 30.6 93.8 NA 78.4 100 96.2 88.5 3.2
20050313 96.4 23.1 79.2 91.8 38.2 9.2 54 1.4 0.8 17.7 72.5 1.5 57.9 66.2 49.3 32.1 93.6 NA 72.9 100 96.1 86.6 2.1
20050314 98.4 16.6 77.5 94.7 35.2 6.8 54.9 1.4 0.8 19.4 72.8 1.5 53.6 61.2 52.6 34 94.6 NA 67.8 100 96.1 83.4 1.9
20050315 98.3 18.2 78.8 91.4 37 7 53.2 1.4 0.8 15.6 71.3 1.5 48.2 67.9 56.3 37.8 90.1 NA 67.4 99.9 96.1 84.4 1.5
20050316 98.2 20.1 79.3 88.4 39.6 6.6 53.5 0 0 11.1 70.4 1.8 42.2 72.3 59.6 41.7 83.1 NA 66.7 99.7 99.1 85.9 1
20050317 98.1 21.2 80.1 85.6 41.1 6.7 51.8 0 0 7.6 68.4 1.8 37.9 76.3 61.4 43.9 77.8 NA 65.6 99.6 99.1 87.3 0.8
20050318 98 16.6 77 86.7 32.9 6.1 45.6 0 0 7.3 58.5 1.8 39 69.6 50.6 35.7 72.7 NA 65.8 99.6 98.9 86.3 0.8
20050319 98 12.2 75.3 87.3 27.1 7.9 40 0 0 7.9 51.7 1.8 42.5 68 42 29.5 70.5 NA 66 99.6 98.8 85.7 0.9
20050320 97.9 7.6 72.8 88.3 17.8 7.6 33.7 0 0 7.5 42.5 0 43.4 62.8 31.6 21.1 64.4 NA 66.1 99.6 95.1 85.1 0.4
20050321 97.8 5.3 70.4 89.2 10.4 6.9 28.1 0 0 7.4 33.7 0 45 57.9 21.6 13.8 61.6 NA 66.7 99.6 95 83.8 0.4
20050322 97.3 5.2 65.9 87.3 10.8 6.7 28.2 0 0 6.1 31.9 0 42.8 56.9 22.5 14.2 62.5 NA 63.9 99.6 95 83.6 0.4
20050323 96.8 2.6 61.3 85 12 5.8 29 0 0 5.6 29.3 0 38.3 57.1 24.4 14.7 61.8 NA 60.5 99.7 95 82.5 0.1
20050324 96.3 2.5 56.3 82.3 13.2 5.3 28.6 0 0 4.7 27.4 0 34.6 53 24.9 15.4 62.7 NA 57.1 99.7 94.9 81.2 0.1
20050325 95.4 2.5 52.7 73.3 12.3 5 26.2 0 0 4 27.5 0 34.2 47 22.1 14.8 56.7 NA 57.4 99.7 91 82.1 0.1
20050326 94.5 3.1 49.3 64.9 13.7 5.4 24.6 0 0 4 27.7 0 33.6 41.8 19.7 14.9 50.6 NA 57.8 99.7 91 83.3 0.3
20050327 92.6 1.7 44.3 58.3 12.4 4.1 20.7 0 0 2.5 28 0 33.1 35.2 15.5 13.4 43.4 NA 56.1 99.6 87.5 83.8 0.3
20050328 91.4 1.7 40.2 49.4 12.1 3.8 18.1 0 0 2.1 27.6 0 31.6 30.5 12.8 12.8 35.8 NA 56.3 99.6 84.5 85.1 0.3
20050329 90.2 1.7 39.3 45.4 11.4 4.1 17.3 0 0 2.1 30 0 27.4 22.8 13.8 14.1 33.3 NA 55.2 99.6 84.9 85.6 0.3
20050330 90 0.2 36 42.7 9.9 5.1 15 0 0 0.4 33.4 0 21.4 13.1 14.6 15.8 29 NA 52.6 99.6 84.3 86.8 0.1
20050331 88.9 0.2 35.1 38.1 8.8 5.4 13.8 0 0 0.3 36.9 0 17.4 6.8 15.5 16.6 25.1 NA 51.3 99.6 84.7 86.8 0.1
20050401 87 0.2 26.5 29.5 7.7 4.2 11 0 0 0.5 31 0 14.7 6.3 14 13.9 19 NA 45.2 99.4 75 72.1 0
20050402 85.3 0.2 19.7 21.3 7.4 3.9 8.1 0 0 1.3 29.1 0 12.9 6.2 13.4 11 15.8 NA 38.6 99.2 66.3 59.7 0.3
20050403 83.4 0 9.6 10.4 5.7 2.1 3.8 0 0 1.4 21.9 0 9.7 4.3 11.3 6.2 9.7 NA 30.8 99 55.5 46.4 0.3
20050404 80.9 0 1.9 2.6 4.9 1.3 1.4 0 0 1.6 17.7 0 6.1 4 9.6 3 4.9 NA 24.5 98.8 46.1 32.3 0.3
20050405 80.5 0 2.3 3 4.4 1.3 1.6 0 0 1.4 17.9 0 5.5 3.7 8.8 2.4 4.9 NA 23.8 96.9 49.3 32 0.3
20050406 76.9 0 2.7 2.8 3.3 0.1 1.1 0 0 0.7 18 0 2.3 2.3 7.2 1.6 0 NA 19.5 95 53.9 31.8 0
20050407 75.6 0 2.9 3 2.8 0.1 1.2 0 0 0.4 17.3 0 1.7 1.8 6.2 1.2 0 NA 17.3 93 57.6 31.3 0
20050408 65.6 0 2.6 2.8 2.5 0.1 1 0 0 0.4 14.1 0 1.5 1.4 6 1.1 0 NA 12.7 90.7 48.2 31.4 0
20050409 56.9 0 2.4 2.5 2.1 0.1 0.8 0 0 0.4 11.3 0 1.4 1.2 5.6 1.1 0 NA 10.4 89.4 38.9 30.2 0
20050410 48.1 0 1.9 1.5 1.1 0.1 0.3 0 0 0.3 6.9 0 0.4 0.5 4.8 0.5 0 NA 4.8 86.9 29.6 30.2 0
20050411 36.6 0 1.4 1.1 0.8 0.1 0 0 0 0.2 3.8 0 0.2 0.2 4.5 0.4 0 NA 0.3 84.8 17.8 29.6 0
20050412 30.5 0 1.1 1 0.7 0.1 0 0 0 0.2 3.7 0 0.2 0.2 4.5 0.4 0 NA 0.3 78 16.4 29.2 0
20050413 21.9 0 0.3 0.1 0.3 0 0 0 0 0 1.8 0 0 0 4.2 0.1 0 NA 0 69.1 13.5 24.8 0
20050414 13.3 0 0 0 0.2 0 0 0 0 0 1.8 0 0 0 4.3 0.1 0 NA 0 61.2 11 24.2 0
20050415 11.6 0 0 0 0.2 0 0 0 0 0 1.4 0 0 0 4 0.1 0 NA 0 58.8 9.7 23.8 0
20050416 9.8 0 0 0 0.3 0.1 0 0 0 0 1.1 0 0 0 3.8 0.1 0 NA 0 57.1 8.4 24.1 0
20050417 7 0 0 0 0.3 0.1 0 0 0 0 0.4 0 0 0 3.4 0 0 NA 0 54.2 5.5 22.9 0
20050418 5.2 0 0 0 0.2 0.1 0 0 0 0 0 0 0 0 3.1 0 0 NA 0 50.5 4 22.5 0
20050419 4.3 0 0 0 0.2 0.1 0 0 0 0 0 0 0 0 2.9 0 0 NA 0 45.5 3.7 18.4 0
20050420 0.9 0 0 0 0 0 0 0 0 0 0 0 0 0 2.5 0 0 NA 0 36.2 0.3 13.9 0
20050421 0 0 0 0 0 0 0 0 0 0 0 0 0 0 2.4 0 0 NA 0 31.2 0 10.2 0
20050422 0 0 0 0 0 0 0 0 0 0 0 0 0 0 1.9 0 0 NA 0 26.2 0 8.2 0
20050423 0 0 0 0 0 0 0 0 0 0 0 0 0 0 1.5 0 0 NA 0 16.1 0 6.3 0
20050424 0 0 0 0 0 0 0 0 0 0 0 0 0 0 1 0 0 NA 0 11 0 3.6 0
20050425 0 0 0 0 0 0 0 0 0 0 0 0 0 0 0.5 0 0 NA 0 3.4 0 1.2 0
20050426 0 0 0 0 0 0 0 0 0 0 0 0 0 0 0.5 0 0 NA 0 3.4 0 1.1 0
20050427 0 0 0 0 0 0 0 0 0 0 0 0 0 0 0.3 0 0 NA 0 0 0 0.2 0
20050428 0 0 0 0 0 0 0 0 0 0 0 0 0 0 0.3 0 0 NA 0 0 0 0.2 0
20050429 0 0 0 0 0 0 0 0 0 0 0 0 0 0 0.2 0 0 NA 0 0 0 0.2 0
20050430 0 0 0 0 0 0 0 0 0 0 0 0 0 0 0.2 0 0 NA 0 0 0 0.2 0
20050501 0 0 0 0 0 0 0 0 0 0 0 0 0 0 0.1 0 0 NA 0 0 0 0 0
20050502 0 0 0 0 0 0 0 0 0 0 0 0 0 0 0.1 0 0 NA 0 0 0 0 0
20050503 0 0 0 0 0 0 0 0 0 0 0 0 0 0 0.1 0 0 NA 0 0 0 0 0
20050504 0 0 0 0 0 0 0 0 0 0 0 0 0 0 0 0 0 NA 0 0 0 0 0
20050505 0 0 0 0 0 0 0 0 0 0 0 0 0 0 0 0 0 NA 0 0 0 0 0
20050506 0 0 0 0 0 0 0 0 0 0 0 0 0 0 0 0 0 NA 0 0 0 0 0
20050507 0 0 0 0 0 0 0 0 0 0 0 0 0 0 0 0 0 NA 0 0 0 0 0
20050508 0 0 0 0 0 0 0 0 0 0 0 0 0 0 0 0 0 NA 0 0 0 0 0
20050509 0 0 0 0 0 0 0 0 0 0 0 0 0 0 0 0 0 NA 0 0 0 0 0
20051128 0 0 0 0 0 0 0 0 0 0 0 0 0 0 0.6 0 0 NA 4.6 0 0 0 0
20051129 0 0 0 0 0 0 0 0 0 0 0 0 0 0 0.8 0 0 NA 4.1 0.3 0 0 0
20051130 0.3 0 0 0 0 0 0 0 0 0 0 0 0 0 1 0 0 NA 2.7 2.5 0 0 0
20051201 0.3 0 0 0 0 0 0 0 0 0 0 0 0 0 1.1 0 0 NA 1.9 2.8 0 0 0
20051202 1.4 0 0 0 0 0 0 0 0 0 0 0 0 0 1.2 0 0 NA 1.9 4.9 0 0 0
20051203 4.7 0 0 0 0 0 0 0 0 0 0 0 0 0.4 1.4 0.2 0 NA 2.8 11 1.9 0 0
20051204 5.7 0 0 0 0 0 0 0 0 0 0 0 0 0.4 1.4 0.2 0 NA 2.5 10.7 1.9 0 0
20051205 6.6 0 0 0 0 0 0 0 0 0 0 0 0 0.4 1.4 0.2 0 NA 2.5 14.5 1.9 0 0
20051206 13.4 1.7 0 0.6 0.1 0 0.1 0 0 0 1.3 0 0 0.4 1.7 0.2 0 NA 11.3 21.6 2.5 0.7 0
20051207 19.8 7.6 0 1.8 0.6 0 0.5 0 0 0.2 4.4 0 0.8 0.3 2.2 0.2 5 NA 21.7 30.1 3 2.8 0
20051208 24.6 9.4 0 2.4 0.7 0 0.6 0 0 0.2 5.8 0 0.8 0.3 2.5 0.2 5 NA 30.3 37.5 3.4 3.5 0
20051209 25.3 22.7 0 2 0.6 0 0.5 0 0 0.2 4.4 0 1.5 0.3 2.5 0.2 24.4 NA 28 30.9 4.1 3.8 0
20051210 27.2 35.1 0 1.6 0.5 0 0.4 0 0 0.2 3.5 0 2.1 0.3 2.4 0.2 38.9 NA 26.4 26.2 4.2 3.9 0
20051211 25.8 45.6 0 0.4 0.1 0 0.1 0 0 0 1.3 0 2.5 0 2 0.1 56 NA 22.9 17.6 3.3 3.4 0
20051212 26.3 59.7 0 0 0 0 0 0 0 0 0 0 3.3 0 1.9 0.1 72.7 NA 19.2 9.9 3.6 3.4 0
20051213 27.4 62.3 0.1 0.6 0.1 0.2 0.9 0 0 0 0 0 4.5 0 2 0.1 80.9 NA 32.9 23.3 4.1 4.2 0
20051214 32 65.6 0.4 1.6 0.6 0.6 2.9 0 0 0.2 1 0 6.2 0.4 2.7 0.2 88 NA 46.3 33.9 5.8 7.1 0.1
20051215 32.9 68.6 0.4 2.2 0.6 0.8 3.9 0 0 0.2 1 0 7.4 0.4 2.8 0.2 95 NA 58.2 45.7 6 8.1 0.1
20051216 32.9 66 0.4 2.2 0.6 0.7 3.4 0 0 0.2 1 0 7.2 0.4 2.8 0.2 89.9 NA 57.2 45.9 5.4 7.9 0.3
20051217 33.1 63.4 0.4 2.2 0.6 0.6 2.9 0 0 0.2 1 0 7.1 0.4 2.8 0.2 86.5 NA 56.3 47.1 5.4 7.8 0.5
20051218 31.1 60 0.1 1.6 0.1 0.2 1.7 0 0 0 0 0 6.7 0 2.4 0.1 79.7 NA 55.4 45.9 3.2 6.7 0.8
20051219 31.3 56.1 0 1.6 0 0.1 1.2 0 0 0 0 0 6.5 0 2.4 0.1 76.2 NA 54.4 47 2.8 6.7 1
20051220 31.6 53.4 0 1.5 0 0 0.7 0 0 0 0 0 6.3 0 2.4 0.1 69.4 NA 53.5 47.7 2.5 6.5 1.2
20051221 43.3 64.3 2.5 2.8 1.1 0.4 2.6 0 0 0.7 8.9 0 7.6 0.4 3.2 0.1 81.7 NA 55.3 53.3 2.7 9.1 0.6
20051222 52.1 73.9 4.7 3.2 1.4 0.4 3.6 0 0 1 15.5 0 7.4 0.4 3.4 0.1 92 NA 54.2 54.5 2.4 10.3 0.1
20051223 53 75.2 5.2 3.1 1.2 0.5 3.5 0 0 1 13.1 0 7.4 0.4 3.4 0.1 92.9 NA 54.3 54 2.4 10.1 0.1
20051224 55.2 76.4 5.9 3 1.3 0.9 3.9 0 0 1.1 11.5 0 7.4 0.7 3.4 0.2 93.3 NA 55.3 53.9 3.8 9.3 0.1
20051225 55.7 74.4 6.5 2.2 1 1 3.6 0 0 1 8.4 0 6.4 0.7 3.3 0.2 94.1 NA 53.8 48.5 4 8.9 0
20051226 56.9 75.1 7.1 2.1 0.8 1.3 3.7 0 0 0.9 5.8 0 6.4 0.7 3.2 0.2 94.8 NA 54.1 47.3 3.9 8.1 0
20051227 50.9 69.5 5.7 2 0.8 1.1 3.3 0 0 0.7 6.7 0 6.6 0.7 3.2 0.2 83.7 NA 52.9 48.9 4.1 7.9 0
20051228 44.6 64.2 3.4 1.6 0.5 0.8 2.2 0.2 0.1 0.5 7.3 0 7.9 0.4 3.2 0.1 67.7 NA 50.1 48.8 3.5 6.7 0.1
20051229 37.8 58.5 1.8 1.5 0.5 0.5 1.6 0.2 0.1 0.3 8.2 0 8.2 0.4 3.2 0.1 52.1 NA 49.1 49 3.8 6.1 0.1
20051230 38.4 61.5 1.8 1.5 0.5 0.8 1.5 0.2 0.1 0.3 8.5 0 8.3 0.4 3.1 0.1 59.1 NA 48.8 51.3 3.7 8.8 0.1
20051231 38.2 63.6 1.9 1.3 1.5 1.6 1.8 1.9 1.7 1.8 10.5 0 8.4 0.6 3.2 0.4 64 NA 48.5 51.3 6.1 12.1 0.2
20060101 36.3 66.2 1.8 1.1 1.5 1.8 1.6 1.9 1.7 1.8 10.9 0 8.5 0.6 3.1 0.4 70.8 NA 44.5 54 5.6 14.2 0.2
20060102 35.9 68 1.7 1 1.5 2 1.4 1.9 1.7 1.7 10.3 0 8.4 0.6 3 0.4 75.7 NA 43.7 53.7 5.4 16.4 0.2
20060103 34.1 61.9 1.5 1 1.5 1.7 1.3 1.9 1.7 1.8 9.4 0 8.2 0.6 3.1 0.4 58.5 NA 41.7 61.8 5.6 14.8 0.2
20060104 35.1 54.9 0.8 0.9 0.6 0.7 0.9 0 0 0.4 4.9 0 7.6 0.4 3.2 0.3 37 NA 40.7 63.4 5.1 10.6 0.1
20060105 33.6 48.2 0.5 0.9 0.6 0.3 0.8 0 0 0.4 2.6 0 7.3 0.4 3.3 0.3 21.7 NA 38 68.4 5.2 8.3 0.1
20060106 36.5 51 0.5 1.2 0.9 0.7 1.6 0 0 0.4 5.2 0 7.2 0.4 3.7 0.3 22.8 NA 42 75 6.4 11.7 0.1
20060107 38.9 54.7 0.8 1.6 1.2 1.3 2.5 0 0 0.5 7.5 0 6.7 0.5 4.2 0.4 26 NA 44.2 80 8.2 15.1 0.2
20060108 41.5 56.6 0.8 1.8 1.4 1.6 3.2 0 0 0.4 9.5 0 6.6 0.5 4.5 0.4 26.7 NA 47.6 85.3 8.9 18 0.1
20060109 43 59 0.9 2.1 1.6 2 4.1 0 0 0.4 11.6 0 6.2 0.5 4.8 0.4 29.1 NA 49.8 91.6 10.2 20.8 0.1
20060110 39.2 48.3 0.9 1.6 1.4 1.5 2.9 0 0 0.4 9.2 0 6.6 0.5 4.5 0.4 22.3 NA 45.6 92.7 9.3 19.4 0.1
20060111 35.9 37 0.7 0.9 1.1 0.7 1.2 0 0 0.2 6.2 0 6.7 0.4 4.1 0.3 14.2 NA 42.8 96.4 7.7 18.5 0.1
20060112 32.4 23.2 0.8 0.2 0.9 0.2 0.1 0 0 0.2 4.1 0 7.6 0.4 3.8 0.3 5 NA 38.5 97.4 6.8 17.4 0.1
20060113 30.6 20.4 0.6 0.2 0.9 0.2 0.1 0 0 0.2 4.8 0 6.8 0.4 3.6 0.3 5 NA 36.1 96.7 6.9 21.6 0.1
20060114 30.6 18.2 0.6 0.2 1.4 0.7 0.2 0 0 0.4 6.3 0 7.5 0.7 3.8 0.6 5 NA 36.1 97 8 25.3 0.2
20060115 28.9 14.9 0.3 0.2 1.6 0.6 0.2 0 0 0.4 6.2 0 6.6 0.7 3.6 0.5 5 NA 32.5 96 8.1 29.2 0.2
20060116 27.4 12.9 0.1 0.2 1.5 0.7 0.2 0 0 0.4 7.2 0 6.2 0.7 3.4 0.5 5 NA 31 95.2 8.2 31.5 0.2
20060117 33.5 12.3 0.2 0.5 2.8 0.7 0.6 0 0 0.5 9.8 0 8.5 1.4 4 0.6 5 NA 41.6 96.4 12 29.8 0.2
20060118 39.6 11.3 0.4 0.8 4.4 0.9 1.8 0 0.2 0.9 14.3 0 11.1 2.2 4.7 0.7 5 NA 48.6 97.1 18.4 27.8 0.1
20060119 47.5 10.2 0.4 1.1 5.6 1 2.2 0 0.2 1 17.6 0 13 2.6 5.1 0.8 5 NA 57.8 98.3 24.6 26 0.1
20060120 51.3 9.2 0.4 0.8 4.4 0.8 2.1 0 0.2 1.3 17.7 0 11.5 2.4 4.9 0.7 5 NA 53.2 97.3 18.6 25.1 0.1
20060121 56.4 7.8 0.4 0.7 4.3 1.1 2.8 0 0.2 2.1 19.7 0 10.5 2.4 5 1 5 NA 50.6 96.7 18.1 25.1 0.2
20060122 60 6.4 0.2 0.4 3.1 1 2.7 0 0 2.3 20 0 9 2.1 4.9 1 5 NA 46.6 95.8 11.9 24.2 0.2
20060123 64 5.8 0.2 0.2 2.2 0.8 2.8 0 0 2.5 19.6 0 7.9 1.6 4.4 0.9 5 NA 42.7 94.8 8.6 23.1 0.2
20060124 60 5.9 0.3 0.2 2.7 1 2.5 0 0 2.4 20.3 0 7.2 1.4 4.5 0.9 5 NA 41 94.2 9.4 25.5 0.2
20060125 59.4 6.3 0.4 0.2 3.3 0.9 1.5 0 0 1.6 19.6 0 6 0.7 4.1 0.5 5 NA 39.4 92.4 10.1 28.9 0.1
20060126 55 6.3 0.5 0.2 4.3 1 1.2 0 0 1.4 20.9 0 5.4 0.5 4.1 0.5 5 NA 38.9 91.4 10.6 30.9 0.1
20060127 63 5.7 0.4 0.2 4.2 1 1.2 0 0 1.2 17.1 0 5.3 0.5 4 0.5 5.5 NA 43.4 92.4 11.4 29.1 0.1
20060128 68.8 5.5 0.4 0.3 4.7 1.3 1.7 0 0 1.3 16.5 0 6.1 1.3 4.3 0.7 6.1 NA 45.5 94.6 11.7 27.1 0.3
20060129 75.7 4.9 0.3 0.3 4 1.3 1.6 0 0 0.9 12 0 6 1.3 4.2 0.7 6.7 NA 48.7 95.1 12 24.8 0.3
20060130 81.4 4.6 0.2 0.3 3.9 1.3 1.6 0 0 0.7 9.7 0 5.8 1.3 3.9 0.7 7.4 NA 50.4 96 12.5 22.7 0.3
20060131 75.1 4.6 0.2 0.3 4.9 1.3 1.6 0 0 0.9 15.6 0 6 1.3 4.4 0.7 6.4 NA 44.8 96.7 12.3 26 0.3
20060201 70.6 0 0 0 4.3 0.8 0.5 0 0 1.2 20.3 0 5.1 0.4 4.3 0.5 1 NA 37.4 97.3 11.4 28.6 0.1
20060202 63.3 0 0 0 5.1 0.8 0.5 0 0 1.4 24.2 0 5.2 0.4 4.6 0.5 0 NA 30.3 97.9 10.7 31.4 0.1
20060203 58.4 0 0 0 4.4 0.8 0.5 0 0 1.1 20.4 0 7.2 0.6 4.4 0.5 0 NA 30.7 97.2 10 29.3 0.1
20060204 57.7 4.7 0.4 0 3.7 1 1 0 0 1.3 17 0 9.7 1.5 5.1 0.6 5 NA 29.3 96.3 9.2 28 0.3
20060205 52.8 4.7 0.4 0 2.6 0.8 0.8 0 0 1 13.1 0 12.1 1.5 4.8 0.2 5 NA 29.3 95.5 8.5 26.1 0.3
20060206 50.5 4.7 0.4 0 2 0.8 0.8 0 0 0.8 10.1 0 13.6 1.8 4.7 0.2 5 NA 28 94.7 7.8 24.1 0.3
20060207 68.3 4.7 0.4 0.2 5.2 1.2 1.9 0 0 1.4 24.8 0 11.3 1.8 5.8 0.3 5 NA 39.9 96.6 27.5 34.5 0.3
20060208 82.5 4.6 1.2 3.2 9.2 2 3.8 1 0.5 2 39 0.1 8.7 1.7 6.4 0.8 5 NA 52.5 98.1 49.7 44.9 0.2
20060209 95.4 4.6 1.2 3.4 11.7 2.3 4.7 1 0.5 2.4 49.7 0.1 6 1.7 7.2 0.9 5 NA 63.5 99.5 65.1 54.5 0.2
20060210 93.4 6.3 1.2 3.4 11.8 2.3 5 1 0.7 2.4 48.4 0.1 6.2 2.2 7 0.8 30 NA 63.3 99.5 57.8 55.1 0.2
20060211 90.9 8.6 1.4 3.5 12.2 2.4 6.2 1.3 1.5 3.5 48.7 2.9 7.6 4.8 7.2 1.1 50 NA 63.3 99.5 52.1 57.3 1.5
20060212 88.2 9.5 1.3 3.2 12.1 2.3 6.9 1.2 1.5 3.5 47.1 2.9 7.7 5 6.8 1 70 NA 63 99.5 44.6 57.4 1.5
20060213 85.6 11.8 1.3 3.2 12.3 2.3 7.7 1.2 1.8 3.6 46.1 2.9 7.9 5.5 6.8 0.9 90 NA 62.9 99.5 37.8 57.9 1.5
20060214 87.4 10.9 1.3 3.3 11.5 2.3 8.7 1.2 1.5 3.7 40.7 2.9 9.3 5.7 8.8 1.6 89 NA 66.5 99.2 42.3 51.3 1.5
20060215 91.1 9.3 0.2 1.7 10.1 2.4 8.7 0 0.4 2.7 35.2 0 8.6 5.4 11.4 2.2 88.5 NA 68.5 98.9 44.5 43.4 0.1
20060216 93.3 7.9 0.2 1.8 8.7 2.4 9.6 0 0.1 2.6 28.1 0 10.3 5.4 13.9 2.7 87.4 NA 72.6 98.6 48.7 35.2 0.1
20060217 93.5 15.6 0.8 5.2 7.8 2.7 10.9 2.8 0.7 3 29.4 0.1 11.2 5.2 12.7 2.7 87.8 NA 73.4 98.9 55.5 40 0.6
20060218 93.3 23.9 2.8 11.3 7.7 3.6 11.9 7 2.6 4.8 33.2 1 14 6 11.8 3.5 88.5 NA 73 99 64.1 45.1 1.8
20060219 93.1 28.3 3.4 14.1 6.8 4.1 13.4 8.4 3 5 33.5 1.1 13.8 5.8 10.3 3.7 85.6 NA 73.1 99.3 73 49.5 2.3
20060220 93.2 34.7 4 17 6.6 4.7 14 11.2 3.7 5.6 35.6 1.1 14.3 5.9 9 3.9 85.9 NA 71.3 99.4 81.4 54.3 2.7
20060221 94.2 39.8 6.8 15.9 7.3 4.8 12.2 8.5 3 5.5 40.4 1.1 17.1 5.9 9.6 3.7 89.4 NA 70.1 99.4 84.1 50 2.4
20060222 96.5 41.5 11.4 16.3 8.1 4.4 10.6 5.3 1.7 4.4 46.1 0.6 20.6 5.4 10.2 3 92.4 NA 66.1 99.5 82 44.5 1.4
20060223 97 45.2 14.4 14.1 8.1 4.2 8.1 1.9 0.9 3.9 49.4 0.5 21.9 5 10.3 2.7 94.1 NA 63.4 99.6 82.7 38.9 0.8
20060224 97.1 42.1 13.6 17.1 8.4 6.1 10.3 1.9 0.8 3.9 46.1 0.5 28.9 4.9 11.1 2.5 80.3 NA 59.2 99.6 84.1 43.1 1
20060225 97.4 35 11.2 16.7 10 9.2 12.8 1.9 0.8 3.8 43.7 0.5 32.9 5.9 11.7 2.4 67.6 NA 56 99.7 90.4 49.3 1.8
20060226 97.4 30.6 10.1 19.4 9.7 10.2 14.3 1.7 0.5 3.8 39.9 0.2 39.5 5.6 12.5 1.9 55 NA 51.7 99.7 91.6 52.9 1.7
20060227 97.6 24.7 7.8 20.2 10 12 15.9 1.7 0.4 3.7 37.3 0.2 43.6 5.5 12.9 1.8 39.8 NA 49.5 99.7 94.1 58.1 2
20060228 97.2 29.8 12.2 18.3 10.1 10.8 16 2.2 0.5 3.4 42.8 0.2 51 8.5 18 2.5 54.8 NA 59.6 99.7 92.3 60.6 2.2
20060301 97.2 36 18.8 17.9 10.3 8.7 14.7 2 0.4 3.2 48.1 0.3 58.2 10.5 23.2 3.5 69.1 NA 67.5 99.6 91.3 61 2.4
20060302 96.4 39.6 22.6 16 10.3 7.8 14.3 2.3 0.5 2.8 52.3 0.3 65.3 12.9 27.4 4.2 81.2 NA 75.2 99.6 89.6 61.5 2.8
20060303 96.3 37.9 20.8 20 9.9 6.9 14.1 1.9 0.4 2.7 52.9 0.3 56.9 13.6 25.6 5.4 79.7 NA 76.1 99.5 90.5 60.2 2.5
20060304 97 28.1 19.1 22.7 9.8 5.4 13.3 1.6 0.4 2.9 53.1 0.3 47 15.6 23.9 6.1 78.2 NA 75.2 99.7 90.8 59.5 1.8
20060305 96.8 26.4 17.5 27.4 8.5 4.2 12.6 0.9 0.1 2.1 52.8 0.2 37.5 15.9 21.7 6.9 75.4 NA 75.4 99.6 91.6 57.7 0.9
20060306 97 19.7 17.1 30.2 8.4 3 11.9 0.6 0 2 52.9 0.2 29.1 16.9 19.5 7.6 73.4 NA 73.8 99.6 91.8 57.2 0.4
20060307 96.9 15.5 16.4 30.7 7.9 5 13.9 0.4 0 2 53.2 0.2 32.1 14 18.2 7.1 62 NA 75.3 99.6 91.5 59.9 0.4
20060308 96.8 11 12 28 7.2 7 15.4 0.1 0 2 54.3 0.2 34.2 10.9 16.9 7.4 48.5 NA 76.1 99.6 91.5 59.8 0.4
20060309 96.6 5 11.6 26.6 6.4 8.5 16.5 0 0 1.9 53.9 0.2 36.4 7 15.3 7 31.7 NA 77.7 99.6 91 61.5 0.4
20060310 95.2 5 9.9 22.5 6.1 7.7 16 0 0 1.6 52.1 0.2 33.5 6.4 13.9 6.1 24.3 NA 68.8 99.6 89.7 57.5 0.4
20060311 93.8 5 8.4 18.8 5 8.1 15.2 0 0 1.7 47.8 0.3 31.2 5.8 11.6 4.6 19.1 NA 62.2 99.6 87.3 53.7 0.7
20060312 90.3 5 6.8 15.2 4.5 6.8 13.7 0 0 1.3 44.7 0.3 28.3 5.1 9.9 3.4 13.2 NA 53.3 99.6 81.8 48.3 0.8
20060313 88.7 5 4.3 10.8 3.6 6.1 12.6 0 0 1.1 40.5 0.3 25.9 4.5 8 2.3 6.4 NA 43.6 99.6 79.1 44.6 0.8
20060314 83.3 5 3.9 9.1 5.2 5.2 9.2 0 0 1.3 32.5 0.3 23.7 4.2 7.8 2.1 5 NA 34.6 99.4 68.1 39.6 0.8
20060315 73.5 0 0.2 3 7.2 2.3 4 0 0 1.3 20.6 0 19.7 1.4 7.9 1 1.4 NA 22.7 98.6 52.9 32.5 0.1
20060316 67.7 0 0 1.2 8.1 1.3 0.7 0 0 1.3 12.7 0 16.6 0.9 7.3 0.9 0 NA 10.4 98.4 42.7 28.2 0.1
20060317 65.5 0 0 1.1 7.5 1.5 1 0 0 1.3 13.1 0 14.2 0.9 7.3 0.9 0 NA 10.5 97.5 53.7 29.5 0.1
20060318 63.9 0 0 1.2 6.8 2.5 1.7 0 0 1.3 10.5 0 13 1.1 7 0.9 0 NA 10.9 97.3 61.5 32.3 0.4
20060319 58.6 0 0 1.2 5.9 2.6 2 0 0 0.8 10.3 0 10.6 1.1 6.3 0.8 0 NA 11 96.5 73.3 33.6 0.4
20060320 56.7 0 0 1.2 5.2 2.9 2.3 0 0 0.8 9.1 0 8.5 1 6 0.8 0 NA 11.1 95.6 81 34.3 0.4
20060321 53.9 0 0 1 4.7 2.5 2 0 0 1.1 8.7 0 8.2 1 6.2 0.8 0 NA 11.3 95.9 70.8 34.7 0.4
20060322 55.8 0 0 0.5 3.7 1.6 1.3 0 0 1.2 8 0 6.9 0.4 5.8 0.5 0 NA 11.8 94.5 55.2 33.7 0
20060323 52.6 0 0 0.4 3.2 1.1 1 0 0 1.6 7.1 0 6.6 0.4 6 0.5 0 NA 11.5 94.6 42.3 34.5 0
20060324 52.4 0 0 0.3 3.3 1.1 1.1 0 0 1.2 6.9 0 5.9 0.4 5.8 0.5 0 NA 10.1 91.3 41.9 33.5 0
20060325 47.8 0 0 0.3 3.6 1.4 1.4 0 0 1.2 5.5 0 5.2 0.9 6.1 0.9 0 NA 9.2 89.3 41.7 31.9 0.1
20060326 47.6 0 0 0.2 3.8 1.3 1.5 0 0 0.7 4.9 0 4.4 0.9 5.8 0.9 0 NA 7.8 87.2 41.3 30.6 0.1
20060327 45 0 0 0.2 3.6 1.2 1.5 0 0 0.4 4 0 3.4 0.9 5.6 0.9 0 NA 6.3 84.5 40.9 29.1 0.1
20060328 46 0 0 0.2 3.8 1.3 1.5 0 0 0.4 4.3 0 3.4 0.9 5.7 1 0 NA 6.3 85.8 44.6 29.4 0.1
20060329 49.4 0 0 0.2 4.2 1 1.1 0 0 0.5 2.9 0 2.5 0.5 5.2 1 0 NA 2.9 86.4 51.2 29.1 0
20060330 51 0 0 0.2 4.7 1 1.1 0 0 0.6 3.3 0 2.3 0.5 5.3 1.2 0 NA 3.2 87 58.1 29.1 0
20060331 39.6 0 0 0.2 3.7 1 1.1 0 0 0.5 3.1 0 2.1 0.5 5 1 0 NA 2.5 81.3 50.2 27.5 0
20060401 29.3 0 0 0.2 3.7 1.3 1.1 0 0 0.5 2.6 0 1.8 0.5 4.9 1 0 NA 2.5 77.8 44.8 26 0
20060402 18.8 0 0 0.1 2.5 1.3 0.9 0 0 0.2 2.3 0 1.5 0.3 4.4 0.6 0 NA 1 72.8 37.8 24 0
20060403 8.9 0 0 0.1 1.8 1.3 0.9 0 0 0.2 1.7 0 1.2 0.3 4.1 0.5 0 NA 0.5 67.6 29.4 22.2 0
20060404 8.5 0 0 0.1 1.7 1.5 1 0 0 0.2 1.5 0 1.2 0.3 4 0.5 0 NA 0.5 69.7 26.1 21.2 0
20060405 7.8 0 0 0 1.1 1.4 0.9 0 0 0.1 1 0 0 0.2 3.7 0.2 0 NA 0 73.4 20.3 19.9 0
20060406 7.3 0 0 0 1.1 1.6 1 0 0 0.1 0.8 0 0 0.2 3.6 0.2 0 NA 0 73.9 15.3 18.9 0
20060407 6.9 0 0 0 1.1 1.3 0.8 0 0 0.1 0.8 0 0 0.2 3.4 0.2 0 NA 0 69.3 15.7 17.7 0
20060408 5.9 0 0 0 1.1 1 0.7 0 0 0.1 0.8 0 0 0.2 3.4 0.2 0 NA 0 61.6 16.8 16.6 0
20060409 1.3 0 0 0 0.3 0.4 0.3 0 0 0 0.1 0 0 0 3 0.1 0 NA 0 55.6 16.3 14.3 0
20060410 0.3 0 0 0 0.3 0.2 0.1 0 0 0 0.1 0 0 0 2.9 0.1 0 NA 0 48 16.6 12.9 0
20060411 0.3 0 0 0 0.2 0.2 0.1 0 0 0 0.1 0 0 0 2.8 0.1 0 NA 0 45.5 16.8 12.2 0
20060412 0 0 0 0 0.1 0.2 0.1 0 0 0 0 0 0 0 2.6 0.1 0 NA 0 41.1 19.4 11.3 0
20060413 0 0 0 0 0.1 0.2 0.1 0 0 0 0 0 0 0 2.4 0.1 0 NA 0 39 21.5 10.7 0
20060414 0 0 0 0 0.1 0.2 0.1 0 0 0 0 0 0 0 2.4 0 0 NA 0 32.5 15.3 8.8 0
20060415 0 0 0 0 0.1 0.2 0.1 0 0 0 0 0 0 0 2.5 0 0 NA 0 24 14.4 7.2 0
20060416 0 0 0 0 0 0.1 0 0 0 0 0 0 0 0 2.5 0 0 NA 0 14.1 7.6 5.1 0
20060417 0 0 0 0 0 0.1 0 0 0 0 0 0 0 0 2.5 0 0 NA 0 6.3 3.4 3.1 0
20060418 0 0 0 0 0 0.1 0 0 0 0 0 0 0 0 2.4 0 0 NA 0 5.5 3.3 2.7 0
20060419 0 0 0 0 0 0 0 0 0 0 0 0 0 0 2.1 0 0 NA 0 2.6 0.1 1.1 0
20060420 0 0 0 0 0 0 0 0 0 0 0 0 0 0 2 0 0 NA 0 1.8 0 0.6 0
20060421 0 0 0 0 0 0 0 0 0 0 0 0 0 0 1.7 0 0 NA 0 1.8 0 0.5 0
20060422 0 0 0 0 0 0 0 0 0 0 0 0 0 0 1.4 0 0 NA 0 1.8 0 0.5 0
20060423 0 0 0 0 0 0 0 0 0 0 0 0 0 0 1 0 0 NA 0 0 0 0.2 0
20060424 0 0 0 0 0 0 0 0 0 0 0 0 0 0 0.7 0 0 NA 0 0 0 0.1 0
20060425 0 0 0 0 0 0 0 0 0 0 0 0 0 0 0.5 0 0 NA 0 0 0 0.1 0
20060426 0 0 0 0 0 0 0 0 0 0 0 0 0 0 0.4 0 0 NA 0 0 0 0 0
20060427 0 0 0 0 0 0 0 0 0 0 0 0 0 0 0.2 0 0 NA 0 0 0 0 0
20060428 0 0 0 0 0 0 0 0 0 0 0 0 0 0 0.1 0 0 NA 0 0 0 0 0
20060429 0 0 0 0 0 0 0 0 0 0 0 0 0 0 0.2 0 0 NA 0 0 0 0 0
20060430 0 0 0 0 0 0 0 0 0 0 0 0 0 0 0.1 0 0 NA 0 0 0 0 0
20060501 0 0 0 0 0 0 0 0 0 0 0 0 0 0 0.1 0 0 NA 0 0 0 0 0
20060502 0 0 0 0 0 0 0 0 0 0 0 0 0 0 0.1 0 0 NA 0 0 0 0 0
20060503 0 0 0 0 0 0 0 0 0 0 0 0 0 0 0 0 0 NA 0 0 0 0 0
20060504 0 0 0 0 0 0 0 0 0 0 0 0 0 0 0 0 0 NA 0 0 0 0 0
20061204 0 0 0 0 0 0 0 0 0 0 0 0 0 0 1.2 0 0 NA 0 0 0 0 0
20061205 1.3 0 0 0 0 0 0 0 0 0 0 0 0 0.1 1.3 0 0 NA 1.2 1.8 0.2 0 0
20061206 2.8 0 0 0 0 0 0 0 0 0 0 0 0 0.3 1.5 0 0 NA 2.5 3.9 0.4 0 0
20061207 4.5 0 0 0 0 0 0 0 0 0 0 0 0 0.3 1.6 0 0 NA 5 4.2 0.5 0 0
20061208 6.3 0.2 0 0 0 0 0.1 0 0 0 0 0 0 0.7 1.9 0 5 NA 8.8 9.1 2.1 0.1 0
20061209 8.1 0.2 0 0 0 0 0.1 0 0 0 0 0 0 0.7 2.1 0 5 NA 11.3 9.6 2.2 0.1 0
20061210 9.1 0.2 0 0 0 0 0.1 0 0 0 0 0 0 1 2.2 0 5 NA 11.3 13 2.5 0.1 0
20061211 10.9 0.2 0 0 0 0 0.1 0 0 0 0 0 0 1 2.3 0 5 NA 13.8 13.4 2.6 0.1 0
20061212 10.3 0.2 0 0 0 0 0.1 0 0 0 0 0 0 1 2.2 0 5 NA 11.3 13.3 2.5 0.1 0
20061213 9 0.2 0 0 0 0 0.1 0 0 0 0 0 0 0.7 2.2 0 5 NA 11.3 10.1 2.2 0.1 0
20061214 8.4 0.2 0 0 0 0 0.1 0 0 0 0 0 0 0.7 2.1 0 5 NA 8.8 10 2.1 0.1 0
20061215 6.9 0 0 0 0 0 0 0 0 0 0 0 0 0.3 2.1 0 0 NA 5 9.8 1.8 0 0
20061216 6.3 0 0 0 0 0 0 0 0 0 0 0 0 0.3 2.1 0 0 NA 2.5 6.6 1.6 0 0
20061217 5 0 0 0 0 0 0 0 0 0 0 0 0 0.1 2 0 0 NA 1.2 6.5 1.5 0 0
20061218 4.3 0 0 0 0 0 0 0 0 0 0 0 0 0 2 0 0 NA 0 4.8 1.3 0 0
20061219 4.6 0 0 0 0 0 0 0 0 0 0 0 0 0 1.9 0 0 NA 0.1 6.4 2 0 0
20061220 4.8 0 0 0 0 0 0 0 0 0 0 0 0 0 2 0 0 NA 0.1 6.4 2 0 0
20061221 5.1 0 0 0 0 0 0 0 0 0 0 0 0 0 2 0 0 NA 0.1 9.8 3.4 0 0
20061222 5.5 0 0 0 0 0 0.1 0 0 0 0 0 0 0.1 2.3 0.1 0 NA 1.5 11.3 3.7 1.1 0
20061223 5.9 0 0 0 0 0 0.1 0 0 0 0 0 0 0.1 2.3 0.1 0 NA 1.5 11.3 3.7 1.1 0
20061224 6 0 0 0 0 0 0.1 0 0 0 0 0 0 0.1 2.3 0.1 0 NA 1.7 14.7 5.1 1.1 0
20061225 6.3 0 0 0 0 0 0.1 0 0 0 0 0 0 0.1 2.3 0.1 0 NA 1.7 14.6 5.1 1.1 0
20061226 6.1 0 0 0 0 0 0.1 0 0 0 0 0 0 0.1 2.3 0.1 0 NA 1.7 14.8 5.2 1.2 0
20061227 5.7 0 0 0 0 0 0.1 0 0 0 0 0 0 0.1 2.4 0.1 0 NA 1.7 11.7 3.9 1.3 0
20061228 5.5 0 0 0 0 0 0.1 0 0 0 0 0 0 0.1 2.5 0.1 0 NA 1.6 11.7 4 1.2 0
20061229 4.2 0 0 0 0 0 0 0 0 0 0 0 0 0.1 2.7 0.1 0 NA 0.6 10.9 4.3 1.4 0
20061230 4.1 0 0 0 0 0 0 0 0 0 0 0 0 0.1 2.8 0.1 0 NA 0.6 9.6 3 1.4 0
20061231 3.6 0 0 0 0 0 0 0 0 0 0 0 0 0.1 2.9 0.1 0 NA 0.6 7.9 3.1 1.4 0
20070101 3.4 0 0 0 0 0 0 0 0 0 0 0 0 0.1 3 0.1 0 NA 0.6 7.4 2.5 1.5 0
20070102 5 0 0 0 0 0 0 0 0 0 0.2 0 0 0.1 3.2 0.1 0 NA 0.7 8.1 2.5 1.5 0
20070103 6.7 0 0 0 0.1 0 0 0 0 0 0.5 0 0 0.2 3.2 0.1 0 NA 0.9 9.7 2.6 1.5 0
20070104 8.6 0 0 0 0.1 0 0 0 0 0 1 0 0 0.4 3.4 0.1 0 NA 1.1 11.1 2.5 1.5 0
20070105 10.1 0 0 0 0.1 0 0 0 0 0 1 0 0 0.5 3.5 0.1 0 NA 1.2 12.8 2.6 1.6 0
20070106 12.7 0 0 0 0.2 0 0.1 0 0 0 1.4 0 0 0.6 3.6 0.1 0 NA 1.4 14.3 2.6 1.6 0
20070107 13.2 0 0 0 0.2 0 0.1 0 0 0 1.4 0 0 0.6 3.7 0.1 0 NA 1.5 15.8 2.6 1.6 0
20070108 17.6 0 0 0 0.3 0 0.1 0 0 0.1 2.9 0 1.1 1 4 0.1 0 NA 2.1 17.3 2.8 1.7 0
20070109 17.7 0 0 0 0.3 0 0.1 0 0 0.1 2.9 0 1.1 1 3.9 0.1 0 NA 1.9 16.4 2.7 1.1 0
20070110 20.7 0 0 0 0.4 0 0.1 0 0 0.1 3.4 0 1.1 1.2 4.1 0.1 0 NA 2.2 19.4 2.7 1.1 0
20070111 21.9 0 0 0 0.4 0 0.1 0 0 0.1 3.4 0 1.1 1.2 4.2 0.1 0 NA 2.2 19.4 2.8 1.2 0
20070112 23.7 0 0 0 0.5 0 0.1 0 0 0.1 3.9 0 1.1 1.4 4.3 0.1 0 NA 2.5 22.6 2.7 1.1 0
20070113 25.3 0 0 0 0.5 0 0.1 0 0 0.1 3.9 0 1.1 1.4 4.4 0.1 0 NA 2.5 22.6 2.8 1.2 0
20070114 26.8 0 0 0 0.5 0 0.1 0 0 0.1 4.4 0 1.1 1.5 4.6 0.1 0 NA 2.7 25.6 2.8 1.2 0
20070115 28.4 0 0 0 0.6 0 0.1 0 0 0.1 4.4 0 1.1 1.6 4.7 0.1 0 NA 2.7 25.6 2.8 1.2 0
20070116 31.7 4.8 0.3 0.6 1.3 0 0.9 0.6 0.1 0.5 6.2 0.2 1.6 1.9 5.2 0.2 5 NA 6.1 28.9 4.5 3.4 0
20070117 36.7 9.6 0.5 1.1 2.1 0.1 1.6 1.1 0.2 0.7 8.6 0.2 3.2 2.3 5.9 0.3 10 NA 10.1 34 5.9 6.2 0.1
20070118 43.1 19.1 1 2.1 3.6 0.1 3 2.2 0.5 1.1 12 0.3 4.8 2.7 6.3 0.6 20 NA 16.2 43.5 7.2 10.3 0.1
20070119 49.3 28.7 1.3 2.3 4.1 0.2 4.3 3.3 0.5 1.4 15.6 0.3 4.8 3.2 7.2 0.7 30 NA 19.9 46.9 9.5 13.7 0.1
20070120 53.6 28.9 1.6 3.6 5.1 0.3 4.5 3.3 0.7 2 16.4 0.6 5.9 3.6 7.9 0.9 30 NA 24.2 53.2 11.3 15 0.1
20070121 57.3 38.2 1.9 3.6 5.7 0.3 5.7 4.4 0.7 2.2 19.4 0.6 7.5 3.8 8.1 1 40 NA 27.2 56.9 12.3 19.1 0.2
20070122 63.6 48 3.9 6.8 8.4 0.9 8.1 6.5 1.7 4.1 24.8 2.9 9.7 6.3 10.1 2.3 50 NA 34.7 63.4 17.8 23.7 1.1
20070123 67.9 48.3 3.9 7 8.5 1 8.1 6.5 1.7 4.2 25.7 2.9 10.8 6.6 10.6 2.3 50 NA 36.6 69.6 19 24.9 1.1
20070124 72.2 57.6 4.3 7.7 10 1 9.6 7.6 1.9 4.4 28.9 2.9 11.9 6.9 11 2.5 60 NA 42.1 73.3 20 28.9 1.1
20070125 77.5 67.2 4.8 8.2 10.4 1.1 10.8 8.7 1.9 5.2 32.7 3.2 12.9 7.5 11.9 2.7 70 NA 45.8 76.8 22.8 32.3 1.1
20070126 83.2 67.4 4.9 9.2 11.6 1.1 11 8.7 2.2 5.3 34 3.2 14.9 7.9 12.5 2.8 70 NA 50.1 84.5 24.1 33.8 1.3
20070127 88 77 5.2 9.4 12.1 1.2 12.2 9.8 2.2 5.5 36.8 3.2 16 8.1 12.8 3 80 NA 53.5 90.9 25 37.9 1.3
20070128 94.3 86.4 5.8 10.5 13.6 1.2 13.7 11 2.4 6.3 40.6 3.6 16.6 8.7 13.8 3.3 90 NA 59.9 96.2 28.2 41.7 1.3
20070129 97.6 91.2 5.9 10.6 13.9 1.3 14.3 11.5 2.4 6.4 42.4 3.6 17.1 9 14.2 3.3 95 NA 62 99.5 29 43.8 1.3
20070130 97.5 91.8 14.3 17.4 13.1 1.3 16 12.3 2.6 6.2 42.1 3.3 20.4 14.2 14.8 3.6 95 NA 66 99.5 36 44.7 1.8
20070131 97.3 92.3 25.8 23.6 13.1 1.3 18.3 13.3 2.8 5.6 41.9 3.2 23.2 20.5 15.5 4 95 NA 71.4 99.5 38.9 45.2 2.2
20070201 97.1 92.7 32.5 28.2 12.4 1.4 20.3 13.6 3.2 5.4 41.7 2.9 27.9 26.4 16.1 4.5 95 NA 74.4 99.4 44.1 45.8 3
20070202 96.6 93.8 43.1 37.8 12.5 1.4 22.8 15 4 5.9 42 2 32.6 35 16.9 4.8 95 NA 79.4 99.4 52.1 46.9 3.8
20070203 96.4 94.2 53 40.9 11.8 1.4 24.4 16.5 4 5.6 41.7 2 37 40.8 17.6 5.3 95 NA 84.6 99.4 55 47.3 4.3
20070204 96.2 94.6 62.6 50 11.9 1.5 26.5 16.9 4.7 5.1 41.6 1.7 40.1 47.1 18.2 5.7 95 NA 87.6 99.4 60.2 47.9 5
20070205 95.9 95.3 71.5 54.7 11.4 1.4 28.7 17.9 4.6 4.8 41.2 1.5 44.5 53.5 18.9 6.2 95 NA 93 99.3 65.7 48.6 5.5
20070206 96.2 95.3 74.8 61.4 12.6 2.4 33.5 20.3 5.4 5.5 45.9 1.9 43.5 52.3 20.7 7.3 95 NA 93.6 99.4 70.5 48.1 5.6
20070207 96.4 95.3 78.8 67 12.6 2.9 37.2 22 5.4 5.9 49.4 2.2 44.6 52.3 23.2 9 95 NA 93.7 99.4 74.2 46.9 5.2
20070208 96.6 95.3 82.2 73.7 13.7 3.6 41.2 23.7 6 6.7 53.1 2.4 43.4 51.2 24.7 9.9 95 NA 94.4 99.4 78.4 46.4 5.1
20070209 97.5 95.1 85.6 79.4 15.7 6.1 46.8 29 7.9 8.6 60.6 4.9 44.1 50.2 27.9 12.7 99.9 NA 96.1 99.8 86.1 46.3 5.8
20070210 97.7 95.1 89.6 86.1 16.7 6.8 51.8 30.8 8.2 9 63.9 5.1 44.7 49.8 30.5 14.4 99.9 NA 96.9 99.9 89.9 45.6 5.6
20070211 97.9 95.1 93 91.8 16.8 7.4 54.3 32.5 8.5 9.7 67.8 5.4 43.7 48.3 32 15.3 99.9 NA 96.8 99.9 94.1 44.6 5.3
20070212 98.1 95.1 95 95.1 18 8.3 59.2 34.6 9.1 10.3 72.1 5.7 44.6 49.8 34.3 16.9 99.9 NA 97.2 99.9 98.2 43.9 5.4
20070213 97.7 95.1 95 95.1 18.5 11.3 60.5 33.8 9.1 9.8 72.2 5.5 50.8 55.7 36.7 18.6 99.6 NA 97 99.9 98.2 49 6.4
20070214 97.3 95.1 95 95.1 18.3 13.4 61.2 33.8 9.6 9.4 72.5 5.3 55.9 60.4 39.1 19.9 99 NA 96.4 100 98.2 53.9 7.5
20070215 96.5 95.1 95 95.1 18.5 15.4 62.2 33.9 10 9 72.3 5.1 61 64.5 40.8 20.9 98.7 NA 96.4 100 98.2 58.3 9
20070216 96.4 98.8 95.1 95.6 18.8 20.7 64.4 31.9 9.5 7.5 72.8 4.7 69.7 72.5 42.9 23.7 98.4 NA 96.1 100 99.2 65.2 11.4
20070217 95.9 98.8 95.1 95.6 19.1 22.8 64.4 31.8 10 7.2 72.7 4.5 74.8 76.8 46 25 97.8 NA 95.5 100 99.2 70.2 12.4
20070218 95.5 98.8 95.1 95.6 18.7 24.8 65.6 31.6 10.4 6.7 73 4.3 80 81.5 48.2 25.9 97.5 NA 95.5 100 99.2 74.5 13.7
20070219 94.9 98.8 95.1 95.6 19 27.8 66.7 31.1 10.8 6.1 72.9 4 86.7 87.4 50.2 27.9 97 NA 95 100 99.2 80 15
20070220 94.3 97.7 94.6 92.8 17.2 25 64.8 29.6 9.5 6.6 67.9 4 79.3 79.9 46.4 25 97.3 NA 95.1 100 97.9 80 13.2
20070221 92.8 95.9 94.2 90.8 16.3 23.1 62.4 27.2 8.3 7 62.7 4 74.5 73.9 43.1 23 97.4 NA 94 100 96 79.7 12.1
20070222 92.5 95.1 93.9 88.9 15 21.1 60.7 26.2 7 6.7 58.8 4 69.2 68.8 38.9 21 97.5 NA 94.6 99.9 95.3 80.1 10.9
20070223 90.3 92.3 93.5 85.2 12.5 17.5 57.3 25 5.3 6.8 52.7 4.1 60.5 60.8 34.6 18 95.2 NA 93.4 99.9 93.3 77.6 8.8
20070224 88.9 89.7 92.9 83.2 11.6 15.7 54.7 23.2 4.2 7.5 48.4 4 55.6 53.7 31.6 16.2 95.3 NA 92.6 99.8 91.4 77.8 7.6
20070225 88.9 88.9 92.7 81.2 10.3 14 52.7 21.6 2.8 7.7 43.8 4 50.4 49.8 28.1 14.2 95.4 NA 92.9 99.8 90.8 78.8 6.5
20070226 87.4 87.7 92.2 78.4 8.8 11.1 50.5 20.5 2.2 7.9 39 4 43.9 41.3 24.1 11.5 95.7 NA 92.4 99.8 88.8 77.7 5.2
20070227 88.6 83.4 89.7 79 9.3 10.8 49.9 18.6 2.3 9.5 39.4 4 42.5 38.3 23.5 11.6 93.3 NA 92.4 99.8 87.8 78.1 4.9
20070228 88.1 80.2 85.3 79.4 10.3 9.8 48.3 18.3 2.3 12.1 42.7 4 40.7 36.7 23.6 12.2 91.7 NA 92.1 99.8 87.7 79.5 4.5
20070301 89.1 75.5 81.3 79.9 10.8 9.1 48.4 16.7 2.7 13.4 41.5 4 39.4 34 21.1 10.8 90.1 NA 92.1 99.9 86.6 79.4 4.2
20070302 90.7 72.1 77.7 80.6 13 8.6 46.8 14.2 3.8 17.7 44.5 4.6 41.3 30 21.6 11.1 88.2 NA 92.4 99.9 85.5 79.8 4.9
20070303 90.9 67.3 74.7 81 14.1 7.8 45.3 13 3.8 19.9 44.8 4.6 39.8 28.7 21.7 11.6 85 NA 89.4 100 85.4 79.1 4.6
20070304 91.3 64.5 71.8 81.5 14.4 7.2 45.3 12.4 4.1 21.3 47.3 4.6 38.2 25.7 20.2 11.1 83.4 NA 90.6 100 84.5 81.2 4.2
20070305 92 59.4 66.8 82.1 15.5 6.8 43.7 11 4 23.6 47.9 4.6 36.9 23.3 20.1 11.2 81.8 NA 90.6 100 83.8 81 3.9
20070306 92 62.8 71.6 84 16.2 8.2 44.7 10.8 4 20.2 50.2 4.6 39.6 22.8 19.6 11 82 NA 87.5 100 83.9 81.3 3.9
20070307 91.7 64.6 74.7 85.2 16.6 9.3 46.7 9.5 3.6 19.2 50.7 4.5 42 19.2 19.5 11.3 83.1 NA 84.6 100 84.9 79.5 3.8
20070308 91.9 66.6 77.2 86.5 16.7 10.6 47.1 9.1 3.6 15.8 52.7 4.5 44.6 18.8 19.3 10.7 83.5 NA 81.6 100 84.2 81.7 3.8
20070309 92.5 69 81.1 89.3 16.4 11.1 50.5 7.6 2.2 11.1 54.9 3.5 48.1 18.3 18.1 9.9 84.6 NA 79.1 100 85.8 82 2
20070310 92.2 71.8 85.3 90.6 17.1 12 50.6 6.5 1.7 8.7 55.5 3.5 50.6 14.7 17.5 9.9 83.7 NA 76.1 100 85.2 81.3 2
20070311 92.3 74.3 89.5 91.8 17 13.5 52.8 5.9 1.7 6 57.4 3.5 53.1 14.5 17.3 9.9 85.1 NA 73 100 86.1 81.5 1.9
20070312 91.9 75.7 92 93.7 17.4 14.6 53 5.4 1.4 3.8 58.8 3.4 55.7 12.2 17 9.3 84.9 NA 69.3 100 85.4 81.3 1.9
20070313 90.9 67.2 84.4 92.1 16.4 13.9 49.9 4.6 1.4 3.9 56.8 3.4 55.2 12.8 16.6 9.3 77 NA 65 100 86.3 80.5 1.9
20070314 89.7 60.9 79.3 90 15 12.9 46.2 4.6 1.4 3.7 53.7 3.4 55.3 13.6 16 9.5 68.6 NA 63.7 99.9 85.6 78.6 1.9
20070315 88.6 53 74 88.1 13.3 12.3 42.8 3.8 1.4 4 52.5 3.4 54.4 13.7 16.2 9.2 64.2 NA 58.3 99.8 86.5 76.6 1.9
20070316 87.3 43.4 63.6 85.3 11.9 12.9 38 1.6 0 3.3 48.2 1.1 55 14.2 15.1 9.5 56.6 NA 56.5 99.8 85.1 74.5 0.8
20070317 85.6 37.2 58.6 84.5 10.7 12.1 34.7 0.8 0 3.4 46.3 1.1 54.2 14.6 14.5 9.8 46.2 NA 54.2 99.7 85.9 72.6 0.8
20070318 84.1 29.4 53.4 82.5 9.2 11.3 31.1 0.4 0 3.4 44.6 1.1 54.1 15.2 14.1 9.5 38.7 NA 48.2 99.7 85.3 70.6 0.8
20070319 83.1 21.1 45.8 80.2 7.3 10.5 27.1 0 0 3.3 41.4 1.1 53.3 15.5 13.7 9.5 32.6 NA 45.1 99.6 85.5 69.2 0.8
20070320 82.7 19.3 45.7 81.4 7.4 11 25.7 0 0 3.2 40.4 1.1 49.7 14.7 13.2 8.5 29 NA 43 99.5 84.8 66.5 0.8
20070321 81.4 15.8 44.7 81.8 6.7 11.5 24.7 0 0 2.8 39.7 1.1 45.3 14.1 12.2 8.2 25.5 NA 36.9 99.3 84.1 63.8 0.8
20070322 81.7 14 44.7 81.5 6.7 11.6 22.9 0 0 2.8 37.6 1.1 41.7 13.2 11.6 7.2 21.9 NA 34.7 99.3 80.5 62.2 0.8
20070323 81.4 9.1 42.6 82.6 3.9 9.6 19.8 0 0 0.9 36.8 0.1 36.7 10.9 9.9 5.7 17.5 NA 31.2 99.2 76.1 58.7 0.2
20070324 80.3 7 40.9 82.4 3.4 9.7 18.5 0 0 0.7 35.7 0.1 32.5 10.3 9 5.4 13.9 NA 28.1 99 73.3 56.4 0.2
20070325 79.8 4.6 40.9 83.5 3.3 10.2 17.1 0 0 0.5 35 0.1 28.2 9.5 8.4 4.4 10.3 NA 22.9 98.9 73.5 54.2 0.2
20070326 79.2 2.5 40.4 83.9 3 10.4 15.3 0 0 0.2 33.4 0.1 24.6 8.5 7.5 3.8 5 NA 19 98.8 70.7 51.2 0.2
20070327 70.6 2.5 37.2 80 2.8 9.9 14.7 0 0 0.2 29.5 0.1 23.1 8 7.2 3.6 5 NA 16.3 96.6 66.7 50.7 0.2
20070328 60.6 2.4 33.5 75.5 2.5 9.3 14.5 0 0 0.2 25.2 0.1 22.5 7.4 6.9 3.4 5 NA 13.6 91.6 65.2 51.2 0.2
20070329 52.7 2.4 30.3 71.1 2.3 8.4 13.4 0 0 0.2 21.7 0.1 21.3 7 6.7 3.2 5 NA 10.9 89.4 61.3 51.2 0.2
20070330 42 0.1 26.4 67.9 1.6 9.9 12.7 0 0 0.2 15.7 0 19.4 5.9 5.8 2.8 0 NA 8.3 87.2 56.4 50.7 0.2
20070331 31.2 0 22.5 59.2 1.3 9 12.4 0 0 0.2 11.7 0 19.7 5.3 5.5 2.6 0 NA 5.6 82.8 55.7 51.9 0.2
20070401 24.4 0 19.5 56.7 1.1 9.2 11.9 0 0 0.2 8 0 18.5 4.9 5.2 2.4 0 NA 2.8 80.1 50.9 51.6 0.2
20070402 14.3 0 14.9 51.3 0.8 7.8 10.5 0 0 0.2 3 0 16.8 4.3 4.9 2.1 0 NA 0.1 76.7 48.4 51.2 0.2
20070403 13.2 0 12.9 45.6 0.7 7.8 9.1 0 0 0.2 3.2 0 16 4.3 4.8 2.1 0 NA 0.3 79 51.8 48.3 0.2
20070404 11.3 0 10.8 39.6 0.8 6.2 8 0 0 0.2 3.1 0 11.8 4.2 4.8 2 0 NA 0.5 78.6 54.5 41.1 0.2
20070405 10 0 9.8 36.1 0.7 6.2 6.6 0 0 0.2 3.2 0 10 4.1 4.6 2 0 NA 0.6 79.6 58 36.7 0.2
20070406 7.2 0 7.1 30.7 1.5 2.6 3.9 0 0 0.3 3.3 0 8.2 2.9 4.5 1.5 0 NA 1.6 81.3 64.3 30.4 0.1
20070407 5.4 0 5 24.7 1.6 1.9 2.2 0 0 0.3 3.4 0 5.3 2.8 4.6 1.6 0 NA 1.7 83 67.9 25.8 0.1
20070408 5 0 3 18.8 1.5 1.6 1.3 0 0 0.3 3.6 0 4 2.8 4.5 1.4 0 NA 1.9 82.6 70.4 20.5 0.1
20070409 3.1 0 1.3 12.1 1.5 0.8 0 0 0 0.3 3.6 0 1.5 2.7 4.3 1.4 0 NA 2 84.5 74.7 16.2 0.1
20070410 3.1 0 1.3 11.3 1.5 0.7 0 0 0 0.3 3.6 0 1.5 2.8 4.3 1.4 0 NA 1.9 76.6 67.2 15.3 0.1
20070411 3.1 0 1.3 10.8 1.5 0.7 0 0 0 0.3 3.3 0 1.4 2.9 4.4 1.3 0 NA 1.7 70.2 60 14.8 0.1
20070412 2 0 1.3 10.3 1.4 0.7 0 0 0 0.3 3.3 0 1.4 3 4.2 1.2 0 NA 1.6 64.8 52.7 14.1 0.1
20070413 2.4 0 0 5 1 0.9 0 0 0 0.1 1 0.1 0 1.9 3.6 0.8 0 NA 0.5 56.6 43.8 11.9 0
20070414 2.4 0 0 4.5 1.1 0.9 0 0 0 0.1 0.9 0.1 0 2 3.7 0.7 0 NA 0.4 51.2 36.5 11.5 0
20070415 1.9 0 0 4 1 0.9 0 0 0 0.1 0.9 0.1 0 2 3.7 0.7 0 NA 0.1 44.2 29.4 10.8 0
20070416 1.8 0 0 3.2 1 0.9 0 0 0 0 0.7 0.1 0 2.1 3.6 0.6 0 NA 0 38.5 25.2 10 0
20070417 1.8 0 0 3.5 1 0.9 0 0 0 0 0.7 0.1 0 2 3.6 0.6 0 NA 0 35.7 25.3 9.6 0
20070418 1.8 0 0 4.1 1 0.8 0 0 0 0 0.7 0.1 0 2 3.6 0.6 0 NA 0 34.3 29.2 8.7 0
20070419 1.8 0 0 4.5 1 0.8 0 0 0 0 0.7 0.1 0 1.8 3.4 0.5 0 NA 0 29.7 26.9 7.5 0
20070420 0 0 0 5.1 0.1 0.2 0 0 0 0 0 0 0 1.4 3 0.2 0 NA 0 26.2 29.1 6.5 0
20070421 0 0 0 5 0.1 0.2 0 0 0 0 0 0 0 1.3 3 0.2 0 NA 0 23.8 27 6 0
20070422 0 0 0 5.6 0.1 0.2 0 0 0 0 0 0 0 1.2 2.9 0.2 0 NA 0 21 30.9 4.9 0
20070423 0 0 0 6.1 0.1 0.2 0 0 0 0 0 0 0 1.1 2.9 0.2 0 NA 0 18.6 28.6 4.4 0
20070424 0 0 0 5.1 0.1 0.1 0 0 0 0 0 0 0 1 2.7 0.2 0 NA 0 17.7 27.4 3.9 0
20070425 0 0 0 4.3 0.1 0.1 0 0 0 0 0 0 0 0.8 2.3 0.2 0 NA 0 16.7 22.1 3.4 0
20070426 0 0 0 3.5 0.1 0.1 0 0 0 0 0 0 0 0.7 2.1 0.1 0 NA 0 14.3 20.9 3 0
20070427 0 0 0 2.8 0.1 0.1 0 0 0 0 0 0 0 0.5 1.8 0 0 NA 0 13.4 15 1.6 0
20070428 0 0 0 1.9 0.1 0.1 0 0 0 0 0 0 0 0.3 1.5 0 0 NA 0 12.4 13.8 1.1 0
20070429 0 0 0 1 0.1 0.1 0 0 0 0 0 0 0 0.2 1.3 0 0 NA 0 10.8 8 0.7 0
20070430 0 0 0 0.2 0.1 0 0 0 0 0 0 0 0 0.1 1.1 0 0 NA 0 10.3 4.7 0.3 0
20070501 0 0 0 0.2 0.1 0 0 0 0 0 0 0 0 0.1 0.9 0 0 NA 0 10.3 4.7 0.3 0
20070502 0 0 0 0.2 0.1 0 0 0 0 0 0 0 0 0.1 0.9 0 0 NA 0 6.7 4.3 0.3 0
20070503 0 0 0 0.2 0.1 0 0 0 0 0 0 0 0 0.1 0.8 0 0 NA 0 6.7 4.3 0.3 0
20070504 0 0 0 0 0 0 0 0 0 0 0 0 0 0 0.5 0 0 NA 0 3.6 0.5 0 0
20070505 0 0 0 0 0 0 0 0 0 0 0 0 0 0 0.4 0 0 NA 0 1.8 0.2 0 0
20070506 0 0 0 0 0 0 0 0 0 0 0 0 0 0 0.3 0 0 NA 0 1.8 0.2 0 0
20070507 0 0 0 0 0 0 0 0 0 0 0 0 0 0 0.2 0 0 NA 0 0 0 0 0
20071126 0 0 0 0 0 0 0 0 0 0 0 0 0 0 0.2 0 0 NA 0 0 0 0 0
20071127 0 0 0 0 0 0 0 0 0 0 0 0 0 0 0.3 0 0 NA 0 0 0 0 0
20071128 0 0 0 0 0 0 0 0 0 0 0 0 0 0 0.4 0 0 NA 0 0 0 0 0
20071129 0 0 0 0 0 0 0 0 0 0 0 0 0 0 0.5 0 0 NA 0 0 0 0 0
20071130 2.2 0 0 0 0 0 0 0 0 0 0 0 0 0 0.9 0 0 NA 2.3 6.6 1 0.4 0
20071201 5.7 0 0 0 0 0 0 0 0 0 0 0 0 0 1.4 0 0 NA 5.7 16.8 2.9 1.1 0
20071202 7.8 0 0 0 0 0 0 0 0 0 0 0 0 0 1.7 0 0 NA 8 23.4 3.9 1.6 0
20071203 10.2 0 0 0 0 0 0 0 0 0 0 0 0 0 2.1 0 0 NA 10.3 31.5 5 2 0
20071204 10.7 0.7 0 0.4 0 0 0 0 0 0 0 0 0.4 0 2.6 0 2.2 NA 14.4 33.6 7.6 3 0
20071205 15.1 5.4 0.8 2.7 1.2 0.8 1.4 0.2 0.1 0.5 2.1 0 2.1 0.5 3.7 0.9 8.2 NA 19.9 37 12.1 5.7 0.2
20071206 15.5 6.1 0.8 3.1 1.2 0.8 1.4 0.2 0.1 0.5 2.1 0 2.5 0.5 4.2 0.9 10.4 NA 24.3 40.6 14.4 6.7 0.2
20071207 16.5 6 0.8 3.2 1.2 0.8 1.4 0.2 0.1 0.5 2.1 0 4.3 0.5 4 0.9 10.8 NA 29.2 41.6 12.2 6.2 0.2
20071208 17.7 6.1 1 3.3 1.2 0.8 1.4 0.2 0.1 0.5 2.9 0 6.3 0.5 3.8 0.9 11.2 NA 34.5 41.4 10.1 5.8 0.4
20071209 18.4 5.2 0.9 3 0.9 0.6 1.1 0.2 0 0.3 2.5 0 7.7 0.4 3.5 0.5 11 NA 37.6 42.5 8 4.7 0.4
20071210 19.3 5.2 0.9 3.1 0.9 0.6 1.1 0.2 0 0.3 2.5 0 9 0.4 3.2 0.5 11 NA 43.1 41.7 5.1 4 0.4
20071211 22.2 5.4 0.9 3.2 0.9 0.6 1.1 0.2 0 0.3 2.5 0 9.2 1 3.3 0.6 11.2 NA 44.2 42.3 6.8 4.6 0.4
20071212 25.1 5.3 1 3.3 1.6 1.4 1.3 0.1 0 0.4 2.4 0 10.2 1.9 3.7 0.9 11.8 NA 44.9 42.1 9.8 5.6 0.3
20071213 28.4 5.2 1 3.4 1.6 1.4 1.3 0.1 0 0.4 2.4 0 10.4 2.4 3.9 1 12.3 NA 44.8 40.9 12.7 6.2 0.3
20071214 29.9 7.6 1 3.5 1.7 1.4 3 0.1 0 0.4 3.1 0 9.9 2.2 4 1 28 NA 49.2 48.4 12.8 7.8 0.3
20071215 31.9 11.4 2.6 4.5 2.2 1.5 6 0.9 0 1 6.3 0 9.5 2.5 4.6 1.2 47.2 NA 53.5 54 14.4 10 0.4
20071216 33.5 14.4 2.6 4.6 2.3 1.1 7.9 0.9 0 1.1 6.7 0 9 2.2 4.7 1.1 65 NA 57.4 60.7 14.1 11.7 0.4
20071217 34.5 17.3 2.6 4.6 2.4 1.1 10 0.9 0 1.2 7.6 0 8.1 1.9 4.8 0.9 83.9 NA 61.3 66.4 14.6 12.8 0.4
20071218 33.6 16.1 2.6 4.7 2.3 1.1 7.8 0.9 0 1.1 6.8 0 8.7 1.9 4.7 1.1 69.3 NA 56.2 69.6 16.2 12.7 0.4
20071219 33.5 12.6 1 3.9 1.8 0.9 4.1 0.6 0 0.5 3.6 0 9.6 1.1 4 1.2 58.5 NA 51.5 73 19.1 12.1 0.4
20071220 31.7 11.1 1 4.1 1.6 0.9 1.4 0.6 0 0.5 2.5 0 9.8 1.2 3.9 1.5 44.5 NA 46.2 74.2 22.5 11.8 0.4
20071221 34.9 9 1 3.6 1.6 0.9 1.3 0.6 0 0.4 3.2 0 9.4 0.9 3.8 1.3 34 NA 45.4 70.5 16.8 10.7 0.4
20071222 37.2 8.6 1.4 4 2.2 1.2 1.8 0.6 0 1 6.6 0 8.6 1.1 3.9 1.5 31.4 NA 46 65.8 16.4 10.7 0.5
20071223 40 6.5 1.4 3.3 2.1 1.2 1.7 0 0 1 7.5 0 7.9 0.8 3.7 1.1 20.8 NA 44.2 61 10.6 9.5 0.5
20071224 41.6 5 1.4 2.9 2.1 1.2 1.6 0 0 0.9 8.4 0 7.2 0.6 3.6 1 13.7 NA 42.8 57.7 7.3 8.2 0.5
20071225 42.3 17.2 1.4 3.2 2.2 1.4 1.7 0 0 0.9 8 0 8 0.6 4 1 19.6 NA 42.2 55.9 8.1 9.2 0.5
20071226 43 31.9 1.2 4 2 1.6 1.7 0 0 1.1 7.6 0 8.9 0.6 4.3 0.8 23.6 NA 41.3 54.4 9.6 9.7 0.7
20071227 42.5 45.5 1.2 4.5 2.1 1.7 1.7 0 0 1.1 7.1 0 9.3 0.6 4.8 0.8 27.5 NA 40.7 51.9 9.3 10.3 0.8
20071228 46.4 36.7 1.2 4.2 2.1 1.7 1.7 0 0 1.2 10.3 0 8.8 2.1 4.9 0.8 23.2 NA 39.7 50.9 11.7 9.6 0.7
20071229 51.2 26.5 1.3 4 2.3 1.8 1.7 0 0 1.5 13.2 0 8.2 4.4 5.4 0.9 19.7 NA 40.9 49.7 12.7 9.1 0.7
20071230 54.3 17.8 1.2 3.5 2.2 1.7 1.6 0 0 1.5 15.7 0 7.6 5.6 5.5 0.9 15.4 NA 39.3 46.5 14.2 8.1 0.5
20071231 57.5 7.6 1.2 3.1 2.2 1.7 1.5 0 0 1.7 18.2 0 7 6.9 5.6 0.9 13.4 NA 37.6 44.4 15.7 7.3 0.5
20080101 51.5 7.7 1.2 3.4 2.5 1.6 1.7 0 0.1 1.6 19.3 0.1 7.8 8.7 6.3 1.2 13.1 NA 40.8 55.4 17.9 7.8 0.5
20080102 45.4 7.9 1.6 4.5 3.5 2.3 2.6 0.1 0.5 1.6 19.3 0.2 8.5 10.7 7.8 1.8 12.5 NA 45 68.1 21 8.8 0.4
20080103 39.6 7.7 1.6 4.9 3.9 2.2 2.7 0.1 0.7 1.5 19.9 0.3 9 12.8 8.7 2 11.5 NA 48.6 78.4 23.4 9.4 0.4
20080104 40.7 6.9 1.6 4.7 3.6 2.2 3.2 0.1 0.7 1.4 16.6 0.3 8.5 10.3 7.7 1.8 12.1 NA 48.4 76.9 18.3 9.6 0.4
20080105 42.2 7 1.8 4.5 3.7 2.3 3.7 0.1 0.5 1.4 13.4 0.3 8 7.4 7 1.8 12.6 NA 47.8 74.8 15.5 10.3 0.4
20080106 43.7 6.1 1.6 3.1 2.8 1.4 3.5 0.1 0.3 0.9 10 0.2 7.1 4.4 5.7 1.5 13.1 NA 47.9 72.2 10.8 10 0.3
20080107 45.2 5.7 1.6 2.9 2.6 1.3 4 0.1 0.2 0.8 6.1 0.2 6.9 1.2 4.5 1.2 13.7 NA 47.1 70.6 6.4 10.3 0.3
20080108 42.1 5.7 1.6 2.8 2.4 1.3 3.4 0.1 0.2 0.9 5.7 0.2 6.8 1.2 4.6 1.2 11.4 NA 40.2 64.3 6.1 9.9 0.3
20080109 39.4 4.9 0.7 2.4 2.2 1.8 2.8 0 0 0.9 5.3 0 6.9 1.1 4.6 1.1 9.1 NA 30.8 56.7 5.6 9.4 0.3
20080110 36.2 4.9 0.7 2.3 2 1.8 2 0 0 1 4.9 0 6.8 1.1 4.6 1.1 6.6 NA 22.6 49.4 5.2 8.9 0.3
20080111 38.1 4.8 0.7 2.2 2.1 1.8 2 0 0 0.9 6.9 0 6.7 1.1 4.6 1.1 6 NA 23.7 52.3 6.5 10.6 0.3
20080112 38.3 5 0.9 2.4 2.3 1.8 1.9 0 0 0.9 9.6 0.1 6.7 1.1 4.5 1.1 6 NA 24.4 55.1 7.6 13 0.4
20080113 40.7 4.9 0.9 1.7 1.6 0.9 1 0 0 0.6 12.1 0.1 6.5 0.6 3.8 0.7 5.3 NA 23.6 56.6 9.3 14.1 0.4
20080114 40.3 4.9 0.9 1.7 1.7 0.9 1 0 0 0.5 14.8 0.1 6.3 0.6 3.8 0.7 5 NA 24.2 57.8 10.5 16 0.4
20080115 47 5.3 0.9 1.8 2 0.9 1 0 0 0.5 13.6 0.1 6.6 2.2 4.6 0.7 5 NA 22.1 65.5 11.7 17.9 0.4
20080116 47.9 5.4 0.8 2.5 2.3 0.7 1 0 0 0.5 11.2 0 7.8 4.3 5.7 0.8 5 NA 19.2 75.7 12.7 21.2 0.5
20080117 54.1 5.7 0.8 2.6 2.7 0.7 1 0 0 0.5 9.9 0 7.6 5.6 6.5 0.8 5 NA 17.1 81.2 13.6 22.9 0.5
20080118 68.1 25.6 4.1 5.7 5.9 1.9 4 2.1 0 1 16.6 0.1 8.3 6.9 8.1 1.5 30 NA 30.1 86.7 18.6 28.7 0.8
20080119 77.4 46.3 10.3 10.4 10.8 3.6 8 4.9 0.3 2.3 23.4 0.5 9.7 11.2 9.7 2.4 50 NA 43.1 87.1 23.3 32.2 1.1
20080120 91.4 61.6 13.1 14.1 13.1 4.4 10.5 6.3 0.3 3.2 29.2 0.5 10 12.3 11.1 3.1 70 NA 53.4 90.7 26.7 36.9 1.3
20080121 99.9 83.8 16.6 16 16.4 5.6 13.3 8.2 0.3 3.2 35.3 0.6 10.3 14 12.4 3.6 91.6 NA 67.5 92 31.3 40.3 1.5
20080122 99.9 87.2 16.5 19.9 16.1 4.8 12.3 7 0.5 4.3 37.8 0.5 11.6 12.8 12.4 3.4 91.6 NA 64.9 93.5 42.5 38.2 1.5
20080123 99.9 90.3 15.6 24.7 14.9 5.5 10.9 6 1 5.4 40.9 0.2 12 11.9 12.5 3.1 95 NA 63.9 96.2 52.8 35.5 1.2
20080124 100 91.4 14.8 28.1 13.8 4.4 9.3 4.8 1.3 6.3 42.5 0.1 12.9 10.2 11.9 2.6 95 NA 60.6 97.6 62.4 32.7 1.1
20080125 99.5 86.9 21.1 29.4 12.4 4.9 12.7 8.7 1.7 5.8 41.2 0.1 14.4 11.7 11.9 3.3 94.8 NA 66 97.7 55 33.2 1
20080126 99.1 83.4 29 29.8 12.8 5.1 17.8 15 4.1 5.7 41.5 3.5 15.8 13.7 12.3 4.9 94.8 NA 72.6 98.6 47.6 34.1 2.1
20080127 98.5 76.4 34.9 32.4 10.9 4.7 20.2 18.4 4.5 5.2 40.2 3.5 16.5 14.9 11.9 5.3 89.6 NA 77 98.6 39.6 34.5 1.9
20080128 98.1 71.6 40.6 31.5 10.2 4.9 23.8 22.3 5 4.5 40.1 3.5 17.5 16.8 11.7 6.2 89.6 NA 81.6 98.6 31.5 34.6 1.8
20080129 97.7 70.6 34.9 32.3 10.3 4.8 24.3 20.2 4.9 4.4 37.4 3.5 21 16.8 13.3 5.8 89.6 NA 81.4 98.6 35.5 33.6 1.8
20080130 96.7 72 28.9 26.8 10.3 5.1 25 17.7 4.7 3.9 35.5 3.4 24.5 15.3 15.2 5.4 93.7 NA 81.1 99.7 41.9 32.3 1.7
20080131 95.2 71.4 23.6 24.3 10.3 4.9 25.2 15.8 4.6 3.6 33.8 3.4 27.1 15 16.4 5 93.7 NA 80.7 99.7 48.3 30.8 1.7
20080201 95.3 72.9 37.2 24.6 10.1 4.9 23.4 16 4.1 4 38.3 3.4 30.4 15.6 16.4 4.2 92.6 NA 78 99.7 55.7 34.6 1.9
20080202 97.5 73.3 49.9 24.8 9.4 4.3 22.3 16.4 3.7 4.6 42 3.4 34 18 16.1 4.1 95 NA 78.6 99.7 60.1 38.2 2
20080203 97.5 73.7 62.4 26.1 9 4.2 20.2 15.8 3.2 5.5 47.4 1.7 35.7 18.7 15.6 3.3 90.5 NA 74.6 99.7 65.3 41.2 1.7
20080204 98.5 74.2 76.4 27 8.5 3.7 18.1 15.9 2.7 5.5 49.9 1.7 39.1 19.6 15.2 2.7 90.5 NA 72.2 99.7 70.7 45.1 1.9
20080205 96.5 77.9 76 27.9 9.8 4 17.3 14.5 3.3 5.9 47.7 1.7 36.9 19.3 14.9 2.9 90.6 NA 73 99.7 73.7 44.3 1.6
20080206 94.7 79.3 72.9 27.7 11.2 4.5 15.1 11.9 4.1 5.6 45.8 1.8 36.5 19 14.2 3 90.6 NA 75.1 99.6 76.6 44.6 1.6
20080207 92.3 81.8 72.2 27.9 11.9 4.7 13.6 9.9 4.8 5.4 42.8 1.8 33.5 18.5 13.6 3.1 90.7 NA 75.4 99.6 78.8 42.3 1.3
20080208 93.9 85.2 75.2 35.3 19 6.7 18.1 15.4 6.9 7.3 47.1 3.5 39.6 17.9 13.6 4.4 90.7 NA 78.6 99.6 82.6 45.3 2.5
20080209 95.5 89.1 81.4 43.8 26.4 9.6 22.5 20.4 8.4 8.8 50.5 6 47 18.8 13.5 5.4 95.3 NA 82.6 99.6 88.8 48.9 3.7
20080210 97.1 91 84 49.8 32.4 11.5 26.5 24.9 9.6 10 52.8 7.4 51.7 16.7 12.4 6 95.1 NA 85.5 99.6 91.6 51.4 4.5
20080211 98.4 93.8 87.3 57.4 39.2 13.8 29.8 30.4 10.8 11.2 56.4 8.7 57.5 17 12.2 7 97.3 NA 88.3 99.6 94.8 55.4 5.3
20080212 98.4 93.3 89 61.3 36.7 14.8 33.4 30.3 10.6 11.9 60.9 7.6 57.8 16.3 13.1 9.8 97.4 NA 89.3 99.6 93.9 60.9 5.8
20080213 98.8 93.5 89.9 65.7 34.7 15.7 36.4 30.2 10.9 12.7 67.1 5.7 58.6 15.2 15.1 13.3 98.3 NA 90.3 99.7 92.2 66.7 7
20080214 98.8 92.8 91 68.9 30.6 17 39.1 29.8 10.5 13 71.4 4.8 58.8 13.8 16 15.8 98.3 NA 91.3 99.7 90 73.3 7.7
20080215 98.8 82.9 86.3 64.5 25.8 14.7 34.9 27.9 9.5 11.4 65.1 4.2 59.7 13.8 16.5 14.5 98.3 NA 83.5 99.7 92.5 66.6 7
20080216 98.8 72.8 84.1 59.6 21 11.8 30.1 25.9 8.6 10.7 59.6 4.1 60.2 13.9 17 13.5 99.9 NA 74.8 100 94 60.3 6.6
20080217 98.8 65 80.2 55.8 16.3 9.4 26.2 23.8 7.8 9.3 54.1 3.5 61.1 13.7 17 12 99.9 NA 67.6 100 95.9 53.5 5.9
20080218 98.7 53.8 75.3 49.4 11.4 6.2 20.2 21.6 6.5 7.8 46.9 2.8 59.9 13.4 17 10.4 99.8 NA 58.4 100 96.6 45.3 4.7
20080219 98.7 67.1 80.8 62 16.4 10.8 27.4 27.9 11.7 11 56.4 2.8 60.5 20.8 22.2 13.3 99.9 NA 68.8 100 96.6 55.8 4.8
20080220 99.3 80 85.6 76.6 22.1 16.1 34.4 32.1 14.7 14.6 67.4 3.2 58.9 28.8 27.2 17 99.9 NA 79.4 100 97.5 64.9 4.9
20080221 99.2 93.2 89.4 85.9 26.9 20.9 41.1 36.2 19 17.7 78 3.2 59.6 35.2 32.2 20 100 NA 87.6 100 97.5 73.5 4.9
20080222 99.3 91.8 90.4 84.4 23.6 18.7 39.8 34.6 17 15.2 77.7 3.2 58 36.3 35.7 19.8 99.2 NA 78.8 100 97.5 71 4.5
20080223 99.4 91.9 91.5 88.5 20.2 17.4 40.8 34.3 16 12.9 79.7 3.4 56.9 35.2 38.9 20.4 98.3 NA 74.6 100 99.1 69 4.2
20080224 99.4 90.6 92.4 87 16.4 14 38.9 32.3 14.1 9.3 79.3 3.4 55.3 35.1 41.1 19.8 97.5 NA 65.3 100 99.1 66.7 3.2
20080225 99.5 88.6 93.5 88.5 11.6 11.6 38.2 31.2 12.3 7.1 79.1 3.4 52.4 33.8 43.3 19.7 96.6 NA 56.6 100 99.1 64 2.6
20080226 99.2 89.1 92.1 88.1 13.3 18.6 38.6 26 11 10.7 79.1 3.4 55 33.9 39.4 22.7 96.6 NA 68.7 100 99.1 72.5 2.8
20080227 98.9 89.7 91.4 88.4 14.8 28 36.1 18.5 10.1 14.3 79.4 3.6 60.4 32.7 35.7 24.8 96.7 NA 76.1 100 99.1 81.6 4.2
20080228 98.7 90.9 90.7 88.6 16.4 35.1 35.6 12.8 8.5 17.1 76.6 3.6 65.3 31.2 32.1 26.8 96.8 NA 88.2 100 99.1 88.5 4.7
20080229 98.5 85.4 88.9 89.9 19 30.9 40.4 12.3 7.3 13.9 74.5 3.6 61.9 35.2 33.4 28.9 96.3 NA 86 100 99.1 85.1 4.4
20080301 98.6 77.7 86.3 90.9 20.8 24.9 44.1 12.5 6.1 11.5 72.3 3.6 56.1 44.6 35.1 31.5 96.5 NA 80.5 100 99.1 82.3 4.2
20080302 98.2 70.2 83.6 92 22.5 19.6 47.7 11.3 3.8 7.8 70.8 2.9 52.6 48.2 36.4 33.1 96.1 NA 78.2 100 99 77.5 2.3
20080303 97.9 62.6 80.4 92 24 13.5 51 11.6 2.9 4.6 68.2 2.9 47.1 51.1 37.6 35.4 95.6 NA 72.4 100 99 74 2
20080304 98 62.9 84.1 89.1 24.2 15.2 47.8 11 2.7 6.1 67 2.9 46.9 62.6 41.2 32.9 93.9 NA 77.4 100 99 74.7 2
20080305 98.2 64 86.2 86.1 23.9 16.8 43.5 10.6 2.9 7.9 66 3.5 47.7 74.6 45.2 30.4 93 NA 81.2 100 98.6 73.3 2.2
20080306 98.3 64 89 82.2 23.1 17.7 38.6 9 2.6 9 62.5 3.5 48.6 85.8 48 27.2 91.2 NA 86.2 100 98.5 73.6 2.2
20080307 98.6 71.3 90 85.1 27.7 20.6 40.4 10.6 3.8 14.9 67.9 3.5 53.2 87.2 55.3 31.4 92.8 NA 88.9 100 98.6 77.2 3.5
20080308 98.6 80.2 91.6 88.3 30.6 23.9 42.8 12.3 5 21.8 75.7 3.8 56.9 91.7 63.5 35.8 95.3 NA 92 100 98.8 81.7 5
20080309 99 87.5 92.7 91.2 34.3 26.1 43.7 13 5.9 27.9 81.5 3.5 59.9 93.1 70.8 39.3 96.7 NA 93.3 100 98.4 85.1 6.3
20080310 98.9 92.8 93.4 93.4 37.3 29.2 45.3 15.3 7.2 34.7 87.7 3.6 63.5 95.1 77.9 43.5 98.6 NA 95 100 98.4 89.7 7.4
20080311 98.3 87.4 92.8 90.1 36.7 26.3 47.4 14.2 6 27.3 83.1 3.5 61 89.9 72.9 40.7 97.6 NA 90.7 100 98.9 86.9 6.1
20080312 97.7 81.1 92.2 86.4 34.5 23 49.8 14.8 5.7 17.6 77.2 3.8 58.6 85.7 66.2 37.7 95 NA 88.3 100 98.8 83.8 5.2
20080313 96.9 75.3 91.7 82.3 32.5 19.3 50 12.8 4.1 7.8 70.9 3.8 57.2 81.5 59.9 33.8 93.8 NA 82.5 100 99.1 80.9 4.4
20080314 96.5 74.6 84.6 80.6 36.7 19.2 51 11.9 4.1 7.9 70 3.8 54.8 77.3 60.3 34.8 89.7 NA 84.6 100 99.1 81.5 4.5
20080315 96 74.8 79.3 79.3 43.7 19.7 53.5 9.7 3.2 7.9 70.1 3.8 51.7 73.1 59.7 35.5 85.4 NA 89.6 100 99.1 81.8 4.8
20080316 95.4 73.8 72 76.8 47 19.4 53.7 8 2.3 7.6 66.5 2.4 48.6 71.1 59.9 36.3 79.1 NA 91.6 100 98.8 82.5 4.1
20080317 94.9 73.7 65.2 75.2 52 19.4 55.5 5.9 1.8 7.3 66.4 2.4 44.8 67.1 59.3 36.7 73.8 NA 96.3 100 98.8 82.8 4
20080318 95.7 79.6 69.8 78.8 33.5 18.9 53 7 2.2 7.4 66.2 2.6 44.8 72.2 51.4 31.7 78.6 NA 94.1 100 92.1 84.2 3.8
20080319 96.1 85.5 70.7 79.1 13.2 16.1 47.3 7 2.2 6.8 62.6 2.6 40.8 79.5 41.7 25.3 81.5 NA 89.9 100 84.3 84.2 2.7
20080320 96.7 39.9 72.1 74.2 11 7.8 23.9 5.3 1.8 6.3 69.2 2.8 28.6 60.4 38.6 21.5 64.8 NA 78.5 100 85.2 67.9 2
20080321 95 74.6 68.1 77.7 13.1 14.2 39.8 6.6 2.2 6.8 58.4 2.6 37.5 71.7 38.8 26.1 75.1 NA 84.8 100 88.2 84.3 2.6
20080322 93.8 61.5 61.2 73.3 13.7 11.5 33.9 5.2 2.2 6.6 57 2.6 36.5 65.7 35.7 26.8 67.8 NA 75.5 99.9 90.1 83.9 2.5
20080323 91.7 47.7 57.5 71 13 8.7 26.2 4.2 1.5 5.8 53.2 3.2 33.1 53.7 31.5 27.6 61.3 NA 69.5 99.9 93.7 82.8 1.8
20080324 90.5 34.4 50.2 66.6 13.2 6.8 18.3 3.7 1.5 6 49.6 3.2 30.4 47.7 28 28.4 54.9 NA 60.1 99.8 95.6 82.3 1.7
20080325 89.5 22.6 45.9 63.9 13.2 4.3 11.1 2.7 1.5 5.9 46.8 3.2 27.9 39.3 25.5 28.9 47.2 NA 53 99.8 98.6 82.5 1.6
20080326 87.4 13.7 46.8 64.2 12.3 3.7 13.8 2.4 1.5 4 39.1 3.3 25.8 13.7 22.6 14.3 35.8 NA 58 100 95.7 56.6 1.6
20080327 88.2 14.1 48 65.3 12.1 3.7 13.5 1.6 1.4 4.1 38.5 2.8 25.5 7 18.8 11.1 35.8 NA 59 100 96.4 57.8 1.5
20080328 90.3 19.5 44.5 66.4 11.8 4.1 12.2 2.7 1.5 5.5 45.2 3.2 27.4 32.6 23 25.2 41.2 NA 52.1 99.8 98.6 75.6 1.6
20080329 90.6 15.6 42.9 68.9 10.2 4.1 13.7 2.6 1.5 4.5 44 3.2 26.6 25.8 20.7 20.9 34.7 NA 49.5 99.8 98.6 68.7 1.6
20080330 91 11.6 41.3 72.2 8.4 3.6 15.1 1.7 1.3 4.2 42 2.4 25.2 18.8 17.9 16.5 28.9 NA 45.5 99.8 98.5 60.9 1.6
20080331 90.7 8.5 39.9 73.1 6.7 3.5 16.4 1.6 1.3 3.7 40.1 2.4 24.4 12.2 15.2 12 21.6 NA 47.4 99.8 98.5 53 1.6
20080401 91.9 5 38.3 76.5 4.8 3.4 17.5 1.6 1.3 3 39 2.4 24 5.4 12.9 8.5 17.3 NA 44.1 99.8 98.5 46.7 1.6
20080402 78.8 5 21.3 50.5 5.9 2.8 6.9 1.5 1.4 4.7 35.1 2.1 21.4 5 12 8.6 5.7 NA 23.9 99.4 85.9 39 1.3
20080403 82.5 5 20.8 51.3 7.6 2.5 7.4 1.4 1.4 3.5 31.6 2.8 18.1 5.1 12.4 8.9 5 NA 22.5 99.7 92.2 35.5 1.4
20080404 86.3 5 32.3 66.4 4.7 3.2 15.4 1.6 1.3 2.9 36.7 2.4 22.2 5.4 12.3 8.2 14 NA 37.1 99.6 93.4 44.1 1.6
20080405 83.3 5 26.6 60.9 4.6 2.9 12.9 1.6 1.3 2.9 36.7 2.4 20.7 5.2 11.1 8.1 12.4 NA 27.3 99.5 90.4 41.2 1.6
20080406 77.5 0 18.9 48.9 3.3 2.5 9.9 0 0 2 35.5 0 18.3 3 8.5 8 4.9 NA 20.3 99.3 83.8 38.3 0.2
20080407 72 0 12.8 38.8 3.4 2.2 7.4 0 0 1.9 33.8 0 16.3 2.9 7.4 7.8 3.3 NA 12.3 99.1 80.8 35.6 0.2
20080408 67.8 0 6.4 31 3.2 2 5.3 0 0 1.8 32.7 0 14.9 2.9 6.6 7.5 0 NA 3.9 99 75 32.9 0.2
20080409 62.6 0 5.2 33.7 3.3 2.4 2.5 0 0 1.8 24.9 0 10.2 2.9 6.4 5.5 0 NA 3.8 98.8 74.5 32.3 0.3
20080410 61.9 0 1.8 17.8 2.8 2.7 2.1 0 0 1.9 20.8 0 6.3 3.8 6.6 5.2 0 NA 4 98.4 81.6 31.1 0.2
20080411 58.8 0 5.8 28.2 3 1.9 4.6 0 0 1.8 27.3 0 12.6 2.9 6.6 6.6 0 NA 3.9 98.4 72.8 31.5 0.2
20080412 47.9 0 5.4 23.8 2.8 1.8 4 0 0 1.8 22.4 0 10.1 2.9 6.7 5.8 0 NA 3.9 97.3 69.2 30 0.2
20080413 37.8 0 1.3 20.9 3.7 1.3 2.4 0 0 1.6 17.1 0 6.8 2.8 6.4 4 0 NA 3.4 96.5 67.1 27 0.2
20080414 27 0 0.8 16.1 3.6 1.2 1.7 0 0 1.6 11.7 0 4.3 2.8 6.4 3 0 NA 3.4 95.4 63.2 25.2 0.2
20080415 19.1 0 0.1 12.6 3.3 1.1 1.2 0 0 1.6 7.3 0 2.7 2.8 6.5 2.1 0 NA 3.4 94.9 61.1 24.2 0.2
20080416 23.4 0 0 7.3 2.5 1.2 1.2 0 0 0.8 9.3 0 2.3 4.9 6.8 3.5 0 NA 3.5 92.8 64.9 24.2 0.1
20080417 13.9 0 0 5.5 2 1 1.1 0 0 0.6 6.3 0 2 4.8 6.2 2.6 0 NA 3.4 92 50.1 21.9 0.1
20080418 15.9 0 0.1 11.1 3.3 1.1 1.2 0 0 1.6 7.1 0 2.7 2.8 6 2.2 0 NA 3.4 88.8 55.9 22.9 0.2
20080419 12.7 0 0.1 9.7 3.1 1.1 1.2 0 0 1.6 6.1 0 2.7 3.7 5.9 2.3 0 NA 3.4 81.5 48.9 22 0.2
20080420 9.4 0 0 4.5 1.8 0.5 0 0 0 0.4 5.2 0 1.2 3.7 5.2 1.9 0 NA 0 75.7 41.6 18.9 0
20080421 6 0 0 2.6 1.7 0.5 0 0 0 0.4 4.6 0 1.2 3.7 4.8 1.9 0 NA 0 68 34.9 17.8 0
20080422 6 0 0 2.1 1.7 0.5 0 0 0 0.4 4.4 0 1.2 3.7 4.7 1.8 0 NA 0 57.6 31.8 14.8 0
20080423 0.9 0 0 0.7 0.6 0.2 0 0 0 0 0.5 0 0.9 0 3.4 0.2 0 NA 0 43.6 27.6 10.8 0
20080424 0.6 0 0 0.4 0.6 0.2 0 0 0 0 0.3 0 0.9 0 3.3 0.2 0 NA 0 30.7 24.2 7.6 0
20080425 0.6 0 0 0.4 0.6 0.2 0 0 0 0 0.3 0 0.9 0 3.2 0.2 0 NA 0 27.5 19.2 6.5 0
20080426 0.6 0 0 0.4 0.6 0.2 0 0 0 0 0.3 0 0.9 0 3.1 0.1 0 NA 0 23.8 15.9 5 0
20080427 0 0 0 0 0.4 0 0 0 0 0 0.2 0 0 0 2.8 0.1 0 NA 0 20.8 10.9 3.2 0
20080428 0 0 0 0 0.4 0 0 0 0 0 0.2 0 0 0 2.7 0.1 0 NA 0 14.3 5.8 1.8 0
20080429 0 0 0 0 0.4 0 0 0 0 0 0.2 0 0 0 2.7 0.1 0 NA 0 14.3 5.5 1.8 0
20080430 0 0 0 0 0.1 0 0 0 0 0 0 0 0 0 2.5 0 0 NA 0 8.1 5.1 1.3 0
20080501 0 0 0 0 0.1 0 0 0 0 0 0 0 0 0 2.5 0 0 NA 0 7.3 5 1.2 0
20080502 0 0 0 0 0.1 0 0 0 0 0 0 0 0 0 2.4 0 0 NA 0 7.3 5 1.2 0
20080503 0 0 0 0 0.1 0 0 0 0 0 0 0 0 0 2.4 0 0 NA 0 7.3 5 1.3 0
20080504 0 0 0 0 0.1 0 0 0 0 0 0 0 0 0 2.2 0 0 NA 0 5 5 1.1 0
20080505 0 0 0 0 0.1 0 0 0 0 0 0 0 0 0 2.2 0 0 NA 0 5 5 1.1 0
20080506 0 0 0 0 0.1 0 0 0 0 0 0 0 0 0 2.2 0 0 NA 0 5 5 1.1 0
20080507 0 0 0 0 0 0 0 0 0 0 0 0 0 0 2.2 0 0 NA 0 0 0 0 0
20080508 0 0 0 0 0 0 0 0 0 0 0 0 0 0 2.2 0 0 NA 0 0 0 0 0
20080509 0 0 0 0 0 0 0 0 0 0 0 0 0 0 1.9 0 0 NA 0 0 0 0 0
20080510 0 0 0 0 0 0 0 0 0 0 0 0 0 0 1.7 0 0 NA 0 0 0 0 0
20080511 0 0 0 0 0 0 0 0 0 0 0 0 0 0 1.3 0 0 NA 0 0 0 0 0
20080512 0 0 0 0 0 0 0 0 0 0 0 0 0 0 1 0 0 NA 0 0 0 0 0
20080513 0 0 0 0 0 0 0 0 0 0 0 0 0 0 0.7 0 0 NA 0 0 0 0 0
20080514 0 0 0 0 0 0 0 0 0 0 0 0 0 0 0.3 0 0 NA 0 0 0 0 0
20080515 0 0 0 0 0 0 0 0 0 0 0 0 0 0 0 0 0 NA 0 0 0 0 0
20081208 24.9 2.3 0 0 1.5 0.4 1.8 0.2 0 0.3 1.7 0 1.2 0.7 3.4 0.7 34.3 NA 50.7 43.2 6.7 3.6 0
20081209 24.3 2.3 0 0.5 1.4 0.4 1.9 0.2 0 0.3 1.7 0 1.2 0.7 3.5 0.7 30.6 NA 50.1 40.6 6.6 4.6 0
20081210 23.9 2 0 0.9 1.4 0.4 2 0.5 0.4 0.6 2 0 1.2 1.1 3.4 0.6 21.5 NA 48.5 35.5 6 5.9 0
20081211 22.9 2 0 1.4 1.3 0.4 2 0.5 0.4 0.6 2 0 1.2 1.1 3.4 0.6 15 NA 47.2 33.2 5.9 7 0
20081212 25.3 9.9 0.1 1.4 1.3 0.5 2.4 0.6 0.4 0.6 2.2 0 1.7 1.4 3.7 0.6 17.3 NA 50.4 38.9 7.1 6.9 0
20081213 28.3 20.3 2.2 3.7 2 1.5 4.1 1.3 1.5 1.4 5.5 0 3.7 3.5 5 1 19.7 NA 55.3 46.4 9.7 7.5 0.3
20081214 30 27.7 2.2 3.7 2.1 1.7 4.5 1.4 1.5 1.4 5.6 0 4 3.8 5.2 1 21 NA 58.1 49.9 11.6 7 0.3
20081215 33.2 33.6 2.2 3.7 2.1 1.8 5 1.6 1.5 1.4 5.8 0 4.4 4.1 5.6 1 23.8 NA 61.8 55.3 13.7 6.9 0.3
20081216 43.9 33 2.2 3.7 2.4 1.9 5.3 1.4 1.5 1.9 8.6 0 5 5.4 6.3 1 34 NA 64.2 62.8 14.4 7.7 0.3
20081217 53.3 30.8 2.2 4 2.7 2.1 5.9 2.2 1.6 2.6 11 0.1 5.4 6.3 7 1.2 44.1 NA 64.9 71 14.2 8.6 0.3
20081218 61.1 29.1 2.1 4 3 2 6.1 2 1.6 3 13.3 0.1 5.9 7.3 7.6 1.2 52.2 NA 65.2 76.2 14.8 9.4 0.3
20081219 63 37.9 2.3 4.1 4.4 1.9 7.2 4.3 1.8 3.5 20 0.1 6.2 8.1 7.7 1.2 61.9 NA 66 82.1 17.4 13.1 0.7
20081220 69.3 48.1 2.7 5.2 6.7 1.7 8.9 7.8 2.4 5 25.6 0.1 7.9 8.6 7.9 1.3 75.2 NA 68.3 89.3 19.8 17.7 1.7
20081221 70.2 55.4 2.5 5.2 7.4 1.4 10.2 11 2.4 4.9 30.8 0.1 7.4 9.2 7.8 1.2 82.9 NA 69.4 93.9 22 20.7 1.7
20081222 71.9 63.5 2.8 5.4 9.1 1.2 11.7 14.1 2.8 5.8 37.7 0.1 7.7 9.3 7.7 1.2 92.4 NA 71 98.7 23.8 24.1 2.1
20081223 80.2 62.1 4.6 5.2 7.6 1.8 11.6 15.5 3 5.5 35.1 0.1 7.8 11.3 8.8 1.2 91.1 NA 68.9 97.7 21.2 23.6 1.8
20081224 88.4 61.7 6.9 5 5.9 2.5 11.6 19.1 3.7 5.7 32.8 0.1 7.9 13.8 10.3 1.4 92.6 NA 65.8 97 18.7 22.6 1.4
20081225 95.3 59.8 8.7 5 4.8 3.1 11.4 20.6 3.8 5.5 29.3 0.1 8.2 16.1 11.6 1.4 91.3 NA 63.4 96.2 16.6 22.2 1.3
20081226 88.8 51.1 8.2 4.7 4.6 2.8 9.2 16.4 3.2 4.8 28.4 0.1 7.9 13.1 10.6 1.4 82.8 NA 60.1 94.3 15.1 20.4 1.2
20081227 81.3 44 8.2 5.1 5 2.6 7.2 12.3 2.6 4.4 27.5 0.1 7.5 10.1 9.7 1.4 75.3 NA 59.4 92.7 14.1 19.1 1.2
20081228 75.9 36.1 6.7 4.7 4.6 2.1 4.7 7.3 1.6 3.2 26.4 0.1 7.1 6.4 8.4 1.1 68.1 NA 56.4 91.2 12.6 17.1 0.5
20081229 67 28 6.5 4.2 4.6 1.8 3.1 2.1 1.3 2.8 25.5 0.1 6.7 2.6 7.2 1.1 60.5 NA 53.3 89.3 11.1 15.9 0.4
20081230 77.1 29.2 6.2 4.4 5.2 1.8 3.9 2.6 1.6 3.5 29.2 0.1 7.2 5.4 8 1.1 60.3 NA 54.4 89.6 10.9 19.8 0.5
20081231 86.8 30 6.1 4.3 6.5 2 4.8 3 2.3 4.2 33.8 0.3 8.4 8.3 9.1 1.5 59.9 NA 55.7 90 10.7 24.1 1.5
20090101 94.2 31.5 5.4 4.4 6.9 2 5.4 3.3 2.5 4.6 36.2 0.3 8.9 10.3 9.7 1.5 60.5 NA 56 89.7 10.4 26.4 1.5
20090102 94.8 41.5 8.3 5.8 7.4 2.3 8.3 5.5 2.8 5.2 37.9 0.3 10.2 11.9 10.3 1.5 67.2 NA 59.4 89.7 10.8 29.3 2.4
20090103 96.7 55.1 11.6 8.9 8.3 3.4 11.4 8.9 3.5 6.1 40 2 11.8 13.5 10.9 1.5 69 NA 63.4 90.3 11 32 4.7
20090104 96.3 67.4 13.9 8.9 8.3 3.3 13.3 11.2 3.1 6 41.1 2 12 14.2 11 1.2 74 NA 66.9 89.9 11.5 33.9 5.2
20090105 96.7 80.1 16.6 11.3 9.1 3.9 15.4 14.3 3.5 6.5 42.5 2 13.6 15.5 11.4 1.2 75.5 NA 70.5 89.9 11.8 36 6.2
20090106 96.6 75.7 18.9 9.4 8.7 3.6 15 13.7 3.4 8.3 44.5 2 14.8 14 11.9 1.3 73.5 NA 71.1 92.4 16.6 38.6 5.2
20090107 95.4 75.3 22.5 7.1 9.3 3.5 14 13.5 4.8 12 48.2 2.3 18.1 14.1 13.8 2.2 73 NA 69.3 94.5 20.5 41.7 4.9
20090108 95.3 70.8 24.8 6.2 9.5 3.3 13.5 13.2 4.8 14 50.4 2.3 19.9 12.8 14.5 2.3 71 NA 69.3 96.6 24.3 44.3 4
20090109 95.5 75.9 34.6 12.6 11.6 4 15.6 13.2 4.5 12.5 52.8 3.1 30.8 15.3 15.6 2.5 79 NA 70.8 97.7 33.8 46 4.7
20090110 97.7 84.1 43.9 20.2 13.7 5 19.6 13.6 5 10.1 56.3 4.5 38.9 17.8 16.9 2.9 83 NA 74.1 98.8 39.4 49.8 5.8
20090111 97.8 89.1 52 25.5 14.9 5.3 22.1 13.9 3.4 7.9 58.6 5.4 47.9 18.8 17.4 2.8 90.8 NA 74.6 99.3 48.4 51.5 6.1
20090112 97.8 95 60.4 31.1 16.8 6.2 25.4 14.4 3.4 5.8 61.1 5.9 56.8 21.3 18.3 3 95.9 NA 76.9 99.9 54.9 53.2 6.8
20090113 97.8 94.8 68.1 45.3 25.8 12.2 28.9 16.2 5.6 8.3 63.3 5.2 63.3 29.1 21.4 6 95.6 NA 83.9 99.9 68.7 60.6 9.7
20090114 97.9 98.3 77 62.1 37 20.2 33.9 19.1 8.4 11.6 66.4 5.1 70.7 39.5 25.9 10 99.1 NA 91.1 100 82.3 68.4 13.2
20090115 97.9 97.8 85.6 77.8 47.3 27.1 37.1 21.2 10.3 13.5 66.9 4.5 75.8 47.3 29.1 12.4 98.6 NA 96.5 100 95.7 74.9 15.7
20090116 97.9 97.1 87.2 78.7 47.9 24.5 40.7 22.7 11.1 15.3 71.9 8.2 72.3 57.7 32 13.8 98.6 NA 96.5 100 96 74 15
20090117 99.9 97.1 91.2 82.5 49.6 22.1 45.4 24.3 12.7 18.8 78.1 13.6 70 68 35.2 15.2 98.6 NA 97.5 100 97.9 74.6 15.4
20090118 99.9 95.3 91.8 82.1 46.6 17.9 47.2 25.2 13.5 21 81.9 18.7 65.4 75.1 36.7 16 98.6 NA 97 100 95.8 73.6 14.7
20090119 99.9 95.2 93.6 83.3 47.9 14.9 51.5 26.2 14.8 24 86.1 23.9 63.3 86.8 39.7 17.4 98.5 NA 97.1 100 96.4 73.4 15.1
20090120 99.9 88.8 91 87.6 44.9 15.1 49.3 26.5 13.8 23.7 83.8 21.7 68.8 86.6 37.6 16.5 98.7 NA 94.1 100 96.4 72.7 15.2
20090121 99.9 80.5 87.8 91.2 40.4 15.5 45.6 25.5 11.9 24.8 84.4 20.3 72.8 86.6 35.8 15.8 99 NA 90.2 100 96.4 69.8 15.6
20090122 99.9 73.4 85 94.5 36.2 15.7 41.9 24 10 22.9 80.5 17.6 76.6 86.3 32.9 14.5 99.1 NA 85.9 100 96.4 68 15.6
20090123 99.9 77.7 86.5 93.6 39.6 15 47.9 26.3 12.1 23.7 76.5 14.9 76.9 84.2 42 18 99.3 NA 88.9 100 96 67.9 14.4
20090124 99.9 83.2 87.6 91.2 45.5 15.1 55.9 31.3 15.7 26.5 73.6 12.2 78.1 86.4 51.9 21.8 99.3 NA 91.4 100 96.1 68.8 13.3
20090125 99.9 86 88.7 90.1 49.2 14.2 62.3 34.3 17.3 27 69.7 8.1 78.3 83.5 60.4 24.5 99.5 NA 92.7 100 95.3 68.4 11.1
20090126 99.9 91.5 89.5 87.7 53.7 13.6 69.9 37.6 20 28.5 66.7 4.5 78.5 83.6 69.7 28.2 99.5 NA 95.4 100 95.3 68.4 9.3
20090127 99.8 94.3 91.8 91.2 49.1 15 68.5 41.9 26.3 33.8 76 7.7 77.7 84.9 74 30.8 99.6 NA 92.7 100 95.5 72.2 9.6
20090128 99.8 95.1 92.5 93.6 42.2 16.3 67 45.5 33.4 40.6 84 13.1 77.2 87.9 78.3 33.3 99.8 NA 88.4 100 96 75.2 11.1
20090129 99.7 97.5 94.2 95.3 36.2 16.9 64.9 47.7 38.6 45.4 93.8 15.6 75.2 88.7 81.3 35.1 100 NA 85.7 100 96.1 78.4 10.8
20090130 99.2 94.8 92.4 94.4 34.3 15.9 65.1 42 31.3 38.3 89.3 13.2 71.9 76.3 80.2 32.4 99.9 NA 85.2 100 96.1 73.2 9.4
20090131 98.6 91.9 92 93.9 32.7 16.1 66.6 37.5 25 32.9 85.4 10.9 69.1 68.1 78.9 31.2 99.9 NA 85.8 100 96.4 69.1 8.1
20090201 98.1 86.8 87.9 93.2 29.6 14.2 64.6 31.2 17.1 23.8 81.1 6.4 65.5 50.1 75 27.8 99.7 NA 81.7 100 96.4 64.8 5.1
20090202 97.3 83.9 87.1 92.4 27.6 13.6 65.3 26 10.3 16.4 75 4.4 62.6 41.8 73.3 25.8 99.6 NA 82.2 100 96.4 59.7 3.6
20090203 98.1 88.6 90.8 93.5 35.9 26.4 69.8 32.7 13.8 20.8 81.2 4.9 70.1 54.5 80.1 33.8 99.6 NA 87.4 100 96.4 71.9 7.2
20090204 98.9 93.7 92.6 94.5 42.9 41.3 71.4 39 19.7 25.9 87.5 7.6 78.2 64.2 84.4 42.9 99.6 NA 91.6 100 97.1 83.1 14.1
20090205 99.7 97.8 95 95.3 51.1 55.2 73.4 45.2 22.5 29.5 94.6 7.8 86.1 76.9 91.1 51.3 99.6 NA 95.2 100 97.1 93.8 18
20090206 99.7 93.4 93.1 94.1 45.7 45.6 66.1 42.3 18.1 25.7 89.2 7 79.9 68.2 90.2 47.7 99.6 NA 84.6 100 97.1 87.1 14.5
20090207 99.7 87.5 90.6 93.1 40.8 36.6 61.7 40.2 13.9 22.1 85.1 6.1 75 62.3 92.9 45.8 99.8 NA 75.5 100 97.5 82.4 11.3
20090208 99.6 81.9 88.1 92.2 34.7 24.6 55.4 36.4 8.4 16.6 79.7 4.9 68.5 53.6 92 40.9 99.9 NA 66.3 100 97 75.8 6.7
20090209 99.6 75.9 85.5 90.9 28.3 13.8 49.3 33.5 4.7 11.5 72.9 3.6 61.6 42.7 91.8 37 100 NA 56.6 100 97 68.3 3.1
20090210 98.3 75.9 82.5 92.6 27 21.1 49.4 24.8 5.8 9.5 70.1 3.6 61 43.7 88.8 37.3 99.7 NA 57.6 100 93.4 68 3.1
20090211 97.5 72.9 77.6 94.1 26.9 28.4 48.7 14.7 7.3 7.6 66.4 4.5 58.6 44.2 85.9 37.1 99.5 NA 59.1 100 88.4 66.1 3.2
20090212 96 71.4 72.6 95.3 25.8 33.7 46.6 5.2 8 4.7 62 4.5 56.5 41.7 82 36.3 99.2 NA 59.8 100 83.5 63.9 3
20090213 96.5 71.5 71.5 94.6 29.5 34.1 45.5 5.8 9.5 9 70.8 4.5 59.5 55.5 85.1 42 97.8 NA 62.9 100 87 72.8 3.3
20090214 97.2 72 71.5 93.4 31.2 34.6 44.6 6.9 11.3 13.7 77.8 4.5 64.3 68.8 88.1 48.2 95.8 NA 64.6 100 91.5 79.4 4.1
20090215 97.4 68.3 70.4 92 34.3 34.6 43.1 7.2 12 17 84 3.8 65.5 79.3 90.5 53.2 94.3 NA 66.6 100 94.2 85.6 4.2
20090216 97.6 68.3 69.7 90.7 36.3 34.4 41.7 7.8 13.7 21.5 91.9 3.8 70.3 92.4 93.4 59.1 92.3 NA 68.3 100 97.5 93.4 4.7
20090217 95.7 63.1 66.8 88.9 36.7 33.2 45.2 6.8 12 20.5 91.4 3.7 69.4 91.1 93 57.4 91.6 NA 70.7 100 97.5 89.2 4.1
20090218 93.7 58.7 63.3 88.1 37.2 28.2 48.5 5.7 9.6 18.4 89.7 3.8 68 86.3 91.9 54.3 90.3 NA 73.9 100 97.5 86.4 3.4
20090219 91.7 54.7 59.4 86.1 36.6 24.7 50.5 4.4 7.2 16.3 88.8 3.7 65 83.9 90.4 51.2 89.6 NA 75.5 100 97.5 82 2.5
20090220 93.2 55.8 65.3 87.8 37.3 28.1 52.3 8.8 8.3 18.4 88.2 3.7 60.7 81.9 91.2 52.5 90.1 NA 80.4 100 97.5 83.7 2.6
20090221 95.7 55.8 70.7 91.1 39.2 32.4 54.5 12.7 9.4 21.7 90.7 3.7 56.7 83.9 92.8 54.9 90.3 NA 85.5 100 97.8 86.6 2.9
20090222 97.1 55.6 76.9 92.7 38.7 34.9 55.8 16.2 10.4 23.6 89.1 3.3 51.8 80.1 93.4 55.5 89.7 NA 90.3 100 97.4 88.2 2.3
20090223 98.9 55.3 83.5 95.1 39.7 38.6 58.2 20.7 11.4 26.6 90.1 3.3 47.2 80.1 94.3 57 89.6 NA 97.6 100 97.4 90.5 2.4
20090224 97.9 56.7 83.7 94.5 41.3 37.6 63.9 17 10.7 24.8 90.5 3.6 54.1 82.5 94.5 58.6 87.8 NA 92.9 99.2 97.2 89.2 2.8
20090225 97.4 55.6 85.9 93.3 41.8 34.6 69.6 12.2 9.8 21.5 89.6 5 61.4 84.3 94.5 61.1 83.8 NA 88.6 98.1 96.9 87.4 4.4
20090226 97.4 62.9 87.7 93.3 47.5 38.8 72.9 13.2 10.4 24.1 90.9 5 63.6 86.4 94.7 66.6 85 NA 88.6 98.1 96.9 88.6 4.7
20090227 96.2 68 89 93.3 51.5 42.2 76 12.8 9.8 24.5 92 5 63.5 87.9 94.8 70.1 84.6 NA 88.5 97.8 96.9 88.7 4.8
20090228 97.8 76.9 90.1 93.4 63 56.2 77.3 19.7 11.3 33.3 93.8 5 58.9 91.5 95.2 77 89.1 NA 90.6 98.6 98.9 91.3 5.6
20090301 98.1 87.1 93.2 94.6 70 67.1 78.9 24.9 11.8 38.2 95.4 4.4 55.3 92.6 95.3 83.5 91.6 NA 94.5 99.2 98.8 93.3 4.7
20090302 99.1 94.6 95 95.2 78.4 79.4 80.3 31.5 12.9 45.6 97.1 4.1 49.5 95 95.5 91.6 94.8 NA 97.5 100 99 95.1 4.6
20090303 99 93.4 93.6 94.3 75.6 74.2 81.3 30.3 11.3 39 95.5 4.3 50.9 95 94.5 89.1 94.6 NA 93.4 100 99 94.3 4.4
20090304 99 90.6 90.9 93.2 72.1 69.7 80.7 27.8 8.6 32.1 93.4 4.6 50.9 95.1 93.6 87.3 94.1 NA 89.3 100 99 93.7 4.3
20090305 98.9 88.8 88.9 91.9 68.2 63.9 80.7 25.9 6.7 24.3 91.4 5 52.5 95.1 92.6 83.3 93.7 NA 84.1 100 99 92.2 4.4
20090306 98.7 77.7 82.8 91 64.6 58.7 76.4 22.7 6.3 24.1 87.1 5 49.7 94.2 92.7 82.4 81.9 NA 84.1 100 96.7 89.2 4.4
20090307 98.5 65.6 77.8 90 63 55 72.8 17.2 5.1 23.9 82.9 4.6 49.9 93.7 92.5 80.5 69.7 NA 84 100 95.1 88 3.7
20090308 98.3 51.6 69.8 88.9 59.2 49.3 66 12.7 3.6 23 76.6 3.3 48.2 90.7 91.9 79.2 58.2 NA 82.3 100 93.4 84.8 2.8
20090309 98.2 39.2 64.1 87.8 56.3 45.5 61 8.8 3.1 22.3 72.9 2.8 46.7 89.6 91.5 76.1 43.7 NA 82.2 100 90.3 81.4 2.1
20090310 98 27.7 58.6 87 53.1 39.8 57.1 4.8 2.3 22 68.4 2.6 45.9 89.1 91.4 75 34.5 NA 82.3 100 88.7 79.4 1.8
20090311 93.5 20 50.5 79.8 60.4 29.2 56.3 4.1 2.1 20 70.8 2.9 38.1 90.8 92.6 73.5 19.6 NA 68.8 100 93.2 82.9 1.8
20090312 88 12.4 40.7 72.6 66 17.4 52.5 2.1 1.6 16.2 71.4 2.8 29.6 87.9 92.1 69 6.8 NA 51.3 100 97.6 85.1 1.8
20090313 87.8 11.6 41.2 74.3 59.5 18.7 53.7 2.2 1.6 14.3 71.5 2.8 29.8 83.1 89.2 64 6.8 NA 49.9 100 94.3 82.1 1.8
20090314 86.8 11.1 42 76.6 52.6 19.9 53.8 2.2 1.6 11.2 71.7 2.8 30 76.5 88.1 60.5 6.1 NA 43.9 100 91.9 80.3 1.8
20090315 86.6 10.2 41.6 76.6 44.7 22.2 56.2 2.2 1.4 8.2 70.8 2.8 30.7 72.7 87.9 55.5 6.1 NA 41.7 100 87.4 77.7 1.7
20090316 85.6 9.6 41.6 78.2 39.1 23.3 56.8 2.3 1.4 5.1 69.6 2.8 30.4 62.2 83.2 49.3 5.4 NA 37 100 83.9 74.6 1.7
20090317 84.9 8.7 41.9 80 32 24.5 57.1 2.3 1.4 2.7 69.9 2.8 30.2 58.7 82.2 45.4 5 NA 33 100 81.5 72 1.7
20090318 85.1 7.3 32.1 78.4 28.9 26.9 39 2.5 1.6 3.3 69.2 3.3 24.5 40.8 76.3 45.9 5 NA 32.2 100 84.3 68.1 1.8
20090319 85.5 6.6 21.2 74.6 25.8 28.9 19.3 2.3 1.6 3.3 66.5 2.9 18.4 23.1 67.7 44.2 5 NA 31.8 100 87 63.2 1.5
20090320 85.8 6.5 19.6 72.7 23.2 25.3 19.1 2.3 1.6 3.5 65.7 2.9 16.1 31.6 69.1 42.3 5 NA 27.2 99.3 83.9 63 1.5
20090321 85.2 5.8 18.5 74.4 20.4 23.7 19.6 2.3 1.6 3.5 62.5 2.9 15.2 41.7 70.5 41.3 5 NA 20 98.6 80.7 62.7 1.5
20090322 84.8 5.6 17.1 74.9 16.9 19.8 18.4 1.5 1.1 3.4 61.8 2.1 14.3 53.5 71.5 38.9 5 NA 15.4 98.1 77.3 62.3 1.5
20090323 84 5.4 14.9 70.6 15.1 16.6 18.4 1.5 1.1 3.5 58.7 2.1 13 59 71 37.2 5 NA 10.8 97.3 75.3 60.3 1.5
20090324 83.8 5 13.5 71.6 11.9 14 17.9 1.5 1.1 3.6 57.7 2.1 10.9 69.8 73.3 35.4 5 NA 5 96.6 71.9 60.8 1.5
20090325 81 5 13 71.3 10.4 13.3 14.4 1.9 1.3 3.6 47.6 2.1 11 66 61.9 28.5 5 NA 5 95.4 66.8 63.9 1.6
20090326 77.7 5 11.6 69.6 8 12.1 11.3 1.9 1.3 3.2 36.5 2.1 10.6 57.3 47.2 19.4 5 NA 5 94.2 58.4 65.5 1.5
20090327 75.1 5 10.6 65 7.8 11.2 10.4 1.9 1.3 3.5 34.7 2.1 9.7 52.4 49 19.3 5 NA 5 93.9 58.7 59.9 1.5
20090328 71.7 5 8.6 55.3 7.4 9.4 8.2 1.9 1.3 4.2 30.9 2.1 8.7 47.2 51.1 18.8 5 NA 5 93.4 56.4 56.9 1.5
20090329 70.6 0 3.9 48.9 7.2 8.5 7.4 0 0 5.1 26.9 2.8 7.8 45.7 52.8 17.6 0 NA 5 93.3 55.6 51.8 1.9
20090330 67 0 2.7 40.5 6.9 7.5 6.5 0 0 5.9 25.9 2.8 6.8 39.9 54.6 16.9 0 NA 5 92.8 53.6 47.2 1.9
20090331 64.5 0 1.3 33.5 6.6 6.2 5 0 0 6.1 22.3 2.8 5.9 35.3 56.2 16.4 0 NA 5 92.5 53.2 42.4 1.9
20090401 69.9 0 0.9 33.1 5.6 4.1 3.1 0 0 6.2 23.3 3 5.8 34.8 50.7 17.1 0 NA 5 92.9 42.3 34.3 1.8
20090402 65.6 0 0.6 15.5 5.1 3.1 3.3 0 0 3 11.2 2.9 5.6 26.2 35.5 10.9 0 NA 5 92.4 39.5 32.8 1.6
20090403 56.5 0 1.3 29 6.5 5.9 5 0 0 5.8 21.1 2.8 5.9 30.6 50.5 15.2 0 NA 5 90.9 50.6 39.6 1.9
20090404 51.3 0 1.3 22.9 6.4 5.8 5 0 0 4.9 14 2.8 5.9 26 43 14 0 NA 5 89.2 44.9 36.9 1.9
20090405 43.9 0 0 16.8 5.1 2.7 1.6 0 0 3.9 12.4 2.8 4.2 19.2 37 12.6 0 NA 5 88.3 39.5 33.5 1.4
20090406 39.4 0 0 10.4 5 2.5 1.6 0 0 3.3 10.4 2.8 4.2 12 30.3 11.2 0 NA 5 86.6 37.2 31 1.4
20090407 31 0 0 6.1 4.8 2.2 1.6 0 0 2.7 6.5 2.8 4.2 7.4 23.9 10 0 NA 5 84.9 33 28.4 1.4
20090408 29.3 0 0 5.4 4.7 2.2 1.7 0 0 3.1 6 2.9 4.2 7.5 21.5 8.2 0 NA 5 83.3 30.6 27.8 1.4
20090409 24 0 0 4.1 4.3 2 1.6 0 0 2.8 5.4 2.9 4.1 7.7 17.8 5.5 0 NA 5 81.3 26.4 25.8 1.3
20090410 24.8 0 0 3.9 4.2 2 1.6 0 0 2.8 5.4 2.9 4.1 7.6 18.9 5.4 0 NA 5 80.4 26.7 25.7 1.3
20090411 24.6 0 0 3.6 4.2 2 1.6 0 0 2.8 5.4 2.9 4.1 7.3 20.7 5.4 0 NA 5 78.4 27.9 25.4 1.3
20090412 23.9 0 0.2 5.9 4.6 3.1 1.3 0 0 2.7 5.4 0 4.2 7.1 21.5 5.4 0 NA 4.9 76.5 28.9 24.9 0.2
20090413 24.3 0 0.2 5.5 4.6 3.1 1.3 0 0 2.7 5.4 0 4.2 7.1 23 5.4 0 NA 4.9 74.8 29.5 24.7 0.2
20090414 24.3 0 0.2 5.3 4.5 3.1 1.3 0 0 2.7 5.4 0 4.2 6.9 23.7 5.3 0 NA 4.9 73.9 31.1 24.5 0.2
20090415 17 0 0.2 5.2 4.5 3.1 1.3 0 0 2.7 5.2 0 4.2 6.8 21.7 5.3 0 NA 4.9 73.5 27.6 24.1 0.2
20090416 10.1 0 0 4.5 4 1.7 1 0 0 1.4 5 0 3.7 6.7 19.1 5.2 0 NA 4.9 72.1 22.7 23.7 0.2
20090417 8.9 0 0 4.5 4 1.7 1 0 0 1.4 5 0 3.7 6.4 17.4 5.2 0 NA 4.9 72.3 19.6 23.7 0.2
20090418 7.8 0 0 4.5 4 1.7 1 0 0 1.4 5 0 3.7 6.2 15.4 5.2 0 NA 4.9 69.8 16.4 23.7 0.2
20090419 6.7 0 0 0 0.6 0.1 0 0 0 0.2 0 0 0 5.9 12.5 2.8 0 NA 0 69.8 13 19.7 0
20090420 5.3 0 0 0 0.5 0.1 0 0 0 0.2 0 0 0 5.6 10.6 2.7 0 NA 0 67.3 9.4 19.7 0
20090421 5.1 0 0 0 0.5 0.1 0 0 0 0.2 0 0 0 5.4 10 2.7 0 NA 0 56.8 8.4 15.3 0
20090422 0.1 0 0 0 0.5 0.1 0 0 0 0 0 0 0 5.3 9.3 2.6 0 NA 0 43.7 7.1 10.4 0
20090423 0 0 0 0 0.5 0.1 0 0 0 0 0 0 0 5.2 8.8 2.6 0 NA 0 32.9 5.9 4.8 0
20090424 0 0 0 0 0.5 0.1 0 0 0 0 0 0 0 5.1 8.7 2.6 0 NA 0 29.3 5.7 4.2 0
20090425 0 0 0 0 0.5 0.1 0 0 0 0 0 0 0 5.1 8.8 2.6 0 NA 0 24.6 5.4 3.4 0
20090426 0 0 0 0 0 0 0 0 0 0 0 0 0 5.1 7.7 0.6 0 NA 0 17.7 4.9 2.3 0
20090427 0 0 0 0 0 0 0 0 0 0 0 0 0 5 7.6 0.5 0 NA 0 11.8 4.7 1.4 0
20090428 0 0 0 0 0 0 0 0 0 0 0 0 0 5 7.2 0.5 0 NA 0 9.7 4.7 1.4 0
20090429 0 0 0 0 0 0 0 0 0 0 0 0 0 4.5 5.9 0.3 0 NA 0 7.6 0.3 1.3 0
20090430 0 0 0 0 0 0 0 0 0 0 0 0 0 4.5 5.5 0.3 0 NA 0 5 0.3 1.3 0
20090501 0 0 0 0 0 0 0 0 0 0 0 0 0 4.5 5.1 0.3 0 NA 0 5 0.3 1.3 0
20090502 0 0 0 0 0 0 0 0 0 0 0 0 0 4.5 4.7 0.3 0 NA 0 5 0.3 1.3 0
20090503 0 0 0 0 0 0 0 0 0 0 0 0 0 0.1 2.5 0 0 NA 0 0 0 0 0
20090504 0 0 0 0 0 0 0 0 0 0 0 0 0 0.1 2 0 0 NA 0 0 0 0 0
20090505 0 0 0 0 0 0 0 0 0 0 0 0 0 0.1 1.6 0 0 NA 0 0 0 0 0
20090506 0 0 0 0 0 0 0 0 0 0 0 0 0 0 0.8 0 0 NA 0 0 0 0 0
20090507 0 0 0 0 0 0 0 0 0 0 0 0 0 0 0.5 0 0 NA 0 0 0 0 0
20091207 0 0 0 0 0 0 0 0 0 0 0 0 0 0 0.6 0.1 0 NA 1.7 3.3 0.3 0 0
20091208 0.3 0 0 0 0 0 0 0 0 0 0 0 0 0 0.7 0.1 0 NA 1.8 5.9 0.7 0 0
20091209 0.6 0 0 0 0 0 0.1 0 0 0 0 0 0 0 0.5 0 0 NA 0.7 6.6 0.9 0 0
20091210 2.5 1.6 0 0.3 0 0 0.1 0 0 0 0 0 0.5 0.1 1 0 4.9 NA 4 8.7 1.2 0.1 0
20091211 5.5 2.6 0 0.7 0 0 0.1 0 0 0 0 0 1 0.2 1.3 0 10 NA 7.5 11 1.5 0.2 0
20091212 11.7 4.9 0 1.3 0 0.1 0.2 0 0 0.2 0 0 3.1 0.6 2.3 0 18.4 NA 13.2 16.6 2.4 1.6 0.1
20091213 14.7 5.9 0 1.7 0 0.2 0.2 0 0 0.2 0 0 3.6 0.7 2.7 0 23.5 NA 17 18.9 2.7 1.7 0.1
20091214 16.5 7.4 0 1.9 0 0.2 0.2 0 0 0.2 0 0 4 0.7 3.1 0 27.2 NA 19.5 21 3 1.8 0.1
20091215 17.7 14.4 0 1.9 0.1 0.2 0.4 0 0 0.2 1.2 0 4.2 1.8 3.1 0 39.2 NA 29.7 25.5 5 2.7 0.1
20091216 19 24.9 1.1 2.1 0.6 0.5 1.2 0 0 0.2 4.5 0 4.7 3.4 4 0.8 51 NA 40.9 31.4 10.5 4.6 0.2
20091217 19.1 31.9 1.1 2.1 0.7 0.5 1.3 0 0 0.2 5.6 0 4.8 4.1 4 0.8 63.1 NA 48.3 35.8 11.9 5.4 0.2
20091218 20.5 30.7 1.1 2.1 0.7 0.5 1.2 0 0 0.2 6.9 0 4.8 3.2 4 0.8 57.8 NA 47.5 35.7 11.8 5.5 0.2
20091219 21.6 30.2 1.1 2.2 0.7 0.5 1.2 0 0 0.2 8.2 0 4.9 2.6 4.2 0.8 54.3 NA 47.9 37.6 11.1 5.6 0.2
20091220 22.8 29 1 2.2 0.7 0.5 1.1 0 0 0.2 9.2 0 4.9 1.3 4.2 0.8 49.8 NA 47.2 37.4 11 5.3 0.2
20091221 24.1 27.2 1 2.2 0.7 0.5 1 0 0 0.2 10.2 0 4.9 0.5 4.2 0.8 43.7 NA 47.4 37.7 10.3 5.5 0.2
20091222 25 26.6 1 2.2 0.7 0.6 1.2 0 0 0.2 8.3 0 5.5 0.5 4.2 0.8 39.2 NA 45.6 39.7 10.5 6.2 0.2
20091223 26 23.9 0.5 2.2 0.9 0.9 1.6 0 0 0.2 7.1 0 6.4 0.5 3.7 0.8 34 NA 44.2 43.3 9.9 6.9 0.3
20091224 27 23.7 0.5 2.2 0.9 0.9 1.7 0 0 0.2 5.4 0 6.8 0.5 3.6 0.8 29.7 NA 41.8 46.8 9.9 7.7 0.3
20091225 28.4 21 0.5 2.1 0.8 0.9 1.6 0 0 0.4 5 0 6.9 0.5 3.6 0.8 23.3 NA 38.1 49.6 9.7 7.4 0.3
20091226 29.9 19.7 0.7 2 1.2 1 1.4 0 0 0.6 5 0 6.8 0.5 3.6 0.8 18.7 NA 34.9 51.6 8.9 7 0.3
20091227 30.7 16.9 0.6 1.7 1.1 0.8 0.4 0 0 0.7 3.3 0 6.3 0.5 3.3 0.5 12.3 NA 29.6 53.8 8.1 6.2 0.2
20091228 31.7 14.6 0.5 1.6 1 0.7 0.2 0 0 0.8 3 0 6.3 0.4 3.2 0.5 5.6 NA 24.9 54.9 7.2 5.8 0.2
20091229 36.6 26.6 0.6 1.9 1 0.9 0.7 0 0 0.7 4.2 0 6.4 0.4 3.4 0.5 16.6 NA 33.3 55.5 9.1 8.3 0.4
20091230 41.6 42.5 0.9 3.2 1.4 1.2 1.7 0.7 0.6 1.3 6.8 0.1 7 3.2 4.3 0.9 31.4 NA 42.5 55.6 10.8 11.1 0.7
20091231 45.5 57.1 1 3.5 1.4 1.3 2.1 0.7 0.6 1.3 7.5 0.1 6.9 3.2 4.5 0.9 45.5 NA 51.1 55.5 12.5 13.4 0.9
20100101 51.3 63.1 2.3 4.9 1.7 1.6 3.8 1.7 1.2 1.7 12.4 0.2 7.9 3.6 4.8 1 52.6 NA 55.4 59.9 13 14.7 1
20100102 57.9 70.1 3.9 6.2 1.9 2.1 6 3 1.9 2.2 18 0.2 8.8 4.1 5.3 1 62.1 NA 61 66 13 16.4 1.2
20100103 62 78 7.3 9.5 2.3 3.1 9.1 5.3 3.2 3.5 22.7 2 10.5 4.5 6 1.4 73.9 NA 68.7 70.8 13.7 19 2.5
20100104 69.7 83 8.4 11.5 2.6 3.4 10.5 6 3.5 3.8 28.3 2.1 12.2 4.7 6.2 1.4 80.1 NA 72 75.6 14.1 20.1 2.6
20100105 74.4 90 10 12.5 2.8 3.8 12.6 7.3 4.2 4.3 32.2 2.1 12.9 5.3 6.7 1.4 88.7 NA 77.5 81.2 14.3 21.8 2.8
20100106 79.5 90 8 6.8 3.4 3.2 9.5 13.3 5.3 6.3 39.9 2.1 11.1 5.8 5.9 1.7 88.7 NA 76.6 82.3 14.9 25.5 1.5
20100107 83.9 92.1 17.2 7.3 3.8 2.8 11.3 13 4.5 6 40.8 2.7 12.8 7.5 6.4 1.8 92.5 NA 78.6 84.1 14.1 23.4 1.5
20100108 82.7 90.1 17.2 11.2 3.5 3.3 12.9 9 4.1 4.5 36.8 3.4 17.1 5.7 7.1 1.6 90.3 NA 79.6 90 14.8 23.3 2.4
20100109 87 88.2 22.6 6.2 3 1.6 10.7 9.2 2.8 3.1 35.4 2.8 20.8 3.3 6 0.7 88.7 NA 77.3 97.6 11.3 22 0.6
20100110 87.3 89.3 15.4 12.9 3.3 2 12.4 9.4 2.9 3.8 39 1.5 18.1 0 4.4 0.4 100 NA 77.1 99.3 15.2 25.2 1.2
20100111 91.5 94.1 39.2 19.8 6 3.2 16.6 15.9 5.6 5.7 38.2 1.7 10.7 5.9 8.7 2 94.3 NA 83.4 96.6 20.5 27.7 0.3
20100112 93.1 95.5 51 28.7 6.7 3.4 19.9 19.4 6.2 5.6 36.2 0 0 4.8 9.5 1.9 97.7 NA 85.9 95 25.9 29.1 0
20100113 94.7 95.5 52.2 17 4.7 2.6 19.7 16.5 2.9 3.3 16.7 1 0 7.8 9.5 2.7 97.5 NA 88.1 95.7 18.6 33.9 0.3
20100114 94.7 79.6 46.2 21.7 8.9 2.9 15.2 15.9 2.6 3.3 23 6 23.8 7.4 9.4 3.4 97.8 NA 83.7 93.9 21.3 27.4 5.5
20100115 92.6 89.8 45.4 25.6 6.4 3.3 17.2 17.3 5.5 5.3 32.5 0 4 4.9 9.1 1.9 96.8 NA 79.5 93.7 23.7 28 0.2
20100116 92.9 82.5 37.7 21.5 6.3 3.2 14.7 14.8 4.7 4.9 28.3 0 7.1 5 8.7 1.8 95.6 NA 74.5 92.8 20.1 26.3 0.3
20100117 93.3 75.4 29.3 17.2 6 3.7 12.9 11.8 3.3 4 23.2 3.5 14.6 5.7 8.4 2.4 94.5 NA 67.9 91.7 17.9 25 2.2
20100118 92.1 68.1 22.3 13.1 5.7 3.6 9.9 9.1 2.5 3.6 18.4 3.5 17.8 5.9 8.1 2.3 93.3 NA 60.5 90.3 14.3 23.2 2.4
20100119 92.3 62.4 15.9 10 5.4 3.5 7.4 6.9 1.6 3.2 14.6 3.5 21.7 5.9 7.6 2.2 92.4 NA 54.9 89.6 11.6 22.1 2.5
20100120 90.1 63.8 14.3 15.2 5.5 3.6 8.9 8.1 2.4 3.2 25.1 4 19.3 6.5 10.2 3.3 93 NA 57.8 94.5 23 30.3 2.5
20100121 87.5 65.2 12.3 19.6 5 3.5 8.9 8.5 2.4 2.8 35.9 4 16.7 6.7 12.1 4 93.5 NA 59.9 99.1 35.6 38.4 2.1
20100122 85 62.2 12.1 18.1 4.7 3.2 7.4 9.9 4.6 3.2 29 3.9 15.8 6.1 10.8 3.7 94.1 NA 60.2 99.1 29.3 34.3 2.1
20100123 83.8 60.2 12.7 16.5 4.6 3.7 7.9 10.8 6.8 4.2 23.5 3.8 15.1 5.6 9.7 3.3 94.2 NA 61.2 99.1 23.2 31 2.1
20100124 81.4 57.3 11.7 14.6 4.2 3.2 6.4 10.3 7.6 4.4 16.7 1.9 13.6 4 7.4 1.9 92.8 NA 60.6 99 16.9 27.9 1
20100125 79.7 55 12.1 12.7 3.9 2.9 4.9 10.9 9.1 4.6 10.4 1.8 12.8 3.3 6.3 1.6 92.8 NA 60.3 99 11.9 24 1
20100126 85.7 64.3 21.6 11.3 4.7 2.9 5.7 11.1 8.1 5.3 18.9 1.8 12.6 4.1 7.3 1.6 93.4 NA 63 98.4 12.5 27.4 1
20100127 89.8 73.7 31.1 10.1 6.2 2.2 5 10.6 5.8 5.6 26 3.3 13.5 6.5 9.1 2.6 96 NA 61.4 98.4 13 30.1 2
20100128 94.4 80.8 39.4 9.6 6.7 2.3 5.8 10.5 4.3 5.9 33.9 3.3 13.1 7.1 10 2.6 96.5 NA 63.7 97.1 13.5 32.9 2
20100129 93.6 82.9 52 16.5 7.7 2.6 6.6 11.7 3.9 5.8 37.4 3.3 22 8.4 10.7 2.8 96.6 NA 62.7 97.2 15.8 34.4 2.1
20100130 94.5 87.6 66 24.1 8.9 3 7.6 13.2 3.7 5.9 39 3.5 29.6 8.9 11.4 3 96.9 NA 62 97.1 18.7 36.1 2.2
20100131 93.7 88.3 75.3 29.2 10.1 3.2 8.4 14.5 3.4 6 41.5 3.5 36 10.9 12.3 3.1 97 NA 60.9 95.8 20.7 37.2 2.2
20100201 92.8 91.8 89.8 37.3 11.2 3.6 9.2 15 2.8 5.3 43.3 3.5 43.4 11.4 12.6 3.3 97.2 NA 60.1 95.8 23.5 38.9 2.2
20100202 94.5 93.1 91.5 46.4 12.5 5.4 15.6 16.6 4.1 5.9 52.6 3.5 47 15 15 4.2 97.2 NA 68.6 97.2 48 40.8 2.9
20100203 95.3 93.4 93.1 55.5 14.1 8 22.6 17.8 5.7 6.4 61.5 4 51 16.7 16.8 5 97.2 NA 77.5 97.6 69.1 42.5 4
20100204 96.5 94.5 93.9 62.7 15.2 9.8 29.3 19.5 6.6 6.5 69.3 4 54 18.6 18.5 5.6 97.2 NA 85.8 99 86.4 44.2 4.6
20100205 96.5 94.5 93.7 71 14.5 10.4 27.8 20.5 7.9 7 69.7 5.6 58.9 16.5 18.3 5.6 97.2 NA 86.1 99 89 49.3 4.2
20100206 96.7 95.2 93.1 78.3 15.8 11.4 27.4 22.6 9.1 6.4 69.8 6.9 65.2 14.9 18.9 5.6 99.5 NA 87.4 99.5 91.4 53.8 4.2
20100207 96.6 95.2 93.2 85.2 15.2 11.8 25.7 22.8 9.8 6.1 70.5 7.6 70.6 11.9 18.1 5.2 99.5 NA 87.5 99.4 93.5 58.7 3.1
20100208 96.7 95.2 92.5 93.5 14 12.4 23.7 24 11.1 6 69.4 9.2 75.7 9.8 18 5.1 99.5 NA 87.8 99.4 96 63.3 2.9
20100209 96.5 95.2 92.5 93.5 13.3 11.4 24 23.5 10.3 6.3 66.1 8.5 71.6 10.4 18.2 5.3 99.4 NA 86.5 99.4 96 64.2 2.9
20100210 96.3 93.4 92.4 92.6 13 10.6 24.4 23.1 9.7 6.4 64.5 8.1 68.5 10.7 18.2 5.6 99 NA 86 99.4 96 65.4 2.9
20100211 96.2 93.4 92.4 92.6 13 9.9 24.4 22.8 9.2 6.6 62.4 7.6 65.2 11.8 18.2 5.7 98.9 NA 84.2 99.4 96 66 3
20100212 96 94.6 92.9 92.7 11.8 8.7 24.6 22.2 7.4 7.3 59.3 6.6 59 12.7 18 5.9 96.8 NA 83.3 99.4 95.1 66.4 2.6
20100213 95.8 91.1 92.1 90.2 11.1 8 25.2 21.5 6.9 7.6 56 6.1 56.1 13.4 18.5 6.2 95.9 NA 81.5 99.4 95.1 68.2 2.7
20100214 95.7 91.1 92.1 90.2 10.7 7.3 25.6 21.4 6.3 7.7 54.6 5.7 52.8 13.7 18.4 6.4 95.7 NA 81 99.4 95.1 69 2.7
20100215 95.5 91.1 92.4 90.6 10.5 6.2 25.4 20.8 5.5 7.9 52.2 5 48.2 14.4 18.2 6.6 95.7 NA 79 99.4 95.1 70.5 2.7
20100216 95.1 90.9 91.7 83 9.8 6.3 25.9 16.5 4.4 6.7 47.2 4.5 43 13.8 16.4 5.8 94.4 NA 81.7 99.3 91.4 71.6 2.4
20100217 94.6 88.8 89.2 72.8 8.8 6.1 27.1 12 3.2 5.3 40.4 4.5 38.6 12.4 14 4.9 93.3 NA 86.2 99.1 87.6 73.8 2.8
20100218 94 87.4 87.7 63.2 8 6.1 27.8 7.6 2 4 34.7 3.9 33.7 11.7 12.3 4.1 91.8 NA 89 99 84.2 74.1 2.5
20100219 94.2 81.9 80.8 61.5 7.6 5.8 23.4 7.6 2.1 4 35.3 3.9 33.8 26.1 18.9 4.7 90.9 NA 84.2 98.7 85.2 68.1 2.4
20100220 95.2 77.3 76.5 62.1 7.3 5.3 19.3 7.3 2.1 3.8 37.2 3.9 34.3 44.4 26.5 5.4 90 NA 80.1 98.3 86.1 62.2 2.5
20100221 95.3 70.4 67.4 57.9 6 4.8 15 6.9 2.2 3.8 36.9 3.5 34.4 62.7 33.6 5.8 88.6 NA 73.9 97.4 86.6 55.8 2.3
20100222 95.5 64.3 62 58.2 5.5 4.2 9.8 6.7 2.2 3.7 37.8 3.5 34.7 81.3 40.9 6.3 87.6 NA 68.8 97 87.5 48.7 2.2
20100223 96.1 64.9 60.5 62 5.7 3.8 10.8 6.2 2.2 4.6 36.5 3.5 37.2 61.8 32.8 5.3 87.5 NA 69.1 97.7 88.1 48.4 2.2
20100224 96.4 66.1 60.9 68.5 5.9 2.7 10.5 5.1 1.9 4.8 35.1 3.8 39.4 35.7 24.6 4 86.8 NA 69 98.7 87.8 47.6 1.7
20100225 96.8 67.6 59.2 71.6 6.2 2.4 11.2 4.7 1.8 5.5 33.8 3.8 40.4 12.1 15.4 2.9 86.8 NA 69.1 99.3 87.9 47.2 1.7
20100226 94.3 63.9 55.4 69.8 5.9 2.4 10.3 4.5 1.8 4.9 30.4 3.8 36.3 12.7 15 2.8 87.1 NA 67.7 98.7 86.1 44 1.7
20100227 92 60.1 54 70.6 5.8 2.4 9.4 4.4 2 4.6 27.7 4.1 33.3 13.5 14.6 2.7 87.5 NA 66.3 98.2 84.4 42.5 2.1
20100228 89.9 56.5 50.3 68.9 5.3 2.3 8.2 3.8 1.7 3.7 23.9 3.9 29.4 13.9 14.1 2.5 87.9 NA 64.6 97.2 82.8 39.4 2
20100301 87.5 50.9 45.6 66.8 5.1 2.3 7.4 3.6 1.7 3.2 20.4 3.9 24.6 14.6 13.6 2.4 88.3 NA 63 96.6 81.5 35.7 2
20100302 87.3 51.3 45.9 67.3 5.3 2.3 7.4 3.8 1.7 3 20.3 3.9 23.2 17.2 17.1 2.7 88.1 NA 63.2 96.9 82.8 35.9 2
20100303 86.4 50.5 45.5 67.8 5.3 2.5 7.1 3.8 1.6 2.9 20.2 3.5 19.9 20.9 22.3 3.8 88 NA 63.8 96.9 83.6 33.7 1.8
20100304 86 50.4 45.3 68.1 5.4 2.5 6.9 3.9 1.6 2.8 20.1 3.5 18.2 22.8 25.4 4 87.4 NA 63.7 97.1 84.5 33 1.8
20100305 85.8 50.2 44.6 69.1 5.3 2.5 7.2 4 1.6 2.8 19.8 3.5 18.1 21.2 23 4.4 85.9 NA 63.4 96.7 85.8 33 1.8
20100306 85.5 49.2 46.1 70.6 5.2 2.6 7.5 4.1 1.6 2.9 19.5 3.5 17.8 19.3 19.9 4.5 85.3 NA 63.4 96 87.3 33 1.8
20100307 85.3 50.2 46.9 72 5.4 2.4 8.6 4.5 1.7 2.5 18.4 1.5 16.2 17.5 15.8 4 86.1 NA 65.4 95.3 88.7 33 0.9
20100308 84.2 50.2 44.7 73.4 5.5 2.5 9.1 4.4 1.7 2.6 18.1 1.5 15.8 14.7 12.4 4.1 83.4 NA 65.6 94.8 90.2 33 0.9
20100309 84.4 49.5 45.4 74.5 5.3 2.5 9.3 4.6 1.7 2.6 17.9 1.5 15.8 13 9.5 4.3 82.9 NA 66 94.3 91.4 33 0.9
20100310 85.3 46.6 48.9 72 4.7 3.1 10.2 5.1 1.7 2.6 18.3 1.6 15.4 5.6 9.1 3.3 77.1 NA 61.3 94.4 91 33.7 0.9
20100311 84.2 44.8 50.3 74.6 4.5 2.8 9 5.4 1.7 2.2 16.5 2.7 14.4 5.5 8.8 3 73.4 NA 63.2 95.2 82.6 33.9 1.3
20100312 85.1 52.1 55 75.5 4.5 3.6 8.8 9.8 6.7 7.5 22.8 1.5 14.9 8.6 8.5 3.7 85.7 NA 70 95.2 90.9 34 1
20100313 84.8 51.9 60.6 75.3 1.2 2.9 5.7 12.6 10 10 23 0 10.8 0 5.4 1.2 84.8 NA 70.8 95.3 87.7 31.2 0.3
20100314 84.8 52 60.6 75.3 1.2 3 5.8 12.6 10 10 22.9 0 10.7 0 5.4 1.2 84.8 NA 70.5 95.5 87.9 31.2 0.3
20100315 80.2 31.5 41.4 44.6 3.1 3.4 5.9 8 6.1 6.8 16.8 0 10.5 3.8 7.4 2.9 55 NA 57 93 79.3 30.9 0.5
20100316 74.9 8.9 19.8 13.7 3.1 2 4.2 1.9 1.1 1.8 6.5 0 7.3 4 7.4 2.4 26.7 NA 39.6 89.9 69.8 26.8 0.4
20100317 72.3 8 20.4 23.7 3 1.4 3.4 1.8 1.1 1.5 5.6 0 8.7 4.2 7.3 1.9 13.7 NA 38.4 81.1 64.4 27.3 1.1
20100318 74.7 11 20.1 21.1 3.2 1.7 4.2 2.2 1.1 1.5 5.7 0 8.2 4.2 7.2 1.9 20.4 NA 43.3 76.7 67.9 26.7 1.1
20100319 69 8.1 17 12.6 2.9 2 3.9 1.8 1.1 1.8 6.4 0 6.4 3.9 7.1 2.4 24.7 NA 32.5 82.1 61.2 25.5 0.3
20100320 60.2 7.2 15.2 10.8 2.7 1.9 3.5 1.8 1.1 1.8 6.2 0 5.6 3.8 6.6 2.4 22.1 NA 25.2 73.5 53 23.4 0.3
20100321 53.2 6.4 10.1 9.4 3.2 1.1 2.6 2.7 1.7 1.9 5.1 0 3.4 5 7.2 2 18.5 NA 18 64.4 45.1 21 0.2
20100322 45.1 5.6 7.1 7.5 3 1.1 2.2 2.6 1.7 1.9 5 0 2.6 4.9 6.7 1.9 15.8 NA 10.9 56.9 35.8 18.8 0.2
20100323 39.2 5 4.8 6.3 2.8 1.1 1.9 2.6 1.7 1.9 4.9 0 1.9 4.9 6.4 1.9 13.3 NA 5.4 48.7 30 17.2 0.2
20100324 32.3 4.7 3.7 5.5 2.7 1.2 2 2.4 1.7 1.8 3.8 0 4 4.1 5.6 2 12.5 NA 5 37.3 26.3 16.4 0.3
20100325 35.9 5.1 4.7 5.9 2.4 1.1 2 2 1.2 1.4 3.3 0 3.2 4.6 5.1 1.6 10 NA 5 30.7 10.5 14.3 0.2
20100326 32.2 5 4.4 6.1 2.7 1.1 1.9 2.5 1.7 1.9 4.7 0 1.9 4.9 6.2 1.9 12.2 NA 5.4 43.4 26.9 15.8 0.2
20100327 26.2 5 4 5.7 2.7 1.1 1.8 2.5 1.7 1.9 4.5 0 1.9 4.9 6.1 1.9 10 NA 5.1 35.1 20.7 14.5 0.2
20100328 19.1 4.9 4.5 5.5 2.1 1 1.6 1.9 1.4 1.6 3.9 0.2 2.1 4.5 5.2 1.8 8.9 NA 5.1 29.7 17.5 13.4 0.1
20100329 11.5 4.9 4.1 5.3 2 1 1.6 1.9 1.4 1.6 3.8 0.2 2 4.5 5 1.8 6.7 NA 5.1 24.4 11.9 11.9 0.1
20100330 5.2 4.9 3.7 5 2 1 1.5 1.9 1.4 1.6 3.5 0.2 2 4.5 4.9 1.7 5 NA 5 18.1 7.4 10.9 0.1
20100331 5.1 5 3.9 5 2.1 1.2 1.6 1.9 1.4 1.6 3.6 0.2 2.1 4.6 4.9 1.8 5 NA 5 16.2 6.8 10.4 0.2
20100401 5 5 2.6 4.2 2 1.2 1.4 0 0.1 1.2 3.6 0 1.9 4.4 4.3 1.7 5 NA 5 14.4 6.3 9.7 0.2
20100402 5 5 2.6 4.2 2 1.2 1.4 0 0.1 1.2 3.6 0 1.9 4.4 4.2 1.7 5 NA 5 12.5 6 8.4 0.2
20100403 5 5 2.6 4.2 2 1.2 1.4 0 0.1 1.2 3.6 0 1.9 4.4 4.1 1.7 5 NA 5 9.4 5.6 6.8 0.2
20100404 0 0 0 0 1.1 0.1 0 0 0 0 0.2 0 0 2 3.4 0.9 0 NA 0 7.6 5.1 5.1 0
20100405 0 0 0 0 1.1 0.1 0 0 0 0 0.2 0 0 2 3.3 0.9 0 NA 0 5 4.8 3.6 0
20100406 0 0 0 0 1.1 0.1 0 0 0 0 0.2 0 0 2 3.1 0.9 0 NA 0 5 4.8 3.6 0
20100407 0 0 0 0 0 0.1 0 0 0 0 0 0 0 3.5 3.2 1.1 0 NA 0 5 5 2.9 0
20100408 0 0 0 0 0 0.1 0 0 0 0 0 0 0 3.5 3 1.1 0 NA 0 5 5 2.9 0
20100409 0 0 0 0 0 0.1 0 0 0 0 0 0 0 3.5 2.8 1.1 0 NA 0 5 5 2.9 0
20100410 0 0 0 0 0 0.1 0 0 0 0 0 0 0 3.5 2.5 1.1 0 NA 0 5 5 2.9 0
20100411 0 0 0 0 0 0 0 0 0 0 0 0 0 0 1 0 0 NA 0 0 0 0 0
20100412 0 0 0 0 0 0 0 0 0 0 0 0 0 0 0.8 0 0 NA 0 0 0 0 0
20100413 0 0 0 0 0 0 0 0 0 0 0 0 0 0 0.6 0 0 NA 0 0 0 0 0
20100414 0 0 0 0 0 0 0 0 0 0 0 0 0 0 0.8 0 0 NA 0 0 0 0 0
20100415 0 0 0 0 0 0 0 0 0 0 0 0 0 0 0.7 0 0 NA 0 0 0 0 0
20101202 0 0 0 0 0 0 0 0 0 0 0 0 0 0 0.7 0 0 NA 0 3 0 0.2 0
20101203 0.5 0 0 0 0 0 0 0 0 0 0 0 0 0 0.9 0 0 NA 1.1 3 0 0.2 0
20101204 0.9 0 0 0 0 0 0 0 0 0 0 0 0 0 0.9 0 0 NA 2.3 3 0 0.2 0
20101205 2.1 0 0 0 0 0 0 0 0 0 0 0 0 0 1.2 0 0 NA 4.1 0 0 0.2 0
20101206 2.6 0 0 0 0 0 0 0 0 0 0 0 0 0 1.3 0 0 NA 5.3 0 0 0.2 0
20101207 3 0 0 0 0 0 0 0 0 0 0 0 0 0 1.5 0 0 NA 6.1 0 0 0.2 0
20101208 8.7 3.1 0 1 0.2 0.5 0.5 0 0 0 0 0 2.6 0.1 2.1 0.1 17.4 NA 17.9 16.1 2.5 3.2 0.2
20101209 12.7 4.7 0 1.7 0.2 0.6 0.6 0 0 0 0 0 3.2 0.1 2.5 0.2 28 NA 25.4 26.3 2.8 4.6 0.2
20101210 15.8 4.5 0 1.9 0.3 0.6 0.6 0 0 0 0 0 3.5 0.1 2.5 0.2 24.3 NA 29 29.9 3.2 5 0.2
20101211 19.9 4.3 0 2.2 0.3 0.7 0.5 0 0 0 0 0 3.9 0.1 2.5 0.2 21.4 NA 33.3 34.7 3.8 5.4 0.2
20101212 25.9 3.5 0 2.5 0.6 0.5 0.4 0 0 0.3 0.5 0 4 0.3 2.5 0.3 17.6 NA 35.8 41.4 4.1 7 0.1
20101213 29.3 3.3 0 2.6 0.6 0.5 0.3 0 0 0.3 0.5 0 4.5 0.3 2.5 0.3 13.9 NA 38.8 46.2 4.7 7.5 0.1
20101214 33.3 3.1 0 2.8 0.7 0.5 0.3 0 0 0.3 0.5 0 4.7 0.3 2.5 0.3 11.6 NA 43.1 48.7 5 7.9 0.1
20101215 34.5 29 0.9 5.3 1.6 0.3 2.6 0.7 0.3 0.3 1 0 6.1 2.1 2.9 0.3 38.3 NA 48.7 59.5 7 10.2 0.1
20101216 33.5 57.7 1.7 6.9 2.4 0.1 4.4 1.5 0.5 0.1 1 0 6.5 4 3.1 0.1 66.4 NA 56.1 64.7 7 12.2 0.1
20101217 34.7 83.7 2.6 9.1 3.3 0 6.4 2.2 0.8 0.2 1.5 0 8 5.6 3.4 0.1 92.2 NA 60.4 71 8.4 13.8 0.1
20101218 32.3 78.8 4.1 10 3.3 0 7.5 29.8 3.6 1.4 1.8 0.4 7.7 5.7 4.4 0.1 92.3 NA 60.4 70.9 8.1 12 0.2
20101219 29.7 79.7 5.9 6.1 1.1 0.1 7.1 1.1 0 0.1 5.1 0 7 2.4 4.5 0.4 92.5 NA 75.1 71.7 10.2 10.3 0.2
20101220 57.2 82.5 6.1 6.4 1.2 1.5 6.1 2.3 0 0.1 8.4 0 7.2 2.3 6.8 0.7 97.4 NA 71.7 53.9 13 11.1 0.3
20101221 64.9 90.4 10.4 6.7 2.4 1.6 9.4 11.3 1.4 0.9 10.4 0.3 7.1 4.2 6.6 1.2 94.6 NA 75.5 93.4 9.7 13.7 0.7
20101222 37.5 90.1 9.1 4.4 1 0.9 8.7 7.7 0.2 0 11 0 5.2 3.2 5.8 0.3 94.6 NA 75.3 76.7 10.9 12.8 0.1
20101223 40.2 86.3 2.9 4.9 2.7 1.6 3.7 5.9 1.2 0.9 10.2 0.5 7.1 2.6 3.8 1.4 83.5 NA 54.9 80.6 15.1 12.3 0.8
20101224 36.5 84.6 1.8 2.3 1.1 1.4 3.5 4.6 0.3 0.3 4.5 0 5.1 0 3.5 0.6 78.6 NA 60.1 82.7 9.1 13 0.1
20101225 36.3 84.5 1.8 2.3 1.2 1.6 3.9 4.7 0.3 0.3 4.6 0 5.1 0 3.5 0.6 77.8 NA 60.3 83 8.9 13.2 0.1
20101226 37.1 88 6.2 4.3 1 1.3 4.5 5.5 0.5 0.3 8.8 0 5.2 0 2.9 0.4 82.8 NA 61.3 89.9 9.9 10.8 0.1
20101227 32.9 89.4 4.7 4.1 1.2 0.7 2.8 3 0.2 0 8.6 0 5.3 0 3.2 0.1 88.1 NA 57.9 92.3 9.4 11.1 0.1
20101228 45.3 91.9 7.7 6 6.5 1.6 8.8 7.3 2.3 1.6 32.8 0 6.4 3.8 4.6 0.8 93.7 NA 76.5 87.6 29.6 12.1 0.2
20101229 60.2 88.4 6.4 4.4 6.1 0.6 13.7 11.1 1 0.1 8.3 0 6.3 1.8 3.8 0.1 90.4 NA 77.4 82.3 28.7 11.4 0.1
20101230 58.7 88.8 21.8 12.3 3.5 1.9 14.2 11.7 1.4 1.5 5.2 7.8 10 3 4.3 0.8 93.2 NA 71.9 81.3 18.5 11.3 3.8
20101231 46.1 79.4 21.2 14.6 3.1 2 9.7 11.6 1.4 1.5 3.8 8 10.3 3 4.3 0.9 90.5 NA 70.1 80.4 13.8 11.3 4
20110101 39.2 79.4 20.7 9 3.1 2 9.8 4.1 1.3 1.5 3.8 4.7 10 3 4.3 0.9 90.5 NA 70.1 80.2 13.8 11.4 2.1
20110102 41.8 65.9 11.5 8.4 4.2 1.5 10.2 4.3 2 2 4.1 4.9 9.8 3 4 1 90.7 NA 64.5 80.3 12.2 11.7 1.9
20110103 76.5 62.1 3.1 3.2 1.8 0.4 1.8 6.8 0.2 2 7.5 0 6 4.7 5.4 0.1 83.8 NA 60.4 64.6 7.1 6.3 0.8
20110104 87.7 76.6 8 4.4 4.6 1.9 3.1 10.9 2.6 5.3 16.4 6.4 7.7 8.7 6.7 1.8 93.6 NA 56.2 74.3 11.1 9.6 1.4
20110105 82.7 48.8 5.4 1.8 2.4 2.3 3.9 0 0 0.9 11.3 3.3 3.8 4.9 5 0.1 90 NA 54.5 84 4.7 10.3 0.1
20110106 91.1 74.7 17.7 15.2 2.1 2.6 7 8.5 0 0.8 12.3 0 5.2 3.8 6.4 0.3 94 NA 66.7 93.1 7.9 15.8 0.8
20110107 82.8 64.2 22.1 15.4 1.5 1.4 6.5 6.5 0 0.9 14 0 5.1 1.3 4.8 0.3 90.3 NA 63.6 78.9 10.9 13 0.7
20110108 94.7 70.8 18.5 7.9 2.4 1.5 9.9 9.2 0 2.1 20.7 0.7 6 3.1 5.7 0.1 90.4 NA 65.1 86.5 15.5 14.6 0.5
20110109 94.9 80.6 28.8 8.1 2.4 6.5 8.9 9.6 0.5 1.9 29.8 1.1 4.5 5.5 8.3 0.2 90.4 NA 54.8 94.3 11.7 21.2 0.5
20110110 87 90.3 39.6 15.1 4.1 4.7 12.4 13.5 3.3 1.8 33.6 0.7 12.3 7.5 10.3 0.8 90.5 NA 71.2 96.8 36.5 28.2 0.3
20110111 97.5 93.8 40.6 16.6 11.8 4.8 13.5 17.5 5.3 6.4 50.5 0 7.1 10.8 11.3 1 96 NA 85.2 98.4 43.8 39.1 0.1
20110112 93.5 90.4 54.6 22.9 4.8 6.3 11.6 12 1.1 0.6 41.4 1.6 11.3 20.7 12.3 0.2 99.4 NA 70.8 97.2 16.9 32.9 1.8
20110113 95 95.2 60 37.5 3.9 2 13.6 12.1 6 3 38.1 2.3 8.4 4.3 8.6 0.5 99.3 NA 78.9 98.4 19.4 30.3 0.4
20110114 94.5 88.2 67.5 33.4 6.3 1.9 17.1 11.9 6.3 4 49.1 2.1 6.2 11.7 10.6 0.5 99.4 NA 89.6 96 29.2 35.7 0.6
20110115 97.1 88.2 69 47.6 10.2 2.6 24 11.1 1.3 3 33.2 3.7 36.7 12.2 11.7 1.8 99.4 NA 94 96.8 26 40.6 2.8
20110116 93.5 75.5 76.3 16.3 10.7 2.3 18.7 13.9 1.2 4.6 36.4 3.3 33.2 7.1 10.8 1.8 99.5 NA 86 99.7 34.7 33.4 3.6
20110117 94.6 86.4 77.3 21 16.6 6.4 28.8 21 4.5 7.3 39.7 4.1 13.7 7.2 12.7 3.2 99.7 NA 93.3 99.7 44.5 41.3 1.3
20110118 97.9 93.5 83.2 59.8 6.6 5.5 24.3 22.8 3.3 5.3 32.7 3.5 44.6 9.7 11.8 3 98.4 NA 80.3 100 22.5 41.5 8.8
20110119 93.4 88.4 74.2 49.1 7.7 7.5 17.9 19.7 4.3 3.4 50.8 5.1 21.3 6.2 8.2 1 99.2 NA 82.3 99.8 46.3 41.5 3.9
20110120 97.9 89.9 79.5 65.5 15.4 6.8 18.5 18.9 9.1 8.7 58.9 3.6 44.1 14.1 14.8 4.4 99.1 NA 82.7 100 73.7 42.6 4.4
20110121 95.9 87.8 80 47.4 18.6 7.3 25.6 16.3 7.6 7.5 58.8 3.6 46.3 16.3 12.3 4.3 88.1 NA 90.7 99.9 74.6 56.6 4.4
20110122 95.9 85 80.7 54.1 16 2.8 23 29 5.1 5.8 57.5 3.5 37.8 18.8 15.1 5.8 90 NA 91.8 99.9 59.7 50.3 5.1
20110123 95.9 84.9 94.7 64.1 16.5 11.7 37.9 28.7 5.2 5.8 57.5 1.5 52.2 9.8 12.5 5.7 90 NA 90 99.9 65.3 66.2 7.2
20110124 95.9 90.7 90 72.5 34 28.7 32.2 29.9 10 9.5 62.2 4.3 67.3 25.5 19.1 9.3 99.2 NA 94.5 100 68.3 73.8 12.3
20110125 97.9 95.5 94.7 64.5 20.5 24.6 43.6 37.1 8.8 8.7 47.8 2.1 53.7 20.1 20.4 7 99.7 NA 97.4 100 64.3 74.2 13.2
20110126 95.5 84.3 87.7 77 15.6 5.3 39.4 26.4 4.8 5.5 43.8 1.7 51.3 12.3 17.3 3 99.5 NA 85.9 100 47.8 52.1 11.4
20110127 95.7 83.1 92.2 79.5 22.8 4.7 45.6 30.2 1.5 2.1 61.7 1.3 62.5 12.9 18.4 3.7 99.8 NA 93.2 100 73.6 52.6 9.3
20110128 93.8 81.3 84.8 70 29.3 8 34.5 28.6 1.4 2 58.7 0.5 62.6 8.4 12.8 3 99.6 NA 88.2 100 80.9 54.9 8.7
20110129 89.1 81.8 85.6 75 38 24.4 40.4 19.1 5.1 4.9 51.7 0.7 60.1 7.9 11.1 6.8 99.6 NA 87.3 100 69.2 56.6 9.8
20110130 94.3 81.3 88.5 69.8 27.2 27.7 35.2 17.7 5.4 3.9 53.8 1 62.8 20.8 19.3 7.6 99.5 NA 95.8 100 72.7 76.7 12.1
20110131 95.8 90.8 89.8 85.2 43.4 39.3 33.4 24.6 9 10.9 69 0.5 63.7 22.2 20.1 8.3 99.4 NA 92.1 100 91.9 74.6 10.8
20110201 97.9 98.5 95.1 96 52.7 46.1 39 15.4 11.3 11 71.6 2.1 70.9 21.5 22.6 10.3 98.9 NA 96.1 100 95.9 82.3 14.4
20110202 95.9 96.9 83.7 78.9 50.3 26.9 24.8 21.1 11 11.7 69.4 2.3 76.1 54.2 24.1 17.2 99.5 NA 86 100 92 85.2 16.9
20110203 96.5 94.3 89 71.8 32.6 12.4 40.3 27.5 12.8 13.9 56 2.5 62.6 53.8 20.5 11.2 99.6 NA 96 100 92.8 71.9 7.2
20110204 95.5 88.2 88.2 81 28.5 6.6 43.4 23.5 11.8 14.5 57 15.3 52.1 10.8 16.1 10.8 99.2 NA 95.4 100 88.5 58.3 13.2
20110205 92.3 89.8 90 85.1 11.5 6.6 51 33.2 5.3 3.6 30.7 9 50.7 10.2 14.5 3.6 99.5 NA 95.4 100 66 49.8 12.6
20110206 90.1 90 90 84.6 11.3 6.6 50.7 33.4 3.5 3 43.3 9.1 52.7 4.5 7.7 2.6 99.5 NA 95.4 100 66.7 49.6 9.5
20110207 95.9 85.1 89 84.3 21.9 12.8 52.3 38.6 5.7 6.1 43.4 9.3 54.5 6.2 8.8 4.5 99.2 NA 92.9 100 80.9 55.5 7.7
20110208 90.3 95.5 94.8 89.9 26 14.2 57.1 38.1 7 7.3 50.5 3.8 49.9 7.7 8.9 5.8 99.9 NA 96 100 84.9 57.3 5.7
20110209 96.4 80.6 83.8 83.1 36.2 9.8 35.5 21 3.9 9.6 67.2 0.1 50.3 43.7 16.9 8.5 98.9 NA 94.4 100 91.8 69.7 5.2
20110210 92.9 89.5 93.3 86.1 29.9 8.7 60.3 33.7 6.9 5.5 45.9 4.9 64.2 20.8 14.1 7.7 99.9 NA 92 100 89.8 64.6 10.2
20110211 96.8 93.2 90.3 88.2 31.9 5.5 61.9 41.5 14.5 8.4 49.2 6.5 64 72.2 26.8 14.4 99.7 NA 95.2 100 91.7 60.4 11.1
20110212 96.8 93.2 90.5 87.3 35.6 14.9 74.2 41.1 15.8 7.1 43.8 6.6 63.9 71.1 30.2 16 99.6 NA 95.5 100 91.8 63.1 11.1
20110213 98.9 93.9 89.8 87.4 39.8 14 73.8 26.5 3.3 4.8 61.4 10.4 72.9 23.3 22.5 12.7 99.6 NA 88.8 100 91.8 58.4 12.8
20110214 95.3 74.2 74.5 84 18.9 8.1 34.8 16.3 0.1 0.7 46.8 0.4 49.6 7.4 14.4 12.1 99.4 NA 66 100 91.3 46.3 0.2
20110215 95.2 74 70.8 87.7 12 9 30.2 6.1 0.3 1.5 45.3 0.3 47.3 7.1 12.9 4.9 99.6 NA 64.7 100 95.7 50.5 0.4
20110216 96.4 71.3 78.9 87.3 22.8 15.1 32.6 11.1 1.8 3.1 55.9 3.7 65.8 11 14.9 12.7 98.9 NA 87.4 100 92 59.5 3
20110217 89.2 72.4 73.5 92.5 12.7 11.9 47 11.2 1.4 1.1 48.1 7.3 69.1 6.1 12.1 6.7 99.4 NA 90.6 100 80.5 55.7 7
20110218 88.1 69.9 70.2 85.5 12.5 11.1 46.7 5.5 2 0.2 42.8 0.5 48.9 3.3 10.2 2.5 99.4 NA 90.4 100 75.9 50.2 0.4
20110219 85 53.2 53 79.9 4.9 7.7 10 2.8 1.6 0.8 38.5 0.6 49 1.5 9.5 1.3 94.8 NA 58.2 100 50.2 38.6 0.5
20110220 76.6 53.6 51.1 79.8 4.5 6.7 9.2 4.1 2.3 2.3 35.9 0.6 46.7 5 11.5 10.4 93.8 NA 52.4 100 94.7 39.4 0.4
20110221 89 54.3 54.5 80.8 16.2 31.6 18.6 4 2.1 1.9 47.4 0.6 65.8 4.9 14.3 15.1 94 NA 57.6 100 94.7 62.1 2.9
20110222 88.2 59.4 72 91.1 15.3 42.5 24.7 7 3.5 3.6 57.5 0.7 69.6 17.7 13.1 11.7 93.6 NA 56.8 100 78 79.2 4.5
20110223 95 60.3 80.1 87.5 15.9 39.8 37.3 17.6 6.6 5.6 71.7 9.4 71.2 16.9 17.4 26.5 95 NA 66 100 94.4 91.8 17.1
20110224 97.1 83.5 92 87.9 22 37.2 67.4 19.8 4.9 3.9 58.9 19.3 94 14.3 13.3 17.5 98.9 NA 97.5 100 94.3 93.9 18.9
20110225 93.6 75 86.2 85.4 24.1 29 61.9 3.6 1.1 6.5 56.9 0.2 77.9 7.6 12.3 7.7 98.3 NA 95.2 100 80.1 92.5 3.6
20110226 91.6 71.5 77.4 75.9 14.1 13.3 47.2 2.8 1 6 55.8 3.5 77.7 21.9 17.4 8.3 97.3 NA 89.3 100 91.7 79.3 2.8
20110227 88.5 71 77.4 76.5 16.1 13.3 47 1.3 0.6 10.2 58.9 3.1 69.1 24.6 23.3 23.5 97.3 NA 89.4 100 88.2 79.2 2.9
20110228 96.2 72.6 87.7 89.5 19.3 20.8 64.5 1.2 0.3 12 68.2 0.9 56.1 22.5 18.4 19.1 94.5 NA 92.7 100 93.8 89.8 2
20110301 97.4 90.8 94.6 93 26.9 18.6 61 1 0.2 7.6 83.6 1.4 50.6 30.3 20.7 16.7 98 NA 96.8 100 97.4 94 2.5
20110302 96.2 70.7 77.8 83.8 22.1 8.4 47.5 0.3 0 4.7 73.5 0.3 46.8 5.1 14 11.8 98.4 NA 89 100 93.3 80.8 0.1
20110303 86.6 67.8 80 78.1 27.1 19.7 54 0 0 3.6 60.4 0.3 44.6 37.1 20.4 11.8 95 NA 89.3 100 95.3 80.9 0.1
20110304 89.8 62.8 76.6 77 22.8 21 53.4 0 0 1 43.7 0.7 57.5 36.1 27.7 22 94.8 NA 90.3 100 93.9 75.9 0.7
20110305 89.9 62.9 76.6 77.3 22.9 21 53.5 0 0 1 43.8 0.7 57.5 36.2 27.8 22 94.6 NA 90.3 100 93.9 76 0.7
20110306 90 48.4 69.9 72.5 22.8 21 55.5 0 0 1 43.8 0.2 57.4 16.9 15.7 26.2 95.5 NA 90.3 100 94 75.8 0.5
20110307 94.2 48 73.1 72.9 22.5 29.2 46.4 0 0.1 12.2 65.7 0.1 45.2 40.9 22.9 26.8 93.4 NA 94.6 99.9 84.5 89.1 0.9
20110308 93.7 63 75.7 73.4 15.5 21.9 30.2 0 0 14.4 75.4 0.3 55.7 38.5 21.7 31.5 87.8 NA 90.4 100 95.5 95.7 1.8
20110309 88.6 53.1 76.5 76.7 20.2 39.1 62.7 0 0 7.5 44.3 0.4 35.6 23.6 18.3 25.6 91.7 NA 94.5 100 77 91.1 2.5
20110310 86.6 47.2 67.7 58 13.5 7.7 49.1 0 0 8.8 43.8 0 33.4 21.8 14.7 21.2 82.6 NA 94.8 100 70.7 72.6 2.3
20110311 82.6 40 67.8 60.8 11.2 7.6 37.6 0 0 11.2 33.4 0.1 24.6 22.2 14 17.3 90 NA 87.1 100 73.3 71.6 0.4
20110312 83 34.6 66.2 57.4 11.1 5.3 35 0 0 11 35.2 0.4 22.4 22.2 14 16 90.2 NA 85.1 100 75.8 69.2 0.4
20110313 83 34.5 66.2 57.2 11.1 5.3 35 0 0 11 35.2 0.4 22.5 22.2 14 16 90.1 NA 85.2 100 75.7 69.3 0.4
20110314 81.4 43.5 59.7 74.6 10.8 5.8 20.1 0 0 8 31.9 0.1 29 19 12.9 6.8 79.8 NA 87.8 100 84.4 52.5 1
20110315 82.4 30.9 70 90.8 13.6 15.1 47.2 0 0 8.2 36.8 0 29.3 16.2 12.1 8.2 77.2 NA 94.9 99.8 81.5 93.1 1.2
20110316 88.4 23.2 55.3 86.6 13.7 4.9 28.1 0 0 2.2 33.7 2.6 25.9 16 12.2 7.8 67.2 NA 91.8 100 76 60.2 1.9
20110317 87.6 29.4 57.3 70.3 13.4 3.2 32.3 0 0 1.8 29.2 0.5 18.7 11 11.9 7.5 83.9 NA 88.4 99.4 78.4 73.9 0
20110318 84.7 23.6 55.4 77 17.1 1.9 31.3 0 0 0.4 28.1 0.4 11.1 11.6 13.5 12.4 88.2 NA 76.3 100 72 76.5 0
20110319 90.2 32.3 53.7 71.5 19.1 4 37.1 0 0 0.9 29.3 0.5 11.6 11.8 14.8 9.5 84.8 NA 87.4 100 80.1 71.4 0
20110320 80.7 7.5 41.6 64.4 10.6 2.1 13.3 0 0 0.6 29.4 0 13.7 7.3 9.9 4.5 60.5 NA 72.3 99.7 78.7 63 0.1
20110321 78.7 7.4 49.7 90.2 15 1.6 14 0 0 0.1 23.4 0 7.3 4 8.3 7 56.5 NA 63.9 100 69.3 85.7 0.1
20110322 78.5 1 40.4 64.8 11.1 1.4 13.8 0 0 0.2 21.9 0 7.2 4.2 6.3 8.2 44.3 NA 65.9 100 55.7 62.9 0.1
20110323 67.4 1.5 39.6 61.1 2.4 1.4 10.9 0 0 0.6 22.8 0 5.5 1.9 5.9 2.6 39.2 NA 57.7 98.9 52.2 51.9 0
20110324 69.9 5 31.3 58.7 2.9 4 12.7 0 0 0.7 13.7 0 4.1 0.3 5.8 3.3 8.6 NA 50.9 98.7 50.3 42.7 0
20110325 76.6 27.5 44.7 61 5.9 6 19.4 0 0 2.2 31.4 0 4 0 6.5 9.4 52.3 NA 81.3 98.8 95.2 59.2 0
20110326 78.6 25.6 57.5 52.2 8 5.7 14.9 0 0 2.5 44 0 4 1.6 8.8 12.1 42.2 NA 57.1 99.1 95.2 60.3 0.1
20110327 84.8 0 34.9 59.3 8.3 3.1 13.9 0 0 1.9 30.6 0 5 1.8 7.9 12.1 13.2 NA 63.9 98.6 86.9 64.2 0.1
20110328 73.7 0 31.8 54.5 5.9 4.2 18.4 0 0 0.8 19.4 0 3.9 1 9 16.7 21.3 NA 61.9 99.3 92.5 71.4 0
20110329 75.3 0 15.9 36.2 5.1 0.9 17.6 0 0 1.2 17.8 0 3.1 39.2 18.5 15.8 12.9 NA 82.3 99.1 92.6 68.5 0
20110330 83.9 0 16.4 37.3 10.5 10 46.5 0 0 0.2 22.8 0 3.1 14.2 12.3 12.8 18.4 NA 76.6 97.6 79.5 79.2 0
20110331 81.7 0 15.4 38.9 4.7 2.4 14.1 0 0 0.1 19.6 0 2.4 22.5 27.1 31.2 18.4 NA 69.5 97.7 84.4 69.1 0
20110401 17.1 0 13.7 37.4 8.9 4.5 15.5 0 0 0 21 0.1 5.9 20.9 28.8 34.7 24.9 NA 65.2 97.6 82.4 63.9 0.5
20110402 85 0 13.7 37.4 11.7 6 18.2 0 0 0.1 21 0.1 5.9 21.8 30.6 35.9 24.8 NA 66.2 97.6 82.4 64 0.5
20110403 80.8 0 11.7 29 6 1.9 11.4 0 0 0.2 18.3 0 5.9 21.8 26.2 17.7 10.4 NA 55.4 98.8 69.7 54.3 0.5
20110404 69.6 0 7.5 23 3.6 1.1 6.2 0 0 0 12.1 0 0.4 0 4.9 1.4 0 NA 48.8 93.1 79.9 41.3 0
20110405 62.1 0 6.9 23.9 2.3 0.9 5 0 0 0.1 8.3 0 0.2 0 4.5 0.6 0 NA 51 92.5 51.7 33.5 0
20110406 57.3 0 5.8 24.1 1.6 0.3 2.4 0 0 0 2.8 0 0.2 0 4.3 0.5 0 NA 24.7 91.3 45.7 31.7 0
20110407 56.9 0 1.4 12 1.2 0.2 2.8 0 0 0 2.2 0 0.2 0 4.3 7.3 0 NA 22.9 87.5 59.3 31.3 0
20110408 54.3 0 0.7 12.7 1 0.2 2.4 0 0 0 3.5 0 0.1 0 4.2 0.7 0 NA 28 84.8 50.1 31.2 0
20110409 55 0 0.9 11.8 1 0.3 1.6 0 0 0.1 5.2 0 0.1 0 4.3 1.3 0 NA 27.3 83.8 67.8 31 0
20110410 56.1 0 1.7 16.4 0.4 0.5 2.9 0 0 0.1 2.6 0 0.1 0 4.1 1.5 1.6 NA 27 82.8 67.3 34.5 0
20110411 29 0 1.2 14.5 0.2 0 0 0 0 0 0.3 0 0 0 3.4 0.6 0.6 NA 0.7 59.4 32.1 30.9 0
20110412 12 0 0 6.4 0.1 0 0 0 0 0 0.3 0 0 0 3.1 0.2 0 NA 0.5 61.8 29.2 22.8 0
20110413 11.1 0 0 6.5 0.1 0 0 0 0 0 0.4 0 0 0 3.1 0.3 0 NA 0 53 30.7 21.5 0
20110414 10.6 0 0 6 0 0 0 0 0 0 0.3 0 0 0 2.9 0.3 0 NA 0 57.3 28.7 20.3 0
20110415 1.3 0 0 5.9 0.1 0 0 0 0 0 0.4 0 0 0 2.7 0.3 0 NA 0 57 18.8 16.6 0
20110416 0 0 0 7.3 0 0 0 0 0 0 0.1 0 0 0 2.7 0 0 NA 0 57 13.5 14.9 0
20110417 0 0 0 7.3 0 0 0 0 0 0 0 0 0 0 2.7 0 0 NA 0 38.7 9.1 7.3 0
20110418 0 0 0 0.5 0 0 0 0 0 0 0 0 0 0 2.5 0 0 NA 0 12.9 5 2.7 0
20110419 0 0 0 0.6 0 0 0 0 0 0 0 0.1 0 1.3 7.7 2.2 0 NA 0 15.1 5.1 2.5 0.2
20110420 0 0 0 0.2 0 0 0 0 0 0 0 0.3 0 0 2.6 0 0 NA 0 11.5 4 1.8 0
20110421 0 0 0 0 0 0 0 0 0 0 0 0 0 0 2.6 0 0 NA 0 10 3.2 1.5 0
20110422 0 0 0 0 0 0 0 0 0 0 0 0 0 0 2.5 0 0 NA 0 7.3 3.3 1.6 0
20110423 0 0 0 0 0 0 0 0 0 0 0 0 0 0 2.5 0 0 NA 0 8.6 3.8 1.7 0
20110424 0 0 0 0 0 0 0 0 0 0 0 0 0 0 2.5 0 0 NA 0 6.1 2.2 0.6 0
20110425 0 0 0 0 0 0 0 0 0 0 0 0 0 0 2.5 0 0 NA 0 2.6 1.9 0.2 0
20110426 0 0 0 0 0 0 0 0 0 0 0 0 0 0 2.4 0 0 NA 0 1.9 1.7 0.2 0
20110427 0 0 0 0 0 0 0 0 0 0 0 0 0 0 2.2 0 0 NA 0 0.7 1.2 0.1 0
20110428 0 0 0 0 0 0 0 0 0 0 0 0 0 0 2.2 0 0 NA 0 0.1 0.9 0.1 0
20110429 0 0 0 0 0 0.1 0 0 0 0 0 0 0 0 2.9 0 0 NA 0 0 5.6 1.3 0
20110430 0 0 0 0 0 0 0 0 0 0 0 0 0 0 2.1 0 0 NA 0 0 0 0 0
20110501 0 0 0 0 0 0 0 0 0 0 0 0 0 0 2.1 0 0 NA 0 0 0 0 0
20110502 0 0 0 0 0 0 0 0 0 0 0 0 0 0 2.1 0 0 NA 0 0 0 0 0
20110503 0 0 0 0 0 0 0 0 0 0 0 0 0 0 2.2 0 0 NA 0 0 0 0 0
20110504 0 0 0 0 0 0 0 0 0 0 0 0 0 0 1.6 0 0 NA 0 0 0 0 0
20110505 0 0 0 0 0 0 0 0 0 0 0 0 0 0 1.2 0 0 NA 0 0 0 0 0
20110506 0 0 0 0 0 0 0 0 0 0 0 0 0 0 1 0 0 NA 0 0 0 0 0
20110507 0 0 0 0 0 0 0 0 0 0 0 0 0 0 0.9 0 0 NA 0 0 0 0 0
20110508 0 0 0 0 0 0 0 0 0 0 0 0 0 0 0.8 0 0 NA 0 0 0 0 0
20110509 0 0 0 0 0 0 0 0 0 0 0 0 0 0 0.7 0 0 NA 0 0 0 0 0
20110510 0 0 0 0 0 0 0 0 0 0 0 0 0 0 0.6 0 0 NA 0 0 0 0 0
20110511 0 0 0 0 0 0 0 0 0 0 0 0 0 0 0 0 0 NA 0 0 0 0 0
20110512 0 0 0 0 0 0 0 0 0 0 0 0 0 0 0 0 0 NA 0 0 0 0 0
20110513 0 0 0 0 0 0 0 0 0 0 0 0 0 0 0 0 0 NA 0 0 0 0 0
20111129 0 0 0 0 0 0 0 0 0 0 0 0 0 0 2.3 0 0 NA 0 0 0 0 0
20111130 0 0 0 0 0 0 0 0 0 0 0 0 0 0 1.4 0 0 NA 0 0 0 0 0
20111201 0 0 0 0 0 0 0 0 0 0 0 0 0 0 0.1 0 0 NA 0 0 0 0 0
20111202 0 0 0 0 0 0 0 0 0 0 0 0 0 0 0.3 0 0 NA 0 0 0 0 0
20111203 0 0 0 0 0 0 0 0 0 0 0 0 0 0 0.3 0 0 NA 0 0 0 0 0
20111204 0 0 0 0 0 0 0 0 0 0 0 0 0 0 0.3 0 0 NA 0 0 0 0 0
20111205 0 0 0 0 0 0 0 0 0 0 0 0 0 0 0.8 0 0 NA 0 0 0 0 0
20111206 0 0 0 0 0 0 0 0 0 0 0 0 0 0 1.6 0 0 NA 0 0 0 0 0
20111207 0 0 0 0 0 0 0 0 0 0 0 0 0 0 1.4 0 0 NA 0 0 0 0 0
20111208 2 0 0 0 0 0 0 0 0 0 0 0 0 0 1.2 0 0 NA 0 0 0 0 0
20111209 2.2 0 0 0 0 0 0 0 0 0 0 0 0 0 1.1 0 0 NA 0 0 0 0 0
20111210 4.3 0 0 0 0 0 0 0 0 0 0 0 0 0 1.1 0 0 NA 0 0 0 0 0
20111211 9.4 0 0 0 0 0 0 0 0 0 0 0 0 0 1.1 0 0 NA 0 0 0 0 0
20111212 5.7 0 0 0 0 0 0.2 0 0 0 0 0 0 0 1.6 0 0 NA 15.6 7.3 0 0 0
20111213 6.1 0 0 0 0 0 0 0 0 0 0 0 0 0 1.6 0 0 NA 12.7 5.2 0 0 0
20111214 4.1 0 0 0 0 0 0 0 0 0 0 0 0 0.1 1.6 0 0 NA 4.3 7.1 0 0 0
20111215 4.5 0 0 0 0 0 0 0 0 0 0 0 0 0.1 1.7 0 0 NA 6 5.3 0 0 0
20111216 4.3 0 0 0 0 0 0 0 0 0 0 0 0 0.1 1.7 0 0 NA 1.1 1.4 0 0 0
20111217 6.3 0 0 0 0 0 0 0 0 0 0 0 0 0.2 2.4 0 0 NA 0.7 1.5 0 0 0
20111218 5.9 0 0 0 0 0 0 0 0 0 0 0 0 0.1 2.3 0 0 NA 3.4 5.7 0 0 0
20111219 3.3 0 0 0 0 0 0 0 0 0 0 0 0 0 1.9 0 0 NA 0.7 5.4 0 0 0
20111220 3.5 0 0 0 0.1 0 0 0 0 0 0 0 0 0 1.8 0 0 NA 0.8 5.4 0.1 0 0
20111221 2.8 0 0 0 0.1 0 0 0 0 0 0 0 0 0 1.7 0.1 0 NA 0.6 3.5 0.1 0 0
20111222 2.9 0 0 0 0 0 0 0 0 0 0 0 0 0 1.6 0 0 NA 0.7 10.1 0.3 0 0
20111223 2.8 0 0 0 0 0 0 0 0 0 0 0 0 0 1.6 0 0 NA 0 6.5 1.1 0 0
20111224 12.9 0 0 0 0 0 0 0 0 0 0.1 0 0 0 1.7 0 0 NA 0.8 9.6 0.4 0 0
20111225 12 0 0 0 0 0 0 0 0 0 0.1 0 0 0 1.7 0 0 NA 0.8 9.6 0.4 0.1 0
20111226 7 0 0 0 0 0 0 0 0 0 0 0 0 0 1.7 0 0 NA 1.1 8.7 0.6 0.1 0
20111227 3.1 0 0 0 0 0 0 0 0 0 0 0 0 0 1.8 0.1 0 NA 1.4 10.3 1 2.9 0
20111228 3.9 0 0 0 0.1 0 0 0 0 0 0.6 0 0 1.3 2.2 0.1 0 NA 0.8 25.1 1.4 2.3 0
20111229 19.2 0 0 0 0.1 0 0 0 0 0 0.5 0 1.4 0.5 2.5 0.1 0 NA 24.4 47.8 4.1 3.1 0
20111230 19.3 0 0 0 0 0 0.4 0 0 0.1 0.8 0 2.8 0 2.6 0.1 0 NA 35.6 41.9 4.3 4.2 0
20111231 13.5 0 0 0 0 0.2 0.6 0 0 0 3.2 0 2.8 0 3.1 0 0 NA 31.3 34.8 4.8 6.3 0.1
20120101 13.8 0 0 0 0.3 0.4 0.3 0 0 0 3.1 0 2.8 0 2.8 0 0 NA 15.4 44.8 4.1 7.7 0
20120102 15.4 0 0 0 0.2 0.1 0.3 0 0 0 1.2 0 2.8 0 2.9 0.1 0 NA 8.3 51 4.7 4.2 0.1
20120103 29.6 0 0 0 1.8 0.8 2.1 0 0 0.3 7.3 0 1.4 5.4 4.1 0.1 0 NA 38.7 79.2 8.6 12.3 0
20120104 32.3 0.9 0 1.3 1 0.8 3.5 0 0 0.1 7.4 0 1.9 0 3 0.1 10.8 NA 51.1 65.7 8.7 7.2 0.1
20120105 27.7 0.3 0 1.2 0.9 0.4 1.1 0 0 0 4 0 4.6 1.4 3.1 0.1 10.2 NA 44.2 73.9 7.7 10.7 0
20120106 24 0.6 0 0.7 0.7 0.6 0.7 0 0 0 3.1 0 4.5 1.8 3 0.1 6.2 NA 38.9 69.5 8.1 8.9 0
20120107 19.3 1.1 0 0.4 0.5 3.3 0.8 0 0 0 0.1 0 4.5 0.3 3.4 0.1 4.6 NA 25.4 58.4 2.9 6.3 0
20120108 17.2 2.8 0 0.2 0.5 3.9 0.7 0 0 0 0.1 0 8.9 0 2.8 0.1 4.9 NA 25.3 59.9 2.4 7 0.2
20120109 30.6 0 0 0 0.2 0.6 0.2 0 0 0.1 1.1 0 4.1 0 3 0.1 1.7 NA 24.3 58.7 6.7 5.2 0
20120110 21.7 0 0 0.2 0.1 0.2 0.1 0 0 0.1 0.2 0 3.7 0 2.5 0.1 0.8 NA 17.9 55.8 2.6 6.3 0.1
20120111 17.7 0 0 0 0.2 0.4 0 0 0 0 0.3 0 3.4 0 2.4 0.2 0.6 NA 23.9 56.9 3.9 5.8 0
20120112 20 0 0 0 0.2 0.3 0 0 0 0 1.7 0 3.3 0.6 2.6 0.1 0.1 NA 16.2 54.7 3.1 7.4 0
20120113 30.9 0 0 0 0.3 0.4 0 0 0 0.1 7.9 0 3.3 0 3.5 0.2 0.2 NA 28.9 57.4 5.1 8 0
20120114 35.7 0 0 0 0.5 0.4 0 0 0 0.3 9.2 0 3.2 0 3.6 0.2 0.1 NA 31 57.3 3.1 9.4 0.1
20120115 48.5 0 0 0 0.5 0.5 0 0 0 0 9.7 0 3.8 4.6 6 0.2 0.4 NA 32 58.2 3.2 9.8 0
20120116 64.1 13.9 0 2 1 0.7 3.5 0 0 0.3 13.3 0 5.5 3 5.3 0.2 41.3 NA 55.8 89.7 9.8 17.1 0
20120117 40.2 7.2 0 1.9 1.4 0.8 3.1 0 0 0.1 11.8 0 4.4 0 3.1 0.1 39.2 NA 49.1 85.8 9.3 13.1 0.1
20120118 55.6 7 0 0 2.3 1.2 3.4 0 0 1.6 18.5 0 3.6 3.7 6.7 0.1 41.7 NA 56 91.4 16.2 18.6 0.1
20120119 70.2 4.5 0 0 2.1 1.1 7.8 0 0 0.6 28.8 0 3.4 5.5 7 0.1 56.8 NA 69 85.9 10 14.3 0.1
20120120 90.8 8.4 0.7 2.9 10.3 2.2 20.2 14.2 4.9 4.8 32 0 4.4 4.2 9.8 0.8 61 NA 75.2 97 23.5 26.4 0.2
20120121 90.8 71.6 1.3 6.8 10.7 2.5 13.6 14.4 4.7 5.1 33.4 0 5.2 4.7 10.1 1 90 NA 65 96.9 21.7 31.5 0.2
20120122 91.8 69.5 0 3.4 11.5 3.2 15.7 3.2 3 3.9 43 0 5.3 10.4 14.7 0.8 94.2 NA 66.3 96.9 22.6 34.9 0.2
20120123 88.6 71.8 0 3 3.5 3.2 5.5 3.2 0 0.9 33.5 0 4.5 4.7 11.3 1.5 91.3 NA 60.2 93.5 17.6 25.8 0
20120124 80.5 43.7 0.2 3.5 4.2 0.6 1.1 1.7 0 2.4 25.8 0 7.8 5 9.3 0.1 53.4 NA 54.3 96.4 9.1 19.8 0.1
20120125 87.9 42.1 0.2 1.1 4.4 0.7 1.1 0 2.2 4.1 28.9 0 4.8 3.5 9.8 0.6 45.9 NA 52.6 96 8.1 17.3 0.1
20120126 96.4 53 3 5 6.2 3.3 4.5 2.6 2.9 4 27.6 3.6 8 9.8 14.2 2.2 69.2 NA 65.1 96.1 16.1 28.8 2
20120127 70.4 40.4 0.2 0.9 1.8 1 1.1 0 0 1.1 17 0 4.6 0.3 5.3 0.1 57.2 NA 60 94.9 8 21.5 0
20120128 68.4 23.1 0.1 0.6 3.7 0.4 0.2 0 0 0.9 16.5 0 4.6 0.2 5.3 0.1 33.4 NA 45.4 75.3 8.4 16.3 0.4
20120129 58.9 20.2 0.1 0.6 2.1 0.4 0.2 0 0 1.4 12.1 0 11 0.4 4.9 0.1 33.3 NA 35.5 72.8 6 16.2 0.3
20120130 62.6 9.4 0.7 1.4 2.8 1.1 6.3 0 0 1.7 15.7 0 4.7 6.7 10 0.8 3.9 NA 55.1 75.4 8.3 20.7 0.1
20120131 83.1 40.8 1.4 1.3 3.5 0.8 5.1 0 0 0.2 28.1 0 4.5 6.2 12.7 0.2 38.8 NA 59.9 89.7 12.4 22.6 0.1
20120201 89 8.5 0 0 2.5 0.8 4.1 0 0 0.3 22.9 0 4.1 2.6 6.8 0.1 31.6 NA 55.9 89.6 6.4 20.5 0.1
20120202 91.1 7 0 0.2 3 1 0.4 0 0 0.4 19.3 0 4.1 2.7 6.9 0.1 20.7 NA 40.2 70.4 6.9 24 0.1
20120203 85.2 5.7 0 0.2 3.4 0.9 0.7 0 0 1.1 21.6 0 4.2 2.6 6.6 0.1 15.6 NA 38.3 81.4 12.2 23.2 0.2
20120204 85.2 5.7 0 0.2 3.3 0.8 0.7 0 0 1 21.6 0 4.2 2.6 6.5 0.1 15.6 NA 38.2 81.5 12.6 23.2 0.2
20120205 87.6 7 0.1 0 3.1 0 0 0 0 1.1 24.3 0 5.9 1 6.5 0.1 15.8 NA 40.7 73.2 6.5 29.3 0.2
20120206 76.2 4.9 0.4 0 4.2 0.6 0 0 0 0.6 11.6 0 4.7 0.7 5.2 0.1 7.3 NA 35.7 75.8 6.2 25.6 0.1
20120207 76.5 2.4 0.2 0.3 1.7 0.8 0 0 0 1.2 15.1 0 4.4 0.3 5.4 0.1 4.9 NA 34 69.3 10.2 22.5 0
20120208 82.4 2.5 0.3 0 3.3 1.2 0.1 0 0 1.4 20.8 0 4.4 0.7 5.4 0.1 6.6 NA 33 75.1 10.4 20.5 0
20120209 81.2 2.9 0.1 0 2.4 0.9 0 0 0 1.1 16.2 0 4.3 2.5 5.7 0.1 1.4 NA 32.7 88.4 6.9 17 0
20120210 77.8 0.6 0.3 0 2.1 0.8 0.3 0 0 0.7 14.2 0 4.1 1.8 6 0.1 0.7 NA 28.5 78.8 10.4 16.6 0
20120211 80 0.7 0.4 0 2.3 1.7 1 0 0 0.9 14.9 0 4.2 1.8 5 0.1 1.4 NA 29.2 80.2 14.4 27.4 0.1
20120212 85.2 5.6 1 0 4.2 1.6 3.5 0 0 1.1 35.4 0 4.1 2.1 6.5 0.1 25.5 NA 52.1 96.8 15.5 33.9 0
20120213 91.2 34.3 4.6 1.7 6.2 1.5 6.5 5.4 4 2.7 27.5 0 5.9 6.5 8 0.6 89.5 NA 57.1 74.8 34.4 22.8 0.1
20120214 86.9 44.3 4.9 1.8 4.2 0.6 2.5 1.4 0 0.6 21.8 0 5.7 9.3 9.9 0.6 71 NA 54.9 80.5 18.1 20.7 0.1
20120215 86.3 40 6.3 2 1.5 0.8 1.1 0 0 0.5 24.4 0 5.6 8.4 8.7 0.7 64.2 NA 50 87.5 25.2 22 0.1
20120216 81.9 23.2 1.6 2.1 3.7 1.3 1.8 0 0 0.7 26.6 0 8.8 1.1 7.5 0.8 77.3 NA 47.7 79.5 28.1 21.9 0.1
20120217 76.3 9.9 0.8 2.5 3 1.2 1.8 0 0 1.7 14.5 0 11.9 5.8 7.2 0.7 47.7 NA 41.7 79 15.7 23.8 0.1
20120218 74.5 10.9 0.4 2.8 2.1 1.7 2 0 0 1.6 15.4 0 5.3 0.8 4.7 0.3 50 NA 41 73.8 16.5 21.9 0.2
20120219 69.2 3.1 0.2 3.1 1.8 1.1 0.9 0 0 0.9 20.5 0 3.8 0.9 4.9 0.2 26.5 NA 34.6 74.3 16.3 22.5 0.1
20120220 85 5.4 0.1 1.2 2 1.1 1.2 0 0 1.1 20.6 0 4.6 6.7 8.4 1.4 25.8 NA 35.7 79.9 23.3 23.9 0.1
20120221 88.7 2.9 0 1.6 1.8 0.9 1.8 0 0 1.2 27.6 0 3.9 3.8 6.7 1.8 19.7 NA 42.3 96.1 31.1 25.1 0
20120222 78 3 0 1.8 1.7 0.9 1.9 0 0 0.3 15.1 0 3.8 0 5.2 0.1 20.2 NA 37.4 88.4 13.1 23.7 0
20120223 72.9 0 0 0 1.6 0.8 0 0 0 0.4 9.9 0 3.5 0.3 4.4 0.1 6 NA 32.1 81.3 11.3 20.2 0.1
20120224 69.7 0 0 0 1.6 0.8 0 0 0 0.3 9.5 0 3.5 0.1 4.3 0.1 4.7 NA 31.8 82.6 11.4 20.6 0
20120225 68.9 0 0 0 1.6 0.8 0 0 0 0.4 9.6 0 3.4 0 4.2 0.1 4.8 NA 31.8 82.5 11.2 20.5 0.1
20120226 55.6 0 0 0 1.7 0.8 0 0 0 0.5 15.6 0 3.4 0.1 4.3 0.1 2.4 NA 20.9 88.9 16 22.3 0.1
20120227 62.9 0 0 0 2.1 2 3.4 0 0 0.1 17.7 0 2.9 3.4 7.6 0.1 2.5 NA 23.2 90.3 27 29.9 0
20120228 66.5 0 0 0 1.4 0.6 0.5 0 0 0.6 19.9 0 3.8 1.7 8.3 0.2 0.4 NA 37.3 98.3 21.5 25.6 0.1
20120229 59.3 0 0 0 1.2 0.6 0 0 0 0.3 20.7 0 3.8 1.7 8.6 0.3 1.6 NA 26.1 97.1 29.3 26.3 0.1
20120301 54.9 0 0 0 1.5 0.3 0.2 0 0 0.3 29.1 0 2.6 0 4 0.7 1.1 NA 25.4 98 23.2 24.8 0
20120302 61.6 0 0 0 1.3 1 0.4 0 0 0.4 29.7 0 2.8 0 5.1 2.6 1.3 NA 35.3 98 36.8 27 0
20120303 53.1 0 0.5 0 1.3 0 0.6 0 0 0.2 26.7 0 1.6 0.2 4.7 0.5 0.1 NA 22.4 95.9 26.8 25.6 0.1
20120304 44.2 0 0 0 2.7 0.2 1.1 0 0 0.7 29.2 0 1.2 2.5 7.1 0.1 0 NA 13.2 90.7 48.6 33.3 0.3
20120305 86.3 0 0 0 9.8 3.2 4.4 0 0 1.2 57.2 0 1.8 0.1 5.5 3.6 0 NA 34.6 97.1 85.2 54.1 0
20120306 69.7 0 0 0 3.7 0.9 2.9 0 0 0.8 29.1 0 1.7 0.6 5.5 0.6 0 NA 29.5 83 61.1 54.3 0
20120307 66.8 0 0 0 1.6 0.7 0.3 0 0 0 19.2 0 1.4 0 3.7 0.8 0 NA 6.2 95.7 34.1 26.8 0
20120308 54.5 0 0 0 1.7 0.2 0.2 0 0 0 11.4 0 1.7 0 3.8 0.1 0 NA 2.7 96.7 25.3 26.9 0
20120309 39.1 0 0 0 1.3 0.4 0 0 0 0.9 9.9 0 1.6 0 3.4 0.1 0 NA 0.2 96.9 13.1 24.6 0
20120310 32.1 0 0 0 2.4 0.6 0 0 0 0.9 10 0 1.6 0 4 0.1 0 NA 0.4 97 13 24.9 0
20120311 41.9 0 0 0 3.8 0.4 0 0 0 0.4 15.3 0 1.7 0 3.6 0.5 0 NA 0 98.8 49.4 23.1 0
20120312 31.8 0 0 0 1.2 0.2 0 0 0 0 6.9 0 1.6 0 3.7 0.3 0 NA 0 96.2 26.5 23 0
20120313 22 0 0 0 0.3 0.2 0 0 0 0 6.7 0 1.3 0 3.6 0.1 0 NA 0 96 15.3 22.9 0
20120314 18.7 0 0 0 0.3 0.1 0 0 0 0 5 0 0.2 0 3.4 0.1 0 NA 0 84 12.6 20.7 0
20120315 17.6 0 0 0 0 0.1 0 0 0 0 7.4 0 0.3 0 3.3 0.1 0 NA 0 96.6 12.1 19.5 0
20120316 21.1 0 0 0 0.1 0 0 0 0 0 7.6 0 0 0 3.3 0.1 0 NA 0 96.6 13.9 22.1 0
20120317 27.2 0 0 0 1.1 0 0 0 0 0 10.3 0 0 0 3.6 0.1 0 NA 0 97 11.6 23.3 0
20120318 16.4 0 0 0 0.2 0 0 0 0 0 9 0 0 0 3.4 0.1 0 NA 0 91.9 11.2 20.7 0
20120319 6.1 0 0 0 0 0.2 0 0 0 0 2.4 0 0 0 2.6 0.1 0 NA 0 84 6.1 16.9 0
20120320 4.6 0 0 0 0 0 0 0 0 0 1.9 0 0 0 2.8 0.1 0 NA 0 80.7 2.3 14.6 0
20120321 3.4 0 0 0 0 0 0 0 0 0 1.3 0 0 0 2.8 0.1 0 NA 0 64.3 2.3 14 0
20120322 2.7 0 0 0 0 0 0 0 0 0 1 0 0 0 2.7 0.1 0 NA 0 50.5 2.5 12.5 0
20120323 2.7 0 0 0 0 0 0 0 0 0 0.9 0 0 0 2.6 0.1 0 NA 0 54.5 1.6 11.9 0
20120324 0.4 0 0 0 0 0 0 0 0 0 0 0 0 0 2.5 0.1 0 NA 0 26.1 0.3 6.5 0
20120325 0.5 0 0 0 0 0 0 0 0 0 0 0 0 0 2.5 0.1 0 NA 0 27.3 0 5.1 0
20120326 0 0 0 0 0 0 0 0 0 0 0 0 0 0 2.2 0 0 NA 0 1.9 0 0.4 0
20120327 0 0 0 0 0 0 0 0 0 0 0 0 0 0 2.1 0.1 0 NA 0 8.2 0.1 0.7 0
20120328 0 0 0 0 0 0 0 0 0 0 0 0 0 0 2 0 0 NA 0 5.8 0 0.2 0
20120329 0 0 0 0 0 0 0 0 0 0 0 0 0 0 1.9 0 0 NA 0 0 0 0.3 0
20120330 0 0 0 0 0 0 0 0 0 0 0 0 0 0 1.9 0 0 NA 0 0 0 0.3 0
20120331 0 0 0 0 0 0 0 0 0 0 0 0 0 0 1.7 0 0 NA 0 0 0 0.2 0
20120401 0 0 0 0 0 0 0 0 0 0 0 0 0 0 1.7 0 0 NA 0 0 0 0.1 0
20120402 0 0 0 0 0 0 0 0 0 0 0 0 0 0 1.7 0 0 NA 0 0 0 0 0
20120403 0 0 0 0 0 0 0 0 0 0 0 0 0 0 1.6 0 0 NA 0 0 0 0.1 0
20120404 0 0 0 0 0 0 0 0 0 0 0 0 0 0 1.3 0 0 NA 0 0 0 0 0
20120405 0 0 0 0 0 0 0 0 0 0 0 0 0 0 1.4 0 0 NA 0 0 0 0 0
20120406 0 0 0 0 0 0 0 0 0 0 0 0 0 0 1.2 0 0 NA 0 0 0 0 0
20120407 0 0 0 0 0 0 0 0 0 0 0 0 0 0 1.4 0 0 NA 0 0 0 0 0
20120408 0 0 0 0 0 0 0 0 0 0 0 0 0 0 1.2 0 0 NA 0 0 0 0.1 0
20120409 0 0 0 0 0 0 0 0 0 0 0 0 0 0 0.6 0 0 NA 0 0 0 0 0
20120410 0 0 0 0 0 0 0 0 0 0 0 0 0 0 0.2 0 0 NA 0 0 0 0 0
20120411 0 0 0 0 0 0 0 0 0 0 0 0 0 0 0 0 0 NA 0 0 0 0 0
20120412 0 0 0 0 0 0 0 0 0 0 0 0 0 0 0 0 0 NA 0 0 0 0 0
20120413 0 0 0 0 0 0 0 0 0 0 0 0 0 0 0 0 0 NA 0 0 0 0 0
20121129 0 0 0 0 0 0 0 0 0 0 0 0 0 0 2.3 0 0 NA 0 0 0 0 0
20121130 0 0 0 0 0 0 0 0 0 0 0 0 0 0 1.9 0 0 NA 0 0.8 0 0 0
20121201 0 0 0 0 0 0 0 0 0 0 0 0 0 0 1.8 0 0 NA 0 1.7 0 0 0
20121202 0 0 0 0 0 0 0 0 0 0 0 0 0 0 1.5 0 0 NA 0 2.5 0 0 0
20121203 0 0 0 0 0 0 0 0 0 0 0 0 0 0 1.2 0 0 NA 0 3.3 0 0 0
20121204 0 0 0 0 0 0 0 0 0 0 0 0 0 0 1 0 0 NA 0 4.2 0 0 0
20121205 0 0 0 0 0 0 0 0 0 0 0 0 0 0 0.9 0 0 NA 0 4.6 0 0 0
20121206 0 0 0 0 0 0 0 0 0 0 0 0 0 0 1.1 0 0 NA 0 10.3 2.1 0.1 0
20121207 0 0 0 0 0 0 0 0 0 0 0 0 0 0 1.2 0 0 NA 0 14.5 1.1 0.2 0
20121208 0 0 0 0 0 0 0 0 0 0 0 0 0 0 1 0 0 NA 0 7.4 1.2 0 0
20121209 0 0 0 0 0 0 0 0 0 0 0 0 0 0 2.3 0 0 NA 0 7.8 1.2 0 0
20121210 0 0 0 0 0 0 0 0 0 0 0 0 0 0 2.3 0 0 NA 0 14.3 1.3 0.2 0
20121211 0 0 0 0 0 0 0 0 0 0 0 0 0 0 1.3 0 0 NA 2.5 11.3 1.6 0.4 0
20121212 0 0 0 0 0 0 0 0 0 0 0 0 0 0 1.7 0 0 NA 1.8 12.8 2 0.1 0
20121213 0.5 0 0 0 0 0 0 0 0 0 0 0 0 0 1.8 0 0 NA 0.5 13.4 1.8 0.2 0
20121214 0.9 0 0 0 0 0 0 0 0 0 0 0 0 0 1.8 0 0 NA 0 14 1.2 0.6 0
20121215 3 0 0 0 0 0 0 0 0 0 0 0 0 0 2.7 0.1 0 NA 0 34.3 2.8 1 0
20121216 0 0 0 0 0 0 0 0 0 0 0 0 0 0 3 0.1 0 NA 0 34.9 5.2 1.1 0
20121217 0 0 0 0 0 0 0 0 0 0 0 0 0 0 2.5 0 0 NA 0 24.7 3.9 0.5 0
20121218 0.5 0 0 0 0 0 0 0 0 0 0 0 0 0 1.5 0 0 NA 0.6 12.7 1.1 0.1 0
20121219 1.1 0 0 0 0 0 0 0 0 0 0 0 0 0 1.8 0 0 NA 0 13.7 1.2 0.3 0
20121220 1.5 0 0 0 0 0 0 0 0 0 0 0 0 0 2.2 0 0 NA 0 12.8 1.6 0.2 0
20121221 3 0 0 0 0 0 0 0 0 0 0 0 0 0 2.2 0 0 NA 0 13 1.4 0.2 0
20121222 2.9 0 0 0 0 0 0 0 0 0 0 0 0 0 2 0 0 NA 0 14.9 1.7 0.3 0
20121223 4.3 0 0 0 0 0 0 0 0 0 0 0 0 0 2.1 0 0 NA 0 15.4 1.8 0.3 0
20121224 6.5 0 0 0 0 0 0 0 0 0 0 0 0 0 2 0 0 NA 1.5 13.7 1.3 0.6 0
20121225 12.2 0 0 3.9 0.1 0 0 0 0 0 0.6 0 4.2 0.4 2.3 0.1 0.1 NA 7 10.8 0.1 0.8 0
20121226 13.4 0 0 0.8 0.1 0 0 0 0 0 0.1 0 6.3 1.5 3 0.1 0.5 NA 15.8 17.6 1.7 2.1 0
20121227 14.1 0 0 2 0.1 0 0.4 0 0 0 0 0 5.8 3.5 3.3 0.1 22.3 NA 21.2 20.4 0.9 1.9 0
20121228 16.9 0 0 1.8 0.1 0.3 0.2 0 0 0 0.2 0 5.1 3 3.7 0.1 11.8 NA 27.4 18.8 1.1 2.7 0
20121229 25.4 0 0 1.9 0.7 0.3 0 0 0 0.2 4.7 0 3.5 3.3 4 0.1 36.4 NA 45 38.2 2.5 5.6 0.1
20121230 24.3 0.6 0 1.9 0.9 0.3 0.1 0 0.1 0.1 1.6 0 2.7 3.7 4.4 0.1 33.5 NA 38.1 36.3 4.5 5.2 0.3
20121231 24.8 0.9 0 1.9 0.3 0.7 0.2 0 0 0 0.9 0 3.7 1.5 3.4 0.1 34 NA 35.1 36.8 3.9 11.7 0
20130101 19.6 1.2 0 2.7 0.7 0.5 0.4 0 0 0 0 0 3.1 0.6 3 0.1 34.9 NA 44.5 45.4 8.2 5.3 0.1
20130102 30.4 0.9 0 1.6 0.4 0.2 0.3 0 0 0 3.3 0 3 2 4.2 0.1 33.5 NA 45.3 50.9 6.9 7.5 0
20130103 30 27.2 0 1.8 0.3 0.6 1 0 0 0.1 4.3 0 3.3 7.1 4.3 0.2 83.4 NA 56.8 50.6 9.8 11.4 0
20130104 29 35.6 0 2 0.2 0.7 0.3 0 0 0 1.4 0 5 0.9 3.6 0.1 71.6 NA 50.3 50.2 2.8 9.9 0
20130105 34.7 54.5 0.2 2.9 0.6 0.7 1.8 0 0 0.1 2.9 0 5.7 1.3 3.5 0.1 90 NA 51.7 53.3 5 9.9 0.1
20130106 36 50.8 0.1 2.8 0.8 0.7 2.1 0 0 0.1 3.5 0 4.9 2.4 4.2 0.1 90 NA 56 53.6 4.9 11.8 0.1
20130107 38.4 29 0 1.7 0.6 0.7 0 0 0 0.1 1.2 0 4.7 2.4 4.1 0.1 53.4 NA 38.2 53.3 4.9 9 0.1
20130108 30.4 27.2 0.1 2.9 0.2 0.3 0 0 0 0 0.3 0 4.5 0 2.8 0.1 49.4 NA 36.1 50.6 1.5 6.3 0.1
20130109 28.5 11.8 0 2.1 0.1 0.2 0 0 0 0 0 0 4.2 0.5 2.7 0.1 39.5 NA 28.8 47.3 2.2 5.7 0.1
20130110 22.3 8.5 0 2 0.1 0.5 0.1 0 0 0 0.1 0 4.2 0.9 3.1 0.1 25.1 NA 26.1 50.6 2.4 6 0.1
20130111 26.2 6.4 0 1.5 0.1 0.3 0 0 0 0 0.4 0 4.1 0 2.4 0.1 24.6 NA 24.9 43.5 1.2 5.3 0.1
20130112 28.1 13.3 0 1.8 0 0 0 0 0 0 0.5 0 4.2 0 2.4 0.1 23 NA 42.1 43.1 1.5 8.1 0.1
20130113 25.7 8.8 0 1.7 0.3 0 0 0.2 0 0 0 0 4.3 0 3.2 0.1 18.6 NA 28.2 49.6 1.6 8.2 0.1
20130114 35.6 8.7 0 1.5 0.3 0 0 0 0 0.1 0 0 4 1.4 3.4 0.1 19.4 NA 32.5 48.2 2.5 8 0.1
20130115 25.2 9.9 0.1 0.8 0 0.2 0 0 0 0 0 0 2.2 1.3 3.6 0.1 8.6 NA 35 47.2 2.7 4.3 0.1
20130116 49.4 3.4 0 0.2 0.4 0.1 0.7 0 0 0.2 1.4 0 2.2 1.6 4.2 0.1 3.2 NA 41.9 34.3 5.5 4.5 0.1
20130117 51.2 4 0.2 0 0.1 0.1 0.6 0 0 0.3 1.2 0 2.7 1.2 4.7 0.2 0.4 NA 37.2 36.5 5.4 5.4 0.1
20130118 81.3 0.2 0 0 1.9 1 2.9 0 0 2.3 7.5 0 3 1.2 4.8 0.2 28.9 NA 55.3 73 12.2 24 0.1
20130119 81.5 0.2 0.1 0.8 1.8 1 3.6 0 0 1 7 0 4.3 2.9 10.4 0.3 28.7 NA 55.4 74.8 10.2 20.2 0.1
20130120 81.4 0.1 0 0.7 1.5 0.7 1.5 0 0 0.7 15.8 0 4.3 4.8 10.7 0.4 2.7 NA 41.1 80.4 14.2 19.5 0.1
20130121 86.5 0.1 0 0 5.3 0.6 1.6 0.5 0 1.4 24.3 0 2.2 1 8.1 0.6 0 NA 36.2 86.5 25.6 19 0
20130122 95.4 75.1 3.4 8.5 9.7 4.1 8.6 10.8 1.9 3.8 30.9 0 5.3 7 11.7 0.6 95 NA 57.1 99.4 36.1 42.5 0
20130123 90.8 90.2 16.2 22.9 13.2 4.9 16.1 11.5 1.5 2.1 36.9 0 23 8.9 11.9 3.9 90 NA 63.2 96.7 61.1 43.7 1.6
20130124 95.2 92.3 14.9 28.8 14 6 18.8 15.3 4.1 4.3 62.8 1.9 25 3.4 11.2 1.8 95.9 NA 64.3 98.4 77.2 45.5 4.8
20130125 91.2 90.2 28.2 12 9.6 7.3 20.7 17.5 1.7 6.9 52.4 0.5 22.4 4.6 16.1 4.8 92.4 NA 74.4 97 49.1 46.8 2.1
20130126 91.2 90.2 27.9 24 9.6 7.1 20.1 11.7 1.4 6.5 55.3 1.9 35.5 5.3 12.5 5 92.4 NA 74.3 97 79.5 45 3.7
20130127 98.4 90.3 30.9 41.2 11 16.7 28.7 16.4 2.4 5.5 55.7 0.7 47.7 15 16.1 4.8 100 NA 84.2 100 83.8 51.5 0.1
20130128 98.4 90.3 28.9 37.8 4.9 12.2 25.9 3.5 0.3 0.2 42.1 0.2 45.7 8.5 14.6 1.2 100 NA 84.3 100 24.8 46.6 1.5
20130129 96.6 63.2 9.4 19.1 4 3.9 7.1 4.1 0.6 0.1 40.4 0 35.2 4.7 15.1 1.1 99.9 NA 56.7 100 23.7 35.1 0.4
20130130 90.7 50 7.6 13.1 5.5 1.8 2.4 0.1 0 0.9 46.5 0 21.8 3.5 12.6 0.2 79.1 NA 50.3 100 18.3 33 0.1
20130131 92.3 45.6 3.8 0.9 5.4 2 2.2 0.2 1.2 3.7 47.4 0 13.6 1.3 7.3 0.4 85.4 NA 45.2 100 21 31.3 0
20130201 97.5 30.7 4.6 3.3 6.8 2.4 2.6 15.3 4.2 8 52.2 0 14.1 8 10 1.4 87.3 NA 47.1 99.9 41.2 40 0
20130202 98.1 23.4 5.3 3.8 13 2.9 3.2 14.8 2.6 5.3 46.5 0 16.2 9.2 17.4 6.4 87.3 NA 48.7 100 74.3 51.6 0.7
20130203 96.9 29.5 5.5 3.6 11.1 3 4 15.2 2.8 5.4 52.7 0 16.8 7.1 18.4 10.6 87.1 NA 67.9 100 83.6 55.7 0.6
20130204 97 75.5 10.2 4.6 13 7.7 13.3 12.9 2.7 1.9 42.2 0 26.1 4.3 16.9 7.4 96 NA 77.3 100 88.1 60.1 0.3
20130205 98.5 90.4 77.6 48.6 16.1 18.2 31.1 19.7 5.3 6.2 50.8 0.7 27.3 26.4 30 12.5 95.3 NA 90.3 100 90.1 64.9 1.4
20130206 98.2 83.6 72.6 25 11.7 8.8 20.8 9.8 4 5.1 47.8 0.1 23.9 18.2 25 10.9 95.4 NA 86.7 100 91.4 51 0.4
20130207 97.7 90.2 76.5 44.1 16.1 11.3 22.1 8.7 3.4 6.4 46 1.2 34.9 23.4 25.2 10.4 97 NA 88.7 100 95.6 67.2 2.2
20130208 99.7 87.3 65.9 28.5 6.6 11.2 11.7 9 3.6 2.5 46.3 1 30.9 16.3 21.3 11.3 93.5 NA 71.2 100 81.2 45 1
20130209 99.3 91.9 74.8 29.9 6.8 12.4 16.1 7.8 3.5 9 62 2.4 52 14.1 34.3 19.7 89.9 NA 71.8 100 93.8 60.4 4.2
20130210 99.1 85.7 87.4 58.6 16.8 14 27.2 8.4 3.3 7.7 58.2 2.4 56.1 14.2 30.5 17.4 94.4 NA 91.4 100 89.9 68.7 6.6
20130211 97.3 85.2 71.7 49.4 4.2 6.8 12.2 0.6 0 0.4 35.9 1.5 49 8.3 13.7 6 94.4 NA 72.7 100 66.3 45.9 5
20130212 89.4 90.4 58.4 8.5 4.1 1.1 5.5 0 0 2.3 24.3 0 32.3 5.6 15.1 3.3 93.6 NA 69.4 100 68.2 35 0
20130213 88 48.5 55 9.7 4.5 1.2 10.8 0.5 0 3.5 36.3 0 26 3.5 12.3 4.9 83.1 NA 68.6 100 65.5 38.7 0
20130214 90 46.7 51.8 6.3 4.1 1.3 11.8 0.2 0 0.6 33.7 0 30.1 6.5 12.4 8.1 90.1 NA 65.8 100 87.7 40.7 1.5
20130215 88.4 33.8 46.5 4.7 9.5 1.7 10.3 0.3 0 0.8 35.4 0 30.1 6.9 11.9 6.7 82.5 NA 60.5 100 83.3 37.8 0.7
20130216 94 32.1 47 4.7 9 1.7 4 0.5 0.1 3.5 35.3 0 24.9 17.5 16.6 7.9 82.5 NA 57.5 100 81.9 36.3 0.5
20130217 94.7 66 70.7 22.9 10.4 11.1 16.1 2 0.9 3 56 1 44.2 76.4 55.1 14.2 92.3 NA 79 99.8 94.3 58.6 1.3
20130218 97.9 83.4 83.4 39.6 38.2 32.8 35.7 17.9 6.9 10.3 73.2 2.3 67.9 38.9 40.7 27.6 96.8 NA 93.9 100 97.2 62 6.2
20130219 92.4 89.6 83.5 32.5 26 24 22.9 0.9 0.1 1.5 45.8 1.1 51.1 20.5 18.9 14.8 97 NA 93.1 100 97 60.7 1.1
20130220 87.2 60.8 59.3 13.8 13.7 5.6 22.9 8.2 1.1 5 36.8 0 29.7 14.8 15.3 8 82.8 NA 81.2 100 77 41.1 0.8
20130221 92.3 75 61.1 15.5 15.6 5.7 24.6 9.4 2.5 5.5 40.9 0 51.8 14.8 17.3 11.5 91.3 NA 83.2 100 89.1 43.9 2.5
20130222 94.7 84.9 85.1 77.1 28.2 30.1 30.5 13.7 3.2 4.1 56.2 1.2 59.7 23.1 17.2 14.9 94.4 NA 86.9 100 76.8 68.8 4.7
20130223 97.7 82.3 84.7 77.1 12.5 10.8 26.9 19.2 2.3 7.6 61.7 1.8 67 15.1 14.7 15.3 93.8 NA 91.2 100 69.8 63.9 6.6
20130224 97.7 77.9 79.6 44.3 17.8 6.8 25.6 18.8 3.1 7.5 60.9 0 34.2 18.9 15.3 20.2 93.7 NA 80.4 100 92.6 53.3 0.1
20130225 96.1 54.1 78.7 52.6 14.2 2.7 21.9 3.3 0.1 3.7 53.5 0 34.3 11.5 16.9 11.8 92.4 NA 74.2 100 91.4 47.3 0.1
20130226 97.4 54 77.2 38.9 16.6 2.6 31.7 3.4 0 1.2 55 0 39.1 19.7 20.1 10.9 93 NA 90.3 100 90.3 46.7 0.1
20130227 94.2 76.2 76.7 36.5 6.4 4.2 12.2 1.7 0 2.7 51.2 0 38.4 14.7 12.7 7.1 79.4 NA 72.7 100 82.8 45 0.1
20130228 83 72.6 74.6 37.4 4.4 3.4 11.2 0.9 0 3.5 33.9 0 35.5 12.5 12.1 5.2 67.2 NA 67.1 99.6 67.9 43.1 0.1
20130301 84.9 62 72.1 32 4.8 2 2.2 0.8 0 2.7 38.6 0 37.8 5.9 9.4 3.7 77.7 NA 46.9 99.6 65 41.5 0.3
20130302 84.8 48.4 62.7 31.1 5.7 4.1 4.1 0 0 3.9 43.5 0 33.8 5.2 9.6 4.8 68.8 NA 58.2 99.6 76.3 44.5 0.4
20130303 91.9 78.4 74.7 46.9 7.6 10 14.9 0.3 6.2 10.7 60.8 0.2 52.7 89.2 40.4 15.2 84 NA 78.6 99.4 92.5 56.6 1.6
20130304 96.3 58.9 71.6 29.8 15.3 7.5 19.9 5.5 4.9 9.7 41.7 0 42.1 21.6 14.8 10.4 73.4 NA 83 99.7 79.9 65.6 0.1
20130305 98 58.2 75 57.1 12.4 5.5 19.4 0.3 0.4 2.4 58 0 29.9 18.5 15.1 14.1 78.2 NA 82.3 99.9 94 75.7 0.1
20130306 96.1 59.2 73.7 45 9.7 3.1 13.2 0.3 0.5 3 57.7 0 33.4 31.2 14.3 11.8 70.1 NA 74 100 91.1 64.8 0.4
20130307 98.2 54.7 76.3 42.7 9.6 3.2 14.2 1.8 0.9 8.8 54.6 0 34.7 24.8 22.9 11.1 63.7 NA 78.9 100 89.7 63.1 0.2
20130308 96.2 39.4 35.2 21.8 6.7 0.7 14.7 0.4 1.4 5 42.9 0 19.3 20.2 17.1 11 63.1 NA 81.2 100 82.2 57.3 0.6
20130309 96.9 52.3 38.5 19 8.2 1.2 9.1 0.4 0 2.3 42.4 0 19.9 14 15.6 7.6 63.8 NA 67.4 100 86.1 46.3 0.8
20130310 91.8 50.1 37.3 27.1 9.2 1.2 9.1 1.5 0 0.5 34 0 20.4 9.5 10.5 11.6 69.1 NA 66.1 100 86.1 45.6 0.4
20130311 92.1 27.7 30.9 23.4 9.7 2.4 8.1 1.4 0 0.5 31.4 0 20.9 8.1 10.5 5.4 42 NA 66.8 100 87.5 36.5 0.2
20130312 84.2 25.7 31.5 22.9 6.6 1.4 7.4 1.2 0 1.5 32.6 0 24.8 9.3 10.9 3.4 50.7 NA 67 100 67.4 37.2 0
20130313 81.8 12.6 5.2 2.8 7.5 0.5 5.2 0.8 0 2.2 29.9 0 16.7 9.2 13 6.1 38.6 NA 49.3 100 70.9 34.8 0
20130314 83.2 0.1 2.3 2.6 5.7 0.8 1.7 0.9 0 1.6 28.1 0 11.3 5 11.2 5.5 7.1 NA 41.6 99.1 73.7 34.3 0.1
20130315 83.2 0.2 0.5 2.4 6.3 0.8 4.9 0.2 0 1.6 28.3 0 9 20.6 14.2 7.1 3.1 NA 41 99.6 64.7 39.4 0
20130316 83 0 0 2.6 5.6 1 2.4 0.1 0 1.6 28.8 0 8.9 18.5 14 5.6 2.7 NA 44.2 100 64.3 37.8 0.1
20130317 81.3 0.1 0 2.4 5.6 0.7 1.7 0 0 0.5 39.8 0 8.9 16 21.7 6.5 4.6 NA 44.7 99.4 92 34.3 0
20130318 91.5 0 0 2.9 8.9 0.8 1.2 0 0 2.1 37.4 0 12.9 41.1 25.8 13.1 0 NA 37.5 99 91.7 44.5 0.1
20130319 91.5 0 0 2 6.4 0.4 3.2 0 0 1 33.9 0 9.6 23.4 15.1 10.4 1 NA 51.7 100 61.4 37.5 0
20130320 79.2 0 0 1.5 5.9 0.4 2.3 0.5 1.3 2.2 33.3 0 12.3 9.5 12 6 1.6 NA 54.6 99.8 60.6 32.8 0.1
20130321 81.6 2.1 0 3.7 9.9 0.5 3.5 0.3 1.2 2.7 31.1 0 10.9 14.7 14.1 6.4 55.4 NA 54.3 99.8 69.7 31.9 0.1
20130322 85.3 2.5 0 3.5 9.9 0.5 4.9 0 0.2 1.1 37.7 0 8.8 38.6 18.8 7.5 54.6 NA 54.4 99.7 85.8 34.8 0.1
20130323 85.3 2.4 0 3.5 8.2 0.7 4.7 0 0 1.3 38.6 0 10 39.8 16.2 6.9 50 NA 54.6 99.8 81.4 40.2 0.1
20130324 79.7 1 0 3.6 6.8 0.7 2.9 0 0 1 31.3 0 10.7 34.9 13.5 4.3 45.6 NA 50.1 99.8 64.4 36.5 0.1
20130325 85.6 0 1.2 2.3 3.1 0 6.5 0 0 0.4 21.1 0 8.3 13.7 9.5 2.1 33.2 NA 41.7 99.6 57.3 29.6 0
20130326 76.5 0 0 1.3 5.3 0.4 0.7 0 0 0.7 21.8 0 4.7 11.5 8 2.1 0 NA 29.3 99 59.4 25.6 0
20130327 72.6 0 0 1.5 2.4 0.2 0.7 0 0 0.6 17 0 5 5.1 8 1.9 0 NA 28.8 99.6 56.1 26.9 0
20130328 73 0 0 1.3 2.5 0.2 1 0 1.1 0.6 17.2 0 5.7 12.3 8.8 1.9 0 NA 26.3 99.6 57.7 24.2 0
20130329 80.9 0 0 1.4 2.2 0.2 1 0 0 1.1 17 0 7.3 40.7 11.5 5.8 0 NA 26.6 99.6 66 24.1 0
20130330 77.2 0 0 1 2.6 0.1 0.9 0 0 0.8 17 0 5.4 36.9 12.4 3.7 0 NA 21.8 99.3 65.1 24 0
20130331 75.3 0 0 0.8 3 0.2 0.8 0 0 0.8 19.6 0 7.5 22.3 11.1 2.9 0 NA 22.5 99 65.8 24.1 0
20130401 77.9 0 0 0.8 2.5 0.2 0.8 0 0 1.3 18.4 0 6.5 4.6 9.4 2.5 0 NA 20.7 98.3 71.2 23.5 0
20130402 73.7 0 0 0 2.2 0.2 0.2 0 0 0.9 8.9 0 9.7 4.5 5.3 1.5 0 NA 6.1 98.8 49.9 23.9 0.1
20130403 67.3 0 0 0.4 2.2 0.3 0.2 0 0 0.6 9.2 0 7 4.9 6 1.2 0 NA 0 98.8 44.7 23.1 0
20130404 65.1 0 0 0.4 1.7 0.1 0.3 0 0 0.4 9.4 0 0.5 4.9 6.4 1.2 0 NA 0.2 96.5 44.1 23.6 0
20130405 66 0 0 0.3 1.7 0 0.4 0 0 0.4 9.8 0 0.1 4.2 6.7 1 0 NA 0.1 97 45.3 24.3 0
20130406 69.8 0 0 0.3 1.9 0 0.3 0 0 0.2 9.2 0 0.1 5 8.2 1 0 NA 0 99.1 49.3 23.9 0
20130407 69.9 0 0 0.4 2.1 0.4 0 0 0 0.2 9 0 0 2.8 7 1.6 0 NA 0 100 54.1 23.7 0
20130408 63.6 0 0 0.4 1.9 0.2 0 0 0 0 16 0 0 4.8 7.4 1.7 0 NA 0 100 57.4 24.7 0
20130409 64.4 0 0 0 1.4 0 0 0 0 0 14.6 0 0 5.1 6.8 1.1 0 NA 0 97.9 63.6 21.9 0
20130410 58.7 0 0 0 1 0 0 0 0 0 16.6 0 0 2.6 5.8 0.9 0 NA 0 96.2 62.7 21.5 0
20130411 57.2 0 0 0.2 1 0 0 0 0 0 11.3 0 0 0.7 4.9 0.8 0 NA 0 95.7 57.7 22.1 0
20130412 56.4 0 0 0 0.3 0 0 0 0 0 5.4 0 0 0.7 4.6 0.9 0 NA 0 88.1 41.6 19.4 0
20130413 56.7 0 0 0 0.3 0 0 0 0 0.1 5.4 0 0 0.7 4.6 0.9 0 NA 0 87.4 41.2 19.4 0
20130414 57 0 0 0 0.3 0 0 0 0 0.1 6.5 0 0 0.9 4.5 1.4 0 NA 0 88.2 39.7 19.2 0
20130415 57.3 0 0 0 0.2 0 0 0 0 0 1.1 0 0 0.5 4.1 1 0 NA 0 82.1 35.9 20.3 0
20130416 56.7 0 0 0 0.2 0 0 0 0 0 1.6 0 0 0.5 4.2 1 0 NA 0 82 36.1 20 0
20130417 58.7 0 0 0 0.3 0 0 0 0 0 0.6 0 0 0.5 4.5 0.9 0 NA 0 86.6 46.6 18.9 0
20130418 56.8 0 0 0 0.1 0 0 0 0 0 0.4 0 0 0.7 4.1 0.6 0 NA 0 86.3 45.4 19.3 0
20130419 47.3 0 0 0 0.2 0 0 0 0 0 0.6 0 0 0.6 4.1 0.7 0 NA 0 82.2 44.9 17.8 0
20130420 30.5 0 0 0 0.1 0 0 0 0 0.3 0 0 0 0 5.4 0.2 0 NA 0 80.8 50.9 18.6 0
20130421 36.6 0 0 0 0.1 0 0 0 0 0 0 0 0 0.1 5 0.5 0 NA 0 81.1 33.4 13.7 0
20130422 32.9 0 0 0 0 0 0 0 0 0 0 0 0 1.1 4.1 0.6 0 NA 0 62.5 25.1 13.8 0
20130423 35.3 0 0 0 0 0 0 0 0 0 0 0 0 1.2 4.3 0.6 0 NA 0 62.5 27.2 12.7 0
20130424 26 0 0 0 0 0 0 0 0 0 0 0 0 0.9 4.3 0.3 0 NA 0 56.4 15.3 13.3 0
20130425 19 0 0 0 0 0 0 0 0 0 0 0 0 1.2 3.6 0.3 0 NA 0 68 15.7 13.1 0
20130426 15.1 0 0 0 0 0 0 0 0 0 0 0 0 0.9 3.6 0.3 0 NA 0 64.2 9.2 10.1 0
20130427 15.7 0 0 0 0 0 0 0 0 0 0 0 0 0.9 3.5 0.2 0 NA 0 60.2 10.9 9.3 0
20130428 7.5 0 0 0 0 0 0 0 0 0 0 0 0 0.9 3.1 0.2 0 NA 0 60.7 10.5 8.8 0
20130429 4.6 0 0 0 0 0 0 0 0 0 0 0 0 0.4 3.4 0.4 0 NA 0 48.1 3.5 7.3 0
20130430 1.9 0 0 0 0 0 0 0 0 0 0 0 0 0.2 3.5 0.4 0 NA 0 47.3 3.2 5.1 0
20130501 0.7 0 0 0 0 0 0 0 0 0 0 0 0 0.3 3.4 0.1 0 NA 0 24.2 3.2 2 0
20130502 0 0 0 0 0 0 0 0 0 0 0 0 0 0.1 3.1 0.1 0 NA 0 7.1 2.3 1.4 0
20130503 0 0 0 0 0 0 0 0 0 0 0 0 0 0.2 3.1 0.1 0 NA 0 7.1 2.1 1.4 0
20130504 0 0 0 0 0 0 0 0 0 0 0 0 0 1.1 3 0.1 0 NA 0 12.4 2.7 2.2 0
20130505 0 0 0 0 0 0 0 0 0 0 0 0 0 0.4 2.8 0.1 0 NA 0 0 0.7 0 0
20130506 0 0 0 0 0 0 0 0 0 0 0 0 0 0 2.8 0 0 NA 0 0.6 0 0 0
20130507 0 0 0 0 0 0 0 0 0 0 0 0 0 0 3 0.1 0 NA 0 0 0 0 0
20130508 0 0 0 0 0 0 0 0 0 0 0 0 0 0 2.9 0.1 0 NA 0 0 0 0 0
20130509 0 0 0 0 0 0 0 0 0 0 0 0 0 0 2.9 0 0 NA 0 0 0 0 0
20130510 0 0 0 0 0 0 0 0 0 0 0 0 0 0 2.7 0 0 NA 0 0 0 0 0
20130511 0 0 0 0 0 0 0 0 0 0 0 0 0 0 2.7 0 0 NA 0 0 0 0 0
20130512 0 0 0 0 0 0 0 0 0 0 0 0 0 0 2.7 0 0 NA 0 0 0 0 0
20130513 0 0 0 0 0 0 0 0 0 0 0 0 0 0 2.3 0 0 NA 0 0 0 0 0
20130514 0 0 0 0 0 0 0 0 0 0 0 0 0 0 2.3 0 0 NA 0 0 0 0 0
20130515 0 0 0 0 0 0 0 0 0 0 0 0 0 0 2 0 0 NA 0 0 0 0 0
20130516 0 0 0 0 0 0 0 0 0 0 0 0 0 0 1.9 0 0 NA 0 0 0 0 0
20130517 0 0 0 0 0 0 0 0 0 0 0 0 0 0 1.8 0 0 NA 0 0 0 0 0
20130518 0 0 0 0 0 0 0 0 0 0 0 0 0 0 1.7 0 0 NA 0 0 0 0 0
20130519 0 0 0 0 0 0 0 0 0 0 0 0 0 0 1.6 0 0 NA 0 0 0 0 0
20130520 0 0 0 0 0 0 0 0 0 0 0 0 0 0 1.7 0 0 NA 0 0 0 0 0
20130521 0 0 0 0 0 0 0 0 0 0 0 0 0 0 1.7 0 0 NA 0 0 0 0 0
20130522 0 0 0 0 0 0 0 0 0 0 0 0 0 0 0.5 0 0 NA 0 0 0 0 0
20130523 0 0 0 0 0 0 0 0 0 0 0 0 0 0 0.5 0 0 NA 0 0 0 0 0
20130524 0 0 0 0 0 0 0 0 0 0 0 0 0 0 0.4 0 0 NA 0 0 0 0 0
20130525 0 0 0 0 0 0 0 0 0 0 0 0 0 0 0.4 0 0 NA 0 0 0 0 0
20130526 0 0 0 0 0 0 0 0 0 0 0 0 0 0 0.3 0 0 NA 0 0 0 0 0
20130527 0 0 0 0 0 0 0 0 0 0 0 0 0 0 0.2 0 0 NA 0 0 0 0 0
20130528 0 0 0 0 0 0 0 0 0 0 0 0 0 0 0 0 0 NA 0 0 0 0 0
20131124 0 0 0 0 0 0 0 0 0 0 0 0 0 0 1.2 0 0 NA 0 0 0 0 0
20131125 0 0 0 0 0 0 0 0 0 0 0 0 2 0 0.2 0 1.2 NA 4.5 10.7 1.6 0.3 0.1
20131126 0 0 0 0 0 0 0 0 0 0 0 0 1.4 0 0.8 0 0.1 NA 0 16.4 0.6 0.2 0.1
20131127 0.5 0 0 0 0 0 0 0 0 0 0 0 2.2 0 0.9 0 1.2 NA 0.6 13.4 0.5 0.2 0.1
20131128 3.4 1.4 0.1 0.7 0.6 0 0.3 0 0 0 0.7 0 4.5 0.6 1.8 0 6.3 NA 7.8 21.9 4.2 1.4 0.3
20131129 5.8 2.6 0.1 1.2 1.1 0 0.5 0 0 0 1.5 0 3.9 1.2 2.5 0 11.1 NA 12 25.3 7.6 2.5 0.2
20131130 9 2.4 0 2.8 0.8 0.5 0 0 0 0 1 0 3.9 0.6 2.8 0 18.2 NA 30.4 21.7 9 2.5 0.2
20131201 7.4 0.6 0 2.9 0.7 0.4 0.1 0 0 0 0.7 0 3.8 0.5 3 0 1.6 NA 28.3 21.7 5.7 2.5 0.3
20131202 6.9 0.2 0 1.6 0.5 0.2 0 0 0 0 0.5 0 2.8 0 1.7 0 0.8 NA 20.5 21.6 4 1.4 0.1
20131203 4.4 0 0 1.3 0.4 0.1 0 0 0 0 0 0 2.2 0 1.7 0 0 NA 16.2 17.8 3.2 1.2 0.1
20131204 3.2 0 0 1.7 0 0.1 0 0 0 0 0 0 1.8 0 1.5 0 0 NA 12.5 16.8 3.5 1.1 0.1
20131205 5 0 0 0.1 0 0.1 0 0 0 0 0 0 1.4 6.2 2.5 0 0.5 NA 11.9 7.8 1 0.7 0.1
20131206 15.7 0 0 0 0 0.1 0 0 0 0 0.1 0 1 0.1 2 0 0.7 NA 12.6 12.8 1.8 1.1 0.1
20131207 17.8 0 0 0 0 0.1 0 0 0 0 1.4 0 1 0.7 2.1 0 0.7 NA 12.7 13.1 1.7 1.1 0.1
20131208 21.9 0 0 0 0.1 0.3 0 0 0 0.1 1.5 0 1 0 2.5 0 0.7 NA 5.6 17 1.9 0.7 0
20131209 32.6 1.1 0 1 0.8 0.5 1.1 0 0 0.3 6.3 0 2.9 1.6 3.7 0.4 5.4 NA 44.5 44.7 5.4 5.1 0.1
20131210 37 2.3 0 1.6 2.1 1 1.9 0.2 0.4 1.1 10.6 0 3.8 2.7 4.5 0.7 15.7 NA 63 55.9 9.9 10 0
20131211 44.6 3.4 0 2.5 1 0.9 5.4 4.8 3.1 2.1 9.1 0 4.9 1.3 5.7 1.4 32.7 NA 59.4 63.8 17.7 8.4 0.1
20131212 48 56.1 1 2.3 3.4 0.8 8.3 4.6 1.1 2.5 12.2 0 9 4.6 5.4 1.8 95 NA 58.2 85.5 15.8 21.5 1.4
20131213 60.3 56.1 1.3 4.2 6.2 1.1 9.9 5.8 1.3 4.2 22.1 0 7.9 6.1 6.8 2.7 90 NA 64.5 90.5 16.2 25.2 1.3
20131214 64.2 62.3 1.5 6.9 9.9 2.5 12.2 5.9 1.8 5.2 21.4 0 7.6 5 6.9 2.7 95 NA 67.5 95.5 19.2 27.3 0.8
20131215 42.4 66.1 1 4.6 4.9 5.3 9.1 1.9 0 1.5 46.9 0 8.7 4.7 9.3 1.5 91.8 NA 70.4 89.9 28.8 21.3 1.1
20131216 84.7 84.5 4.2 11.2 11.9 4.3 9.9 3.7 0.9 4.6 44.4 9.3 9.7 3.4 9.9 1.5 90 NA 61.7 97.7 22.3 32.1 5.2
20131217 81.6 70.8 5.6 13.1 14.6 4.2 11.5 4.5 2 4.8 50.8 11.1 17.1 13.6 10.2 2 86.2 NA 60.9 97.6 28.2 33.6 5.6
20131218 92.2 62.5 3.8 12.5 7.9 3.9 12.1 4.9 0.3 3.5 37.7 10.1 17.8 2.1 7 0.6 85.7 NA 65.7 99.2 22.2 30.5 5.2
20131219 93.8 76.3 5.1 5.9 6.8 1 8 4.4 0.9 3.6 36 0.6 10.7 4.6 8.3 0.7 93.9 NA 68.2 99.2 22 21.4 1.2
20131220 92.3 65.1 5.4 5.4 7.1 1 7.4 2.7 1 3.9 34.8 0.1 10.8 3.7 12.7 0.7 89.8 NA 69.9 99.1 18 25.6 0.9
20131221 92.4 65.2 5.4 5.4 7.1 1 7.7 2.7 0.9 3.5 34.8 0.2 10.7 5.4 12.5 0.7 89.8 NA 69.8 99.1 18.7 25.9 0.9
20131222 90.4 56.4 1.3 2 2.6 0.9 3.1 1.9 0.2 2.4 43.5 0 10.5 9 12.7 1 90 NA 49.5 99.6 9.5 23.1 0.9
20131223 96.1 57.1 0.5 2.3 2 1.1 2.2 1 0.7 5.1 34.6 0 6.8 5.6 13.4 1.2 28.3 NA 57 99.9 10.5 15.7 0.2
20131224 94.3 54.7 0.1 2.9 4 0.6 3.1 0.4 0.5 3.9 47.7 0 6.5 3.5 9.5 1.8 69.8 NA 62.9 99.2 10.5 24.8 0.2
20131225 96.5 53.1 3.2 2.3 16.1 0.8 3 16 6 10.7 59.9 0 6.9 8.7 11.7 1.2 54.8 NA 65.6 100 57.1 45.1 0.7
20131226 94.2 85.5 7.5 7 15.8 3.1 14.4 14.9 3.9 6.9 44.1 4.1 12.9 13.5 13.1 4 80.5 NA 87.8 100 28.5 37.9 3
20131227 90.3 83.6 7.3 2.9 13.2 0.3 17.1 10.2 3 6.2 48.1 0 7.8 8 8.6 0.6 92.4 NA 88.8 100 16.8 30.9 0.6
20131228 89.9 38.7 4.4 2.4 11.6 0.1 4.5 1.9 0.4 0.5 36.5 0 6.1 10 8 0.2 73.4 NA 77.7 100 13.9 26.4 0.1
20131229 90.9 41.7 3.1 2.2 10.1 0.7 3.3 2.1 0.2 0.7 38.4 0.4 9.7 7 8.5 0.2 73.8 NA 68.8 100 15.1 35.4 0.5
20131230 91.9 44.6 1.9 2 7.7 1.3 1.6 2.3 0 1 39 0.7 12.8 2.6 8.7 0.1 73.9 NA 58.2 100 15 43 0.8
20131231 97.4 47.1 2.7 3.1 19 3.7 12.5 7.5 4.2 5.4 47.1 1.5 17 20 19.5 1.8 76.1 NA 81 99.8 40.2 49 1
20140101 98 85.9 12.2 14.1 16.5 9.7 14.3 17.6 5.1 2.2 47.6 2.6 19.6 21.3 20.7 3.4 92.6 NA 75 100 72.5 57.9 2.9
20140102 97.9 94.6 22.2 23.8 22.8 14.8 18.8 22.3 7.7 11.6 62 7 18.7 33.5 30.9 8.3 96.5 NA 86.1 100 96.3 57 4.3
20140103 96.2 90.2 47.6 52.6 33.9 24.5 25.7 30.9 14 18.7 67 11.9 49.5 74.8 37.4 12.9 94.7 NA 91.6 100 92.6 66.6 14.2
20140104 95.8 90.2 51 52.6 32.3 23.8 23.6 22.3 5 4.1 36.9 5.7 44.6 44.4 21.6 4.3 92 NA 91.6 100 70.8 72 9.1
20140105 93.2 81.8 35.7 14.3 18.9 4.8 28.6 20.4 5.9 3.4 34 6.5 29.4 41.5 23.4 6.5 94.2 NA 89.9 100 66.9 35.4 6.7
20140106 94.7 72 39.3 23 21.1 3.4 21.4 27.3 9 10.8 39.6 1.5 27.5 38.9 26.7 4.9 77.8 NA 86.2 100 59.7 42.5 2.2
20140107 97.5 93.7 56 50.4 22.8 5.5 36.5 40.7 16.3 12.6 45.2 10.1 33.6 59.4 32.7 6.3 97.9 NA 96.8 100 81 52.3 8.6
20140108 97.2 95.4 93 64.8 28.4 11.9 52.2 44.6 19.6 11.7 54.2 19.4 52.4 71.3 42.1 8.8 99.4 NA 95.3 100 93.2 48.8 12.4
20140109 97.5 95.1 94.2 73 29.4 10.6 57 44.4 26 14.3 63.6 8.6 58.7 70.1 47 12.2 98.3 NA 95.4 100 94 49.8 10.6
20140110 95.2 89.2 88.5 78.4 30.2 9.1 59.2 45.8 26.3 15.5 53.6 7.9 59.2 71.2 51.4 15.6 96.7 NA 95.4 100 90.8 50.6 12.7
20140111 97 92.1 92.3 82.6 30.7 8.4 63.6 37.2 8.6 2.3 48.1 10.1 65.1 76.3 34.4 14 98.4 NA 97.7 100 86.1 53 15.2
20140112 97.3 79.2 85.8 42 10.4 4.1 22.7 26.1 5.8 1.9 47.7 0.4 36.9 48.6 32.9 12.9 97 NA 67.4 100 76.1 35 0.6
20140113 91.7 60.7 71.4 36.1 11 4.6 8.3 6.1 1.4 0.8 37.1 0.8 25.6 19.5 22.5 4.7 95.8 NA 53.8 100 42.7 33.4 1.3
20140114 95.7 63.7 74.2 38 12.2 6.1 6.2 5.2 1.7 1.4 39.3 0.8 25.2 29.6 27.1 5.1 98.7 NA 67.9 100 42.2 33.7 1
20140115 95.4 66.5 67.7 29.3 12.3 6.9 6.9 4.8 1.6 3.7 56.1 1.4 25.2 44.6 40.1 6.2 98.7 NA 65.5 99.9 89.5 34.7 0.7
20140116 95.2 66.6 68.1 35.3 12.8 7.4 7 3.7 1.7 2.1 48.5 1.9 29.7 46.9 41.8 6.4 98.7 NA 65.6 100 87.7 35.3 0.6
20140117 92 73.3 62.7 30.4 14.8 8.2 11.6 4 2.6 2.7 47.3 1.3 26.5 24.1 41 10.9 97.1 NA 75.9 100 81.6 37 1.3
20140118 95.2 73.3 62.7 30.4 20.5 8.3 21.1 30.9 7.7 9.1 56.5 1.3 26.5 23.9 38.3 17.9 97.1 NA 88 100 91.5 36.9 1.3
20140119 95.2 90.1 89.4 70.7 19.6 7.9 29.7 30.9 7.7 9.1 56.5 0.9 28.5 23.9 38.3 17.9 97.1 NA 88.4 100 91.5 40 1.5
20140120 97.4 90.1 89.4 70.7 25.1 7.3 42.2 26.5 5.5 9.8 49.7 0.9 28.5 22.2 44.3 14.5 97.1 NA 94 100 93.6 40 1.7
20140121 98.2 95.6 94.4 93.8 73.4 41.2 64.1 26.8 19.6 17.9 79.4 11.6 65.3 72.9 70.7 30.4 99.1 NA 97.6 100 96.7 78.7 15.4
20140122 98 95.7 94.9 95.6 67.9 52.6 65.5 31.9 26.7 24.6 86.2 8.3 83.3 72.4 76 36.4 99.8 NA 97.7 100 96.7 84.9 24.3
20140123 99.9 94.9 94.8 95.6 58.4 61 72.1 31.9 17.5 27.4 87.5 24.6 89.8 51.7 74.9 39.6 99.8 NA 97.7 100 96.7 93.5 33.8
20140124 99.8 94.1 90.2 90.5 60.1 50.4 70.2 33.1 16.2 26 79.5 19 87.2 34.6 75.5 42.9 99.6 NA 93.4 100 92.8 88.6 25.8
20140125 95 88.2 89 87.4 36 9.1 58.6 33.3 4.2 9.2 54.1 12.6 75.3 21.4 59.9 22.1 99.6 NA 95.3 100 89.5 64.6 9.5
20140126 95.3 95.4 89.8 91.2 60.9 26.5 73 35.1 12.7 15.8 51.9 7.8 70.4 59.5 71.6 26.1 99.6 NA 95.2 100 93.3 69.6 14.8
20140127 97.5 94.3 89.9 91.5 68.8 20.8 74.7 40.3 17.6 16.9 58.2 5 69.8 46.4 73.5 32.5 99.6 NA 95.6 100 92 67.8 11.5
20140128 98.9 98.5 95.2 95.8 67.8 28.8 88.2 50.1 33 28.8 83.9 13.6 75.6 58.3 93.1 47.8 99.8 NA 97.9 100 97.1 71.9 15
20140129 98.9 97.2 95 95.1 60.9 29.1 88.7 50.3 29.6 20.6 85.8 16.1 76.3 56.6 90.5 58.5 99.8 NA 96.9 100 97 70.1 12.5
20140130 98.8 97.4 95.2 95.6 69 27.7 89.1 50.9 30.5 21.4 80.4 15.1 77.9 50.2 93.2 63.3 99.8 NA 95.5 100 95.6 74.7 15.9
20140131 97.1 92.7 90.4 91.2 66.1 28.6 84.6 39.3 20.9 18.4 82.4 8 70.9 70.6 86.7 51.2 99.6 NA 95.5 100 94.3 57.2 10.1
20140201 96.4 92.7 90.4 91.2 48.1 25.1 88.4 33.5 18.4 17.5 87.9 8 70.9 74.2 90.9 65.5 99.6 NA 97.7 100 97.2 61.8 10.1
20140202 98.9 85.9 92.5 95.6 50.5 24.9 89.4 47.6 22.7 19.7 89 0.2 62.9 95.2 95.7 66.3 100 NA 97.6 100 98 68.9 1.9
20140203 100 97 86.4 91 77.2 38.4 86 47.1 39.4 51.3 93.8 3.1 79.1 70.2 89.1 81.3 99.6 NA 95.6 100 97.5 82.5 7.1
20140204 99.8 95 91.3 95.6 93.5 47 89.2 57.1 44.5 41.6 96.9 1.6 83.7 71.4 93.2 93.3 99.8 NA 93.3 100 99.3 91.5 21.5
20140205 99.8 98.4 92.8 93.2 82 62.1 92.6 45.1 31.2 45.2 97.5 5.1 76.7 77.6 93.6 93 99.2 NA 93.5 100 100 91.7 24.1
20140206 99.9 98.4 92.8 95.6 91.9 67.9 91.3 52 37.1 45.2 97.6 18.9 88.7 84.6 94.3 94 99.1 NA 96.4 100 100 93.9 28.4
20140207 99.9 96.8 90.7 91.3 87.6 75.6 86.3 64.5 57.7 50.1 96.1 32.8 94 57.8 86.3 90.7 97.9 NA 91.8 100 100 91.2 35
20140208 99.9 96.8 90.8 91.1 84.3 75.6 82.8 64.5 56.2 43 96.1 32.8 94 57.8 86.3 90.6 97.9 NA 87.7 100 100 91.6 35
20140209 99.9 96.8 90.8 91.1 89.6 85.6 90.1 64.5 59.2 42.8 96.1 12.4 69.3 80.5 88.3 90.6 97.9 NA 95.9 100 100 90.8 6.3
20140210 99.6 97.1 90.7 91.1 87 87.4 90.2 69.5 56.6 52.9 96.1 9.6 84.3 76.6 89.1 90.4 99.6 NA 95.8 100 100 93.2 24.8
20140211 99.8 98.6 95.3 95.6 92.4 91.5 95.2 76.4 71.9 78.5 98 10.6 95.4 93.8 95.3 95.4 99.6 NA 97.8 100 100 97 19.3
20140212 99.9 98.6 95.3 95.3 94.7 94.6 94.6 79 77.4 79.7 98.1 22.3 94.8 86.8 95.1 95.3 99.8 NA 97.3 100 100 97 33.7
20140213 99.8 97.1 90.5 91 90.9 86.5 84.4 75.9 75.6 80.7 96.3 15.9 92.5 90 91 90.7 99 NA 82.2 100 100 94.1 31.3
20140214 99 97.1 90.5 91.1 90.9 90.6 89.6 72.5 56.1 48.5 97.2 11.6 92.8 76.3 88.8 86.8 98.8 NA 93.7 100 100 94.1 27.8
20140215 99.8 97.1 90.6 90.3 87.4 91.1 90.8 62.5 50 66.8 97 2.6 90.7 90 91.1 90.7 98.9 NA 95.9 100 100 93.1 11.4
20140216 99.8 97.1 90.6 86.8 91.1 91.3 90.8 74.1 54.8 64 98.6 2.6 70.5 90.1 91.2 90.7 98.9 NA 95.9 100 100 94.1 7
20140217 99.8 97.1 93.3 100 91.1 91.1 90.8 56 53.1 62.4 99.3 3.2 90.8 90.1 90.8 90.7 98.9 NA 95.9 100 100 95.6 20.8
20140218 99.9 90.9 94.5 95.7 95.5 88.2 94 71.5 53.6 72.5 99.1 10.5 91.8 95 95.5 94.7 99.2 NA 97.9 100 100 97.1 21.2
20140219 100 85 94.1 95.4 96.2 96.8 93 58.2 40.1 55.4 99.4 2.9 75.3 89.5 94.6 89.3 99.4 NA 91.2 100 100 94.6 9.7
20140220 100 98.6 95.3 95.6 96.1 88.8 91.1 57 38.3 54.4 99.5 0.3 74.7 93.9 93 88.1 99.3 NA 87.5 100 100 94.9 5
20140221 100 79.9 86.6 91.4 92.1 80.4 83.9 29.6 15.7 33.2 94.2 0.4 70.9 90.9 87 76.7 98.3 NA 82.2 100 100 89 1.7
20140222 100 72.2 83.7 91.4 80.3 76.1 68.7 28 11.3 32.7 95.4 0.5 68.5 91 91.3 78.5 95.7 NA 72.9 100 100 79.2 1
20140223 98.8 75.6 81.7 91.4 79.5 84.6 49.6 20.2 5.9 19.3 94.1 0.4 58.7 51.5 85.1 75.9 98 NA 76.5 100 100 84.3 0.5
20140224 99.8 69.2 76.6 91.4 87.5 82.7 81.1 48.5 11.6 27.1 95.3 0.4 59.3 90.6 85.9 90.5 94.7 NA 92.9 100 100 82.2 0.6
20140225 99.5 88.3 94.2 95.6 92.9 86.4 90.6 54.4 21.1 48.8 99.3 0.5 60.2 92.3 89.1 93.6 95.6 NA 93.8 100 100 95.3 0.9
20140226 99.7 97 94.8 95.5 94.3 91.5 92.4 54.2 23.7 48 99.3 1.2 71.3 95.3 95.6 95.2 99.1 NA 97.6 100 100 96.4 5
20140227 99.7 97.8 95.1 95.8 94.7 93.1 93.7 71.2 56.1 68.1 99.6 5 80.8 95.3 95.6 95.4 99.6 NA 97.7 100 100 97.1 8.6
20140228 99.7 96.5 90.5 91.6 91.3 90.9 90.6 82.7 81.7 83.1 99.3 8.1 86.5 90.6 91.3 90.8 99.6 NA 95.5 100 100 95.5 11.4
20140301 99.7 95.8 89.9 91.6 95.4 95.2 94.4 82.1 64.3 76.3 99.7 20.8 94.1 90.6 91.3 90.8 99.6 NA 97.7 100 100 97.7 31.2
20140302 99.8 97.4 94.6 95.8 95.4 95.2 90.7 87.4 89.7 88.6 99.7 20.8 94.7 94.6 95.6 95.4 99.8 NA 94.8 100 100 97.7 36.7
20140303 99.6 95.8 90.2 91.6 90.7 90.4 89.8 77.9 81.2 89.3 99.4 4.5 94.6 88.2 90.9 90.7 99.6 NA 95.5 100 100 95.5 26.4
20140304 100 98.4 95.2 96 95 95.3 95.2 82.4 94.6 95.3 99.7 16 96.2 93.5 95.5 95.3 99.7 NA 97.8 100 100 97.4 33.6
20140305 100 98.4 95 95.9 95.1 95.9 95.4 86.5 92.2 95.1 100 30.9 97.8 93 95.6 96.2 99.8 NA 98 100 100 97.8 40
20140306 100 98.4 95 100 95.2 95.5 95.4 85.7 90.7 94.5 100 24.9 97.9 95.3 95.5 95 99.6 NA 98 100 100 98.2 57.4
20140307 100 98.3 93.1 100 93.5 92.6 94.5 78.6 89.1 94.7 100 21.3 88.9 95.3 93.2 91.5 98 NA 95.6 100 100 97.4 55.3
20140308 100 98.3 93.6 100 93.5 92.6 94.5 87.9 91.3 95.6 100 20.4 93.6 95.3 93.2 90.9 98 NA 95.6 100 100 97.4 49.7
20140309 99.9 98.3 93.6 100 88.7 92.4 95.4 87.9 91.3 92.9 100 20.4 93.6 88 94.2 95.4 98 NA 98 100 100 95.6 49.7
20140310 99.7 82.3 86.2 100 95.7 95.8 87.7 58.3 73.6 83 100 0.8 97.9 71.4 93.3 92.5 97.5 NA 73.7 100 100 92 29.3
20140311 99.4 80.3 92.3 100 90.2 95.8 85.4 61.8 76.6 84.5 99.6 0.8 98 68.3 92.3 91.5 97.7 NA 62.8 100 100 91 19.8
20140312 99.4 83.4 91.2 99.9 71.1 95.8 92.5 71.5 74.1 76.7 97.7 0.7 97.9 77.4 94.2 94.5 97.2 NA 97.9 100 100 91.4 19
20140313 99.6 94 91.7 92.5 93.4 93.5 95.2 68.2 61.6 82 97.4 2.2 93.2 87.5 94.5 95.5 97.2 NA 94.7 100 100 94.8 20.5
20140314 99.8 78.9 89.9 95.8 84.9 94.7 84.8 41.2 30.5 67.3 99.5 4.6 93.4 83.7 95.4 89 97.1 NA 82.9 100 100 96.6 19.2
20140315 99.3 70.3 86.1 88.7 76.4 90.8 73.4 36.4 29 63 98.7 1.5 78.8 83.7 90.8 91 97.1 NA 69.9 100 100 93.1 8.8
20140316 99.8 76.7 81.3 88.5 91.2 90.7 82.1 26.2 23.4 69.1 99 0.6 72.9 90.5 91.3 91 97.1 NA 70.4 100 100 94.4 1.1
20140317 99.9 88.7 91.8 97.2 95.6 95.3 91.8 44.8 44.1 84.9 99.6 0.3 92.5 90.8 95.2 95.5 96.8 NA 83.5 100 100 97.2 4.5
20140318 99.9 96.4 92.6 89 93.6 92.1 92.6 36.3 35.5 71 99.5 1 89.4 93.4 95.5 94.6 97.7 NA 91.8 100 100 97.3 29.9
20140319 99.9 80.8 89.3 92.8 93.6 92.1 85.9 34.6 35 70.9 99.5 1 89.1 93.4 95.5 95.4 97.7 NA 69.6 100 100 94.3 30.7
20140320 97.7 80.8 89.3 92.8 91.3 91.7 82.8 27.5 33.1 72.5 96.1 1 88.3 74.3 91.2 90.8 97.7 NA 68.5 100 100 94.3 12.8
20140321 99.4 77.8 84.7 92.8 71.1 95.1 78.6 25.6 24.6 68.6 96.4 0.5 88.6 73.2 93 90.3 96 NA 66.5 100 100 88.6 13.4
20140322 98.2 77 86.2 90.9 66.6 93.7 73.3 25.4 23.6 67.3 95.8 0.3 74.7 74 91.7 91 93.5 NA 59 100 100 89.4 3.3
20140323 98.3 74.6 87 91.3 66.9 94.7 76 22.7 18.9 63.5 95.9 0.1 72.7 57.5 86.8 90.8 93.2 NA 58.7 100 100 89.7 1.2
20140324 99.7 91.3 80.8 90.5 71.7 84.9 85.9 50.2 35.5 78.1 98.9 0.6 77.1 65.7 93.9 94.8 91.4 NA 77.5 100 100 88.3 1
20140325 99.2 91.9 84.4 89 75.9 92.1 82.3 27.1 21.3 59.7 97.6 0.9 80.8 64 89.1 93.3 91.4 NA 57.8 100 100 92.7 3.5
20140326 99.4 80.3 71.8 89.6 85.6 90.6 91 17.4 9.6 63.2 98.6 0.3 74.5 82.5 94.2 95.4 92.6 NA 63.8 100 100 95.3 0.3
20140327 99.6 76.7 72.2 89.6 81.2 88.1 90.8 17.1 8.9 64.9 99.3 0.3 74.5 89.6 93.1 93.5 92.6 NA 62.2 100 100 95.2 0.3
20140328 99.8 55.2 74.2 90.2 82.3 93.3 79.4 13.7 8.6 58.2 99.6 0.3 76.1 79.3 91 92.7 90.7 NA 60.3 100 100 90.6 0.3
20140329 97.8 52.8 71.8 95.9 86.4 95.5 81.2 8.4 6.2 39.8 99.6 0.1 74.4 76.6 90.2 92.7 98.7 NA 73.4 100 100 92.1 0.4
20140330 99.3 43.3 67 78.4 91 94.1 87.3 12.6 9.1 63.5 99.2 0.5 63.9 90.9 88.6 91.1 88.2 NA 95.3 100 100 94 2.5
20140331 98.5 42.1 58.6 80.3 73.4 78.7 71.8 13.1 7.8 49.8 97.5 0.5 42.8 91.2 90.5 90.6 86.4 NA 53.8 100 100 88.7 9.8
20140401 98.1 40.9 67.3 90.3 78.6 76.7 75.2 12.2 9.2 51.4 97.5 0.3 60.2 91 90.3 90.5 84.8 NA 54.6 100 100 92.5 9.9
20140402 99 39.2 64.2 87.7 52.8 95 64.8 5.2 3 34.6 99.4 0.2 63.8 54.9 79.5 91.3 83.1 NA 56 100 100 94.3 7.1
20140403 97.2 33.1 67.1 88.2 43.2 90.2 84.1 7.9 9.2 39 99.4 0.3 66.7 65 84.7 92 83.2 NA 72.8 100 100 90 5.6
20140404 96.7 0.5 59.4 72.2 32.3 75.9 65.3 9.3 9.6 32.4 88.8 0 69.7 54.1 81.9 89.8 58.2 NA 48.1 100 100 85.6 5.3
20140405 96.7 0.5 59.4 72.2 32.3 75.9 65.3 9.3 9.6 32.4 88.8 0 61.7 54.1 81.9 89.8 58.2 NA 48.1 100 100 85.6 9.2
20140406 94.7 0.5 57.5 84.7 30.9 81.4 42.7 5.1 2.3 31.9 89.5 0 55.7 68.1 72.6 78.5 41.4 NA 48.5 100 100 83.7 5
20140407 94.4 0 48 73.8 15.6 75.3 36 5 2.6 25.2 93.9 0 43.8 63 79 84.1 42.5 NA 53 100 100 78.8 0.2
20140408 95.8 0 54.8 81.2 12.4 75 37 12.9 2.2 27.4 95 0 61.7 65.4 78.1 87 26.8 NA 48.6 100 100 81.5 1.4
20140409 97.8 0 47.6 73.3 12.6 63.5 30.1 7.2 0.6 26.6 93.2 0 47.4 69.4 80.9 87.4 17.7 NA 47.5 100 100 83.5 0.1
20140410 96.9 0 37.4 72.8 9.6 50.9 17.4 5 0.5 15.9 94.5 0 34.9 58.1 76.6 86.1 3.3 NA 45 100 100 71.2 0.1
20140411 95.3 0 33.4 68.3 10.2 51.8 15.2 3.3 0.2 17.1 96.6 0 33.8 58 81.2 87.8 1.8 NA 45 100 100 77.5 0
20140412 95.9 5 27.7 71.2 11.7 51 16.2 3.1 0.8 15.1 96.6 0 29.4 48.4 74.2 90.3 6.3 NA 43.7 100 100 72.9 0
20140413 96 5 23.7 68.9 12.2 54.4 15.8 2.8 1.5 18 94.9 0 26.9 45.7 74.6 84.6 5 NA 43.9 100 99.9 89.9 0
20140414 94 0 17.6 66.7 9.8 58.5 11 1.7 0.9 17 76.6 0 23.3 25.4 54.3 81.6 0 NA 22.8 100 99.9 76.4 0
20140415 92.4 0 17.9 64.6 10.4 58.3 11 0.6 0 19 78.2 0 17.7 25.2 50.1 77.1 0 NA 22.7 99.1 99.7 73.3 0
20140416 92.3 0 9.8 45.5 5.1 38.7 3.8 0.8 0 18.5 80.1 0 11.7 31.1 51.9 78.9 0 NA 5.1 99.1 99.8 72.6 0
20140417 79.8 0 9.8 53.2 4.8 46.5 4.5 0.9 0 19.8 79.3 0 12.5 30.1 57.3 82.8 0 NA 2.9 99.1 100 77.9 0
20140418 83.8 0 11.3 56.2 4.7 49.4 5 0.9 0 22.6 76.5 0 15.8 33.9 57.2 80.3 0 NA 1.8 99.4 100 77.4 0
20140419 83.4 0 7.9 44.1 4.5 42.2 4.6 0.5 0 15.7 69.4 0 15.6 27.1 55.1 77.1 0 NA 0.6 98.9 100 74.3 0
20140420 79.2 0 5.2 42.1 4.8 40.7 4.8 0.3 0 15.8 73.8 0 4.8 25.7 53.4 77.3 0 NA 0 99.1 100 69.9 0
20140421 81.6 0 9.4 54.9 4.6 43.2 7.4 0.4 0 16.8 78.5 0 7.8 35.4 69.7 77.3 0 NA 0 98.8 95.2 75.5 0
20140422 77.1 0 4.7 43 3.1 39.3 3.7 0.2 0 11.5 70.3 0 4.4 22.4 52.3 71.5 0 NA 0 98.9 91.9 71.6 0
20140423 64.1 0 2.1 36.2 4.3 27.1 0.8 0.1 0 12.6 61.3 0 4.4 23.1 59.7 81 0 NA 0 98.6 98.7 62.4 0
20140424 72.2 0 1.8 24.7 5.5 25 0.7 0 0 15.9 70.8 0 1.3 18.2 57.9 83 0 NA 0 98.6 98.8 63.7 0
20140425 65.1 0 1.5 19.2 5 30.6 1.8 0 0 16.1 73.9 0 0.2 20.6 61.7 80.7 0 NA 0 98.5 96.6 65.7 0
20140426 67 0 1.7 16.6 3.5 37.4 1.3 0 0 15 71.1 0 0.1 21.5 51.8 72.6 0 NA 0 96.6 88.6 70.8 0
20140427 53.9 0 1.4 14.6 3 38.3 0.7 0 0 15.7 59.8 0 0 17.1 54.9 74.4 0 NA 0 96.2 95.3 63.1 0
20140428 34.9 0 0.5 13.4 1.1 36.8 0.8 0 0 12.1 36.4 0 0 17.4 43.4 62.3 0 NA 0 98.1 84.8 52.1 0
20140429 34.4 0 0.7 14.3 0.8 43.5 1.3 0 0 12 41.3 0 0 27.9 43.6 66.7 0 NA 0 97.2 86.9 56.7 0
20140430 34.4 0 0.1 10.3 0.9 46.7 3.5 0 0 14.8 22.5 0 0 6.5 27.9 57.3 0 NA 0 95.9 80.3 52.4 0
20140501 16.3 0 0 0 0.9 29.7 0 0 0 12.3 12.1 0 0.2 6.1 26.1 58.4 0 NA 0 87.8 78.9 40.2 0
20140502 20.7 0 0 2 0.7 31.8 0 0 0 12.8 16.9 0 0 7 28.5 57.6 0 NA 0 87.8 82.7 34.2 0
20140503 20 0 0 1.9 0.7 32.2 0 0 0 13 16.2 0 0 7.4 30.1 57.7 0 NA 0 87.6 81.7 34.8 0
20140504 18.1 0 0 1.9 0.8 32.2 0 0 0 11.7 17 0 0 6.4 22.4 53.4 0 NA 0 87.8 61.6 34.8 0
20140505 6.3 0 0 1.2 0.5 13.7 0 0 0 3 19 0 0 6.3 17.6 51.9 0 NA 0 49.5 84.9 26.6 0
20140506 3.3 0 0 0.4 0.5 13.5 0 0 0 2 19.7 0 0 6.1 17.3 52.1 0 NA 0 47.9 84.5 29.2 0
20140507 4.1 0 0 0.4 0.7 16.6 0 0 0 5.8 19 0 0 5 15.3 55.5 0 NA 0 44.2 83.4 22.2 0
20140508 0.7 0 0 0.4 0 17.4 0 0 0 4.2 3.8 0 0 5.1 14.6 51.7 0 NA 0 35.8 57.4 16.8 0
20140509 0.7 0 0 0.4 0 16.4 0 0 0 2 4.1 0 0 5.3 13.9 47.6 0 NA 0 32.5 58 11.1 0
20140510 0.2 0 0 0.2 0 8.9 0 0 0 1 6.4 0 0 7.4 12.7 44.6 0 NA 0 33 74.1 10.4 0
20140511 0 0 0 0 0 4.4 0 0 0 0.1 1.5 0 0 10.6 10.3 34.5 0 NA 0 28.9 57.2 7.2 0
20140512 0 0 0 0 0 0.8 0 0 0 0 0 0 0 7.6 8.8 32.3 0 NA 0 0 72.8 0 0
20140513 0 0 0 0 0 0.9 0 0 0 0 0 0 0 8.2 9.3 34.4 0 NA 0 0 73.5 0 0
20140514 0 0 0 0 0 0 0 0 0 0 0 0 0 5.5 4.5 23.5 0 NA 0 0 13.6 0 0
20140515 0 0 0 0 0 0 0 0 0 0 0 0 0 6.4 4.8 25 0 NA 0 0 10.8 0 0
20140516 0 0 0 0 0 0 0 0 0 0 0 0 0 5.9 4.9 22.7 0 NA 0 0 4.2 0 0
20140517 0 0 0 0 0 0 0 0 0 0 0 0 0 5.6 4.8 14.1 0 NA 0 0 3 0 0
20140518 0 0 0 0 0 0 0 0 0 0 0 0 0 6.8 3.8 10.7 0 NA 0 0 0.6 0 0
20140519 0 0 0 0 0 0 0 0 0 0 0 0 0 7.1 2.9 10.2 0 NA 0 0 0 0 0
20140520 0 0 0 0 0 0 0 0 0 0 0 0 0 6.9 2.9 10.6 0 NA 0 0 0 0 0
20140521 0 0 0 0 0 0 0 0 0 0 0 0 0 3.2 2.8 6.5 0 NA 0 0 0 0 0
20140522 0 0 0 0 0 0 0 0 0 0 0 0 0 2.9 2 5.3 0 NA 0 0 0 0 0
20140523 0 0 0 0 0 0 0 0 0 0 0 0 0 3.2 1.9 4.1 0 NA 0 0 0 0 0
20140524 0 0 0 0 0 0 0 0 0 0 0 0 0 3 2.1 6.6 0 NA 0 0 0 0 0
20140525 0 0 0 0 0 0 0 0 0 0 0 0 0 3.1 2.7 6.9 0 NA 0 0 0 0 0
20140526 0 0 0 0 0 0 0 0 0 0 0 0 0 1.9 2.9 6.7 0 NA 0 0 0 0 0
20140527 0 0 0 0 0 0 0 0 0 0 0 0 0 3.8 1.7 4.2 0 NA 0 0 0 0 0
20140528 0 0 0 0 0 0 0 0 0 0 0 0 0 0.5 1.5 6 0 NA 0 0 0 0 0
20140529 0 0 0 0 0 0 0 0 0 0 0 0 0 0.1 1.3 3.5 0 NA 0 0 0 0 0
20140530 0 0 0 0 0 0 0 0 0 0 0 0 0 0 0.5 2.1 0 NA 0 0 0 0 0
20140531 0 0 0 0 0 0 0 0 0 0 0 0 0 0 0.8 3.3 0 NA 0 0 0 0 0
20140601 0 0 0 0 0 0 0 0 0 0 0 0 0 0 0.1 2.9 0 NA 0 0 0 0 0
20140602 0 0 0 0 0 0 0 0 0 0 0 0 0 0 0 2.7 0 NA 0 0 0 0 0
20140603 0 0 0 0 0 0 0 0 0 0 0 0 0 0 0 2.9 0 NA 0 0 0 0 0
20140604 0 0 0 0 0 0 0 0 0 0 0 0 0 0 0 1.2 0 NA 0 0 0 0 0
20140605 0 0 0 0 0 0 0 0 0 0 0 0 0 0 0 0 0 NA 0 0 0 0 0
20141114 0 0 0 0 0 0 0 0 0 0 0 0 0 0 0 0 0 NA 0 0 0 0 0
20141115 0 0 0 0 0 0 0 0 0 0 0 0 0 0 0.6 0 0 NA 0 0 0 0 0
20141116 0 0 0 0 0 0 0 0 0 0 0 0 0 0 0.5 0 0 NA 0.3 0 0 0.9 0
20141117 0 0 0 0 0 0 0 0 0 0 0 0 0 0 0.5 0 0 NA 0.3 0 0 0.9 0
20141118 5.4 0 0 0 0 0 0 0 0 0 0 0 0 0 1.1 0 0 NA 1.2 0 0 1.4 0
20141119 11.3 0 0 0 0.4 0 0.2 0 0 0 1 0 0 0.9 2 0.2 0 NA 7.9 9 2.7 2.2 0
20141120 12.4 0 0 0 0.4 0 0.2 0 0 0 1 0 0 1 1.9 0.2 0 NA 12.6 12.4 3.2 1.9 0
20141121 12.8 0 0 0 0 0 0.2 0 0 0 0 0 0 0.3 1.4 0 0 NA 26.3 9.1 1.4 0.7 0
20141122 14 0 0 0 0 0 0 0 0 0 0 0 0 0 1.1 0 0 NA 14.2 5.2 0.3 0 0
20141123 6.9 1.3 0 0.4 0 0 0 0 0 0 0 0 0 0 1 0 13.4 NA 15.7 7.9 0.1 0.4 0
20141124 10.1 0.5 0 0 0 0 0.1 0 0 0 0 0 0.5 0 0.7 0 9.4 NA 17 7.8 0.1 0.2 0
20141125 6.5 0 0 0 0 0 0 0 0 0 0 0 0.3 0 0.8 0 3.5 NA 9.5 6.5 0.4 0.2 0
20141126 7.5 0 0 0 0 0 0 0 0 0 0 0 0.2 0 1.2 0 3.5 NA 9.5 2.9 0.2 0.2 0
20141127 3.3 0 0 0 0 0 0 0 0 0 0 0 0.8 0 1.9 0 4 NA 9.4 5.9 0.5 0 0
20141128 6.5 0 0 0 0.1 0 0 0 0 0 0 0 0.8 0 2.3 0 4.7 NA 16.8 8.9 0.8 0 0
20141129 7.8 0 0 0 0.1 0 0 0 0 0 0 0 0.8 0 2.4 0 3 NA 22.1 9.1 3.1 0 0
20141130 12.1 0 0 0 0 0 0 0 0 0 0 0 0 0 2.4 0 1.1 NA 3.6 7.6 0.7 0 0
20141201 12.2 0 0 0 0 0 0 0 0 0 0 0 0 0 2.6 0 0.4 NA 4.7 7.8 0.2 0 0
20141202 27.8 0 0 0 0 0 0 0 0.1 0.4 0 0 0 0.9 3.2 0.1 0.3 NA 4.6 7.8 1 0 0
20141203 21.9 0 0 0 0.1 0 0 0 0 0 2.1 0 0 0.4 2.6 0.1 0.1 NA 10.7 16 5.7 0.1 0
20141204 15.7 0 0 0 0.1 0 0 0 0 0 1.4 0 0.1 0.7 3 0.1 0.1 NA 4.2 31.6 4.9 1.1 0
20141205 16.5 0 0 0 0.1 0 0 0 0 0 1.8 0 0.1 0.9 3.2 0.1 0.1 NA 5 29.5 5 1.1 0
20141206 29.8 0 0 0 0.6 0 0.2 0 0 1.1 6.5 0 0.2 1.4 3.1 0.2 0 NA 14 31.8 5.9 0.9 0
20141207 23.4 0 0 0 0.1 0 0 0 0 0.1 4.2 0 0.2 2.4 3.1 0.1 0 NA 12.1 31.6 2.3 1.6 0
20141208 25.1 0 0 0 0.3 0 0.1 0 0 0.4 1.8 0 2.9 0 2.9 0.2 0 NA 22.4 34.2 2.8 1.6 0.1
20141209 26.1 0 0 0 0.5 0 0.1 0 0 0.5 2.2 0 2.9 0 2.6 0.1 0.1 NA 22.6 34.4 2.7 1.7 0.1
20141210 28.9 0 0 0 0.1 0 0 0 0 0.4 4.6 0 2.9 0 3.7 0.1 0.1 NA 16.8 31.1 1.5 2.2 0.1
20141211 22.1 0 0 0 0.2 0 0.7 0 0.1 0.2 2.6 0 2.5 0 3.3 0.1 0.2 NA 28.7 49.9 2.6 2.2 0.1
20141212 22.2 0 0 0 0.2 0 0.7 0 0.1 0.2 2.4 0 2.5 0 3.3 0.1 0.2 NA 29 47.3 2.6 2.3 0.1
20141213 17.7 0 0 0 0 0 0 0 0 0 0 0 2.5 0 2.4 0.1 0 NA 24.1 38.1 4.8 1.9 0.1
20141214 16.4 0 0 0 0 0.2 0 0 0 0 0 0 1 0 2.4 0.1 0 NA 22.2 40.4 5 1.5 0.1
20141215 18.3 0 0 0 0 0.1 0 0 0 0 0 0 0.6 0 2.3 0.1 0 NA 22.8 31.8 2.7 2 0.1
20141216 16.2 0 0 0 0 0.1 0 0 0 0 0 0 0.6 0 2.2 0.1 0 NA 22.5 32.5 2.8 2 0.1
20141217 16.7 0 0 0 0.1 0.3 0 0 0 0 2 0 1 0 2.3 0.1 0 NA 5 23.9 0.9 2.9 0.1
20141218 16.7 0 0 0 0.1 0.3 0 0 0 0 0 0 2.1 0 3.1 0.1 0 NA 4.9 21.3 1 3.1 0.1
20141219 16 0 0 0 0.2 0.7 0 0 0 0 0 0 2.4 0.4 5.3 0.1 0 NA 4.5 24.1 6.1 5.7 0.3
20141220 38.1 0.8 0 0 5.1 0.6 1.9 0 0 0.3 23.1 0 2.6 0.9 4.6 0.1 0 NA 54.3 73.4 10.5 13.4 0.7
20141221 40.8 1.6 0 0 5.8 0.8 1.9 0 0 0.3 20.9 0 3.8 1.4 4.9 0.1 0 NA 55.2 72.7 11.9 13.6 0.1
20141222 35.3 0 0 0 2.1 0 0.5 0 0 0.1 6.4 0 3.4 0.6 4.4 0.1 0 NA 30.2 74.6 14 11.3 0.1
20141223 14.8 0 0 0 1.2 0 0 0 0 0 1 0 2 0 2.9 0.1 0 NA 21.3 57.1 8 7.2 0.1
20141224 14.8 0 0 0 0.3 0 0 0 0 0 0.7 0 2 0 2.9 0.1 0 NA 15.8 32.1 1.4 3.2 0.1
20141225 13.5 0 0 0 0.4 0 0 0 0 0 0.6 0 0.6 0 3 0.1 0 NA 12.9 25.1 1.3 1.8 0
20141226 15.4 0 0 0 0.3 0 0 0 0 0 0.9 0 0.6 0 3.1 0.1 0 NA 13.9 27.8 1.5 1.9 0
20141227 17.1 0 0 0 0.2 0 0 0 0 0 1.7 0 0.3 0 2.7 0.1 0 NA 1.7 8.8 3.4 1.6 0
20141228 14.8 0 0 0 0.2 0 0 0 0 0.1 2.1 0 0.3 0 2.8 0.1 0 NA 2.5 11.4 4 1.9 0
20141229 25.6 0 0 0 0.4 0 0 0 0 0.2 5.6 0 0.6 0.9 4.7 0.1 0 NA 4.8 24.7 4.8 2.2 0
20141230 44.9 0 0 0 1 0 0 0 0 1.5 9.1 0 0.9 1.2 5.5 0.1 0 NA 8.9 31.7 11.8 4.3 0
20141231 66.9 1.7 0.3 0.7 1.8 0 1.3 0 0.6 3.4 18.3 0 2.3 4.9 8.7 0.3 12.7 NA 43.6 33.9 10.1 12.9 0
20150101 67.8 1.8 0.3 0.9 2.2 0 1.4 0 0.6 3.5 19.6 0 2.3 5.6 8.8 0.3 13.5 NA 44.2 36 11 13.3 0
20150102 78.2 7.9 0 0.5 5.6 0.2 5.6 0 0.5 3.9 22.4 0 5.2 3.8 6.9 0.4 17.3 NA 61.1 56.6 15.5 18.5 0
20150103 82.5 14.4 0 1.3 4.4 1.5 7 0 0.3 1.9 29.5 0 6 8.4 12.4 1.8 58.3 NA 61.8 88.3 15.5 19.7 0.1
20150104 86.1 4.1 0 0.2 2.9 0.3 0.9 0 0.8 4.3 34.5 0 4.1 6.2 11.5 1.5 24.7 NA 54.2 91.6 12.5 25.5 0.1
20150105 94.3 5.4 0 15.5 3.3 0 8.2 5.9 1.7 4.8 42.6 0 4.1 9.5 13.6 1.7 35.4 NA 55.5 92.9 13.5 31.1 0.1
20150106 95.5 18.3 0 14.8 9.6 0 10.5 9.5 4.7 5.1 38.4 0 4.3 6.9 12.7 2.7 50.2 NA 56.6 93.9 21.6 28 0.1
20150107 95.4 74.6 5.7 5.6 10.3 3.5 12.4 11.4 6 5.2 41.8 0.7 4.9 7.1 14.2 3.8 84.1 NA 65.8 92.7 25.4 29.8 1
20150108 95.4 76.8 16.3 12.6 13.9 6.8 21.2 15.1 10.8 11.5 50.4 1.7 6.3 18.8 17.7 6.4 83.3 NA 74.3 96.1 29.3 31.8 2.4
20150109 92.8 82.3 21 20.4 11.8 2.1 17.3 13.1 1.4 4.3 49.9 2.5 6.6 2.4 10.8 2 79.6 NA 77 92.1 23.8 31.9 2.4
20150110 95.2 82.6 50.2 24.4 15 7.3 26 13.8 1.4 5.1 48.4 7.7 5.5 9.9 13.9 5.4 94.9 NA 71.4 93.2 80.3 31.1 3.2
20150111 95.3 82 54.3 35.2 17.7 8.4 30.6 18.1 1.4 6.2 47 8.8 21.7 7.4 18.1 6.8 94.9 NA 78.2 93 81.4 29.5 10
20150112 93.2 84.4 55.3 39 22 7.3 36.5 18.9 2.7 11.5 63.3 7.8 22.3 12.1 20.5 6.5 94.9 NA 84.3 98.1 87.3 37.6 9.8
20150113 94.9 92.9 83.1 66.3 23.4 16.3 22.1 15.2 7.4 10.6 78.9 7.6 39 25 21.4 8.9 94.9 NA 76.5 98.7 95 50.9 10.8
20150114 95 95 89.7 71.8 25.8 30.6 41.4 18 10.2 13.8 82.6 22.2 67.9 29 23.4 9.9 95 NA 87.9 98.7 95.5 54.7 16.9
20150115 95.1 95 89.6 69.5 25.2 28.2 39.6 19 10.7 13.8 83 18.8 68 26.2 24.4 10.2 99.9 NA 89.3 98.8 95.5 54.9 15.1
20150116 95.4 91.2 92.4 58.6 16.7 11.5 16.6 6.2 1.1 5.8 69.4 6.6 44.6 2.2 12.6 4.7 99.9 NA 65.6 100 95.5 46.9 5.1
20150117 95.2 95.7 92.8 71.3 9.3 21.7 29.8 10.9 3.3 5 67.7 9.7 49 3.7 13.7 10.9 99.7 NA 80.3 100 96.1 49.5 5.8
20150118 95.4 80.4 81.6 47.6 7.6 9.3 21.1 9.4 1.8 6.2 65.8 8.2 27.9 1.9 12.7 7.9 99.7 NA 76.6 100 96.1 42.3 0.8
20150119 93.9 80.4 85.2 49.8 11 12.1 19.1 4.7 2.3 10 75.1 0 27.5 6.1 15.4 10.5 99.7 NA 81.1 98.8 96.3 45.7 0.1
20150120 95.5 75.7 88.3 54.1 24.8 27.1 27 4.5 3.9 6.9 76.2 0 66.7 9.7 17.6 17 99.3 NA 80.2 98.8 95.3 64.2 7.3
20150121 95.5 78.1 85.1 70.6 32.3 31.2 25 4.5 3.8 11.1 68.6 10.5 77.3 9.6 17.9 18.7 99.2 NA 79.5 98.7 95.5 72 15.8
20150122 97.5 77.1 87.8 77.4 41 35 28.6 4.7 3.9 10.9 71.1 4.1 75.6 12.9 17.2 20.5 99.3 NA 84.5 100 96.3 74.5 14.3
20150123 97 75.5 89.5 73.9 16.9 19.5 29.3 0.4 0.5 2.5 63.8 1.2 77.4 5.6 13.1 10.9 99.6 NA 81.7 100 92.7 62.6 11.1
20150124 96.9 82 87 56.7 6.6 4.6 17.4 0 0.1 3.1 47.1 6.1 75.7 3.8 12.5 9.8 99.6 NA 66.9 100 95 41.7 8
20150125 93.9 75.6 79.4 54 19 15.7 20.4 0.7 1.9 8.9 70.2 9 54.2 8.4 14.6 15.2 99.6 NA 74.6 100 97.4 57.7 8.4
20150126 94.3 80 75.9 58.4 33 33.4 27.2 5.6 10.2 9.4 73.9 5.1 72.4 12.6 23.5 24.9 99.6 NA 74.7 100 97.4 67.8 13.9
20150127 95.8 94.9 93.8 94 28.3 42 39.4 8.6 8.9 4.8 84.2 7.9 59 14.1 24 27.3 99.6 NA 91.1 100 96.5 74.2 17.4
20150128 97.4 95.4 95 95.4 32.4 48.2 32.9 25.2 8.1 6 90.3 10.8 75 16.5 27.8 30.8 99.5 NA 83.4 100 96.5 84.5 22.4
20150129 97.7 96.2 94.6 95.6 19.7 25.2 26.9 10.6 3.4 4.9 81.4 13.4 80.7 9.4 23 31.6 99.2 NA 86.5 100 96.5 89.1 20.2
20150130 97.8 95.5 93.9 94.4 38.2 33 27.5 3.1 4.5 14.1 83 13 78.1 5.7 15.9 14.5 99.5 NA 95.1 100 96.5 89.9 16
20150131 97.7 95.6 92.8 91.5 41.7 32.2 44.9 6.2 5.1 18.9 84.1 12.2 84.6 10.6 19.5 18.8 99.5 NA 97.5 100 96.5 84.2 27.6
20150201 97.1 94.7 92.7 91.2 42.4 19.8 36.2 5 4.2 17 88 9.1 89.2 12.6 22.7 19.2 99.5 NA 97.5 100 96.5 78.5 33.8
20150202 97.8 95.5 94.3 95.5 52.3 38.6 30.2 13.2 8.6 29 90.3 12.2 94.7 45.1 48.1 38.8 99.5 NA 96.2 100 96.5 84.6 37.8
20150203 97.8 96 94.1 95.8 47.1 16.5 56.3 15.8 11.9 31.3 91.7 18.6 96.1 37.1 45.1 36.2 99.6 NA 97.9 100 96.1 91.9 36.1
20150204 97.8 96.2 94.2 95.8 47.7 17 53.9 19.6 17.5 24.3 95.5 22.6 64.6 32.6 45 38 99.6 NA 95.4 100 96.2 92 20.2
20150205 97.9 96.2 95.2 95.8 69.1 31.1 67 21.2 14.3 31.4 91.4 6.4 81.4 46.2 70.9 41.3 99.5 NA 97.8 100 96.3 89.6 25
20150206 88.2 82 93.1 94.9 46.1 9.1 70.5 24.7 8.5 11.7 76.8 10.4 73.4 24.4 52.8 30.3 99.5 NA 89 100 96.3 87.7 26.1
20150207 89.9 84.5 93.5 95.5 53.9 20.8 66.7 33.2 9.5 10 87.9 15.4 82.1 31.9 50.6 35.4 99.5 NA 78.6 100 99.1 79.4 20.9
20150208 92.7 81.6 92.6 95.8 45 27.7 60 32.7 5.5 6.1 87.2 9.3 76.2 31.7 47.5 35.3 99.5 NA 80.3 100 91 86.7 16.8
20150209 97.2 82.3 94.1 95.8 53.5 57.6 55.5 16.9 5.7 19.7 85.5 6.2 81.6 30.8 50.2 58.7 99.5 NA 97 100 99.1 96.8 17.4
20150210 97.8 96.1 95.3 95.8 65.9 51.3 70.2 25.9 7.9 28.4 89.9 20.4 82.6 33.1 51.8 58 99.6 NA 97.8 100 99.2 96.7 26.6
20150211 97.8 96.1 95.3 95.9 67.9 47.3 68.5 24.3 14.8 39.6 91.1 23.3 87.5 48.1 63.6 63.4 99.6 NA 98 100 99.3 96.7 52.2
20150212 97.8 93.9 93.3 94.5 70.5 52.5 62.8 18.8 8.8 49.3 89.8 25.6 89.4 43.1 65.2 46.8 99.1 NA 98 100 99.3 95.9 53.4
20150213 97.8 95.5 94.6 94.2 73.4 57.2 73.4 29.7 17.7 46.8 97 40.5 91.9 83.3 84.6 52.9 99.1 NA 97.8 100 99.4 96.8 56.7
20150214 97.8 95 95.2 95.8 77.3 52.8 72.4 28.8 17.6 45.9 93.7 17.5 84.6 67.6 79.5 54.5 99.1 NA 90.8 100 99.4 93.7 26.4
20150215 97.8 95.1 95.1 95.8 72.7 63.7 68.5 45 25.1 53.8 94 7.4 89.9 90.1 93.2 52.6 99.1 NA 96.6 100 99.4 96.6 31
20150216 97.7 96 95.2 96.2 83.9 78.4 77.3 50.3 21.8 48.6 96.4 47.4 94.3 94.1 94.1 74.4 99.5 NA 97.8 100 99.6 96.9 49.6
20150217 97.8 96.1 95.2 96.3 86.8 79 95 57.5 29.5 54 97.1 85.3 95.4 95.2 95.6 81.1 99.7 NA 97.9 100 99.4 97.7 73.6
20150218 97.9 96.6 98.3 98.7 90.4 81.3 95 63.8 37.4 62.4 97.2 92.4 97 95.2 95.8 86.7 100 NA 97.9 100 99.2 97.3 78
20150219 97.7 97.5 95.2 96.4 91.5 90.8 91.6 42.5 26.8 51.9 97.5 48.4 94.5 95.2 95.3 87.4 99.9 NA 98 100 99.3 97.3 47.4
20150220 97.7 97.3 95.2 96.4 95.3 92.2 94.6 59.3 36 68.4 97.7 35.3 94.3 95.2 95.7 91.5 99.9 NA 97.9 100 99.4 97.1 36.3
20150221 97.7 97.3 95.2 96.3 94.9 93.3 95.2 52.2 18.1 56.6 97.3 52.4 95.4 94.2 94.7 91.9 99.9 NA 97.9 100 99.4 97.1 53.8
20150222 97.7 97.3 95.2 96.3 94.3 95.2 94.7 51.7 24.4 58.5 96.5 59.6 96 93.6 95.1 94.8 99.9 NA 97.9 100 99.4 97.1 64.8
20150223 99.9 98.5 95.2 96.3 95.4 95.2 95.3 55.3 35.5 68.4 97.2 45.1 96 95.1 95.7 95.2 99.9 NA 97.9 100 99.4 97 53.2
20150224 99.9 98.6 95.2 96.4 93.4 95.3 93.8 53.2 33.9 71.4 97.4 51.1 96.6 78.5 93.6 94.5 99.9 NA 95.8 100 99.4 93.9 56
20150225 100 98.2 94.4 96.2 93.2 95.3 92.5 53.9 41.3 74.3 98.1 33.2 96.5 90.8 94.9 95 99.9 NA 94.6 100 99.4 94.9 54.9
20150226 98.3 98.6 95.2 96.4 94.7 95.1 95.5 47.1 30.4 65.4 99.7 21.5 98.9 95.2 95.8 95.1 100 NA 97.9 100 99.2 97 44.8
20150227 100 98.7 95.2 96.4 92.3 95.7 95.5 57.9 39.2 77.8 99.7 54 99 95.3 95.8 95.3 100 NA 98 100 99.2 97.3 54.9
20150228 100 98.7 95.2 96.5 95.5 95.7 95.6 68.6 56.3 73.6 99.7 73.2 99 95.3 95.8 95.3 100 NA 98 100 99.2 97.2 62.1
20150301 100 98.7 95.3 96.4 95.6 95.7 95.5 73.5 52.1 67.4 99.7 84.3 99 77.1 95.8 95.3 100 NA 98 100 99.2 97.3 69.7
20150302 99 98.7 95.2 96.4 77.5 95.7 90 52.3 23.3 37.9 99.7 52 97.8 59.8 87.3 95.1 100 NA 98 100 99.2 94.6 46.8
20150303 99.6 98.9 95.3 96.3 79.9 95.3 85.3 52.1 21.3 37.2 99.7 29.6 98.9 39.7 86.3 94.4 100 NA 88.1 100 99.2 95.2 57.3
20150304 99.2 98.9 95.3 96.4 86.8 95.3 88.9 68.4 17.8 36.4 99.7 42.4 98.9 83.2 88.8 94.3 100 NA 93.8 100 99.2 93.7 51.8
20150305 98.9 98.9 94.7 96.4 92.3 95.3 95.5 48.8 31 56.9 99.4 36.8 98.9 86.4 94.1 95.1 100 NA 98.1 100 99.6 97.1 47.1
20150306 99 98.7 95.4 96.8 95.6 96.7 95.5 56.4 37.9 60.7 99.4 53.6 99 83.3 92.2 94.8 100 NA 98.1 100 99.6 97.1 37.4
20150307 99 93 94.5 96.8 91.9 96.7 93.3 51.7 30.8 55.4 99.4 42.2 99 64.1 92.6 94.9 100 NA 92.8 100 99.6 97.1 39.4
20150308 98.8 86.6 93.4 96.6 86.9 96.6 89.4 44 20.2 46.5 99.4 27.9 98 43.7 92.4 95 100 NA 85.6 100 99.6 97 39.1
20150309 97 83 92.7 96.7 92.1 95.3 85.3 28.5 10.4 33.3 99.4 9.5 98 16.9 89.1 93.3 99.8 NA 77.1 100 99.6 92.9 36.7
20150310 93.2 83.1 92.6 96.6 74.7 95.3 72 24 6.3 25.5 99.3 9.9 97.7 12.1 79.2 92.1 96.8 NA 73.1 100 99.6 91.5 33
20150311 96.9 83.4 92.9 96.6 57.3 95.3 58 24.5 6.3 23.2 99.3 0.7 97.8 6 70.1 89.8 96.6 NA 58 100 99.6 91.4 28.2
20150312 97.2 87.5 95 96.6 53.6 95.3 62.3 32.4 7.7 27 99.3 1.6 97.8 6.5 72.2 90 96.6 NA 57.9 100 99.4 93.5 20.8
20150313 97.1 89.9 94.1 96.6 55.4 94.9 64 32.9 8.5 27.8 99.3 0.8 97.8 8.6 76.7 89.1 91 NA 60.9 100 100 93.9 20.4
20150314 97.1 85.2 93.6 96.6 50 95.2 55.6 26.4 6 21.9 99.3 0.8 96.6 5.8 70.8 87.9 91 NA 60.8 100 100 92.9 17.9
20150315 94.3 79.5 92 96.6 38.3 91.8 45.1 24.1 7.4 24.8 97.6 0.8 96.6 7 73.1 81.8 91 NA 57.6 100 100 86.4 16.2
20150316 92.3 74.9 91.9 96.6 32.2 92 44 20 5.7 22.1 97.1 0.8 96.6 6.8 72.6 80.3 91 NA 62.3 100 100 86.2 13.7
20150317 86.2 70.4 88 96.5 33.3 89.8 41.3 14.3 6.1 22.1 94.7 0.4 97.7 4.5 55.2 79.6 95.3 NA 56.9 100 100 87.3 12.6
20150318 86.7 71.3 85.6 96.5 22.2 85.4 36 12.7 3.4 23.9 94.1 0.4 93.9 4.3 49 79.8 94.4 NA 56.8 100 100 81.9 8.7
20150319 83.5 71.4 88.9 96.5 20.2 87 38.8 14.9 5.2 23.9 95.1 0.5 94.4 3.9 45.8 81.8 94.9 NA 55.9 100 100 81.1 8.8
20150320 86.6 64.7 90.1 96.4 21.9 90.8 39.7 15.8 5.3 22.6 95.6 0.5 92.5 4 48.7 81 85.4 NA 56.9 100 100 81.3 8.2
20150321 89.5 66.9 90 96.4 25.6 80 40.8 14.4 7.4 26.2 94.9 5.5 89.6 9.5 44.1 83.6 85.3 NA 60.9 100 100 82 13.8
20150322 80.8 64 83.3 96.4 15 69.3 34.8 18.7 7 27.3 94.1 5.5 84.1 9.6 46.7 79.6 85.7 NA 57.1 100 100 81.2 12.9
20150323 83.1 57.6 86.6 96.4 11.8 70 36.2 15.2 2.7 26.4 94.4 0.5 82 4.2 54.5 88 83 NA 49.5 99.6 100 87.6 8.7
20150324 80.9 73.5 90.3 95.7 65.5 88.8 63.9 22.9 2.7 27.6 94 1.8 92 10.2 59.6 85.9 83.5 NA 54.8 100 100 92.9 14.5
20150325 82.4 74 89.2 95.5 33.1 80.7 51.7 18.8 2.5 26.8 94 0.1 92.8 8.8 60.2 85.4 84.9 NA 53.8 100 100 88.5 11.2
20150326 79.2 70.7 85.3 91.7 13.3 65.6 40.3 8.3 0.9 19.3 96.1 0.1 90.9 6.4 56.1 79.3 82.5 NA 50.8 100 100 79.9 10.4
20150327 73.2 62.1 84 95.9 19 64.8 36.4 5.1 0 24.4 97 0.2 94.6 3.2 55.5 90.4 82.7 NA 47.9 100 100 81.4 7
20150328 77.7 41.7 69.7 94.9 14.5 71.7 38 5.5 0.6 21.4 90.1 0.1 85.3 7.1 59.2 93.5 73.5 NA 48.9 99.8 100 93.5 11.6
20150329 55.5 46.6 71.6 93.2 23.1 73.3 40.6 9.6 0 16.9 93 0.1 88 2.5 54.9 87 76 NA 61.3 99.9 100 91.4 8.9
20150330 56.8 30.1 69.1 89.8 9.3 54.2 25 2.2 0 8.1 90 0 90.6 0 47.5 85.6 48 NA 42.9 99.7 100 69.6 6.6
20150331 62.1 30.3 69 89.8 9.2 58.7 25 4.1 0 9.8 90.4 0 88.3 0 45.1 87.8 48 NA 38.4 99.7 100 76.3 2.3
20150401 62.6 20.7 69.4 90.5 8.8 62.8 28.8 2.4 0 14.5 93.6 0 82.8 0.7 54.8 89.1 59 NA 40 99.7 100 75.3 3.7
20150402 45.3 20.7 69.9 89.7 5.3 63.6 29.1 2.5 0 9.7 93.5 0 87.9 0.7 46.9 78 50.7 NA 38 99.1 99.9 76.7 3.8
20150403 44 15.3 63.7 87.5 6.2 54.9 23.3 1.9 0 7.8 86.5 0 85.9 0.4 38.5 77.7 30.3 NA 32.8 99.2 99.9 73.3 3
20150404 41.6 8.2 55.5 85.1 6 44 16 1.2 0 4.9 77.7 0 81.1 0 28.8 73.8 9.9 NA 25.6 98.6 100 68.9 1.9
20150405 29.8 5.9 50.1 81.6 2.7 43.4 16.8 1.1 0 7.4 82.4 0 71.5 0 32.5 74.8 8.9 NA 22.6 98.5 100 65.7 0.1
20150406 20.8 0 47.5 87.7 2 52.1 22.1 1 0 9 73.3 0 69.9 0 42.7 78 0 NA 5.6 98.5 100 68.8 0.1
20150407 20.8 0 47.5 85.2 3 76.1 24.2 1 0 9.9 61.3 0 69.7 0 39.8 82.1 0 NA 2.3 98.5 100 74.1 1.4
20150408 21.5 0 49.6 83.3 3.2 72.1 32.3 2.8 0 15.1 65.7 0 62.8 0 44 83.2 0 NA 2.7 99.1 100 71.1 4.9
20150409 11.8 0 54 74.4 11.5 59.3 41.5 2.5 0 14.9 62.6 0 62.8 0 42.2 82.1 0 NA 0.3 99.6 99.8 64.9 4.9
20150410 15.9 0 50.1 58.9 8 62.9 30.6 1.1 0.1 18.2 63.4 0 23.5 0 42.2 82.1 0 NA 0 99.6 99.9 68.8 3.7
20150411 9.6 0 29.1 58.4 3.1 50.7 12.6 0.1 0 8.7 47.7 0.6 31.7 0 23.5 59.9 0 NA 0 99.1 100 58.5 1.9
20150412 7.2 0 28.9 53.2 3.2 47.7 14.2 0.1 0 6.7 56.6 0.3 23.8 0 21.2 62 0 NA 0 99.1 100 54.7 0.2
20150413 6.5 0 30.1 53.1 3 41.7 12.2 0 0 4.6 59.2 0 24.8 0 21.1 56.3 0 NA 0 97.9 99.7 52 0
20150414 6.1 0 30.1 53.8 3.8 28.4 11.3 0 0 0.1 49.2 0 16.3 0 12.5 44.6 0 NA 0 99.4 99.7 44.1 0
20150415 6.8 0 26.8 47.6 3.3 29.9 11.7 0 0 0.1 46.3 0 12.7 0 11.6 43.5 0 NA 0 94.9 95.6 43.4 0.1
20150416 6.5 0 21 50.4 2.3 35.6 13.7 0 0 0.3 43.7 0 12.8 0 12.2 41.7 0 NA 0 98 99 46.9 0.1
20150417 6.4 0 11.3 50 2.6 29.8 14.3 0 0 0.3 44.4 0 6.9 0 11.3 39.7 0 NA 0 97.5 97.9 43.6 0
20150418 7.5 0 11.2 42.1 2.1 27.8 12.2 0 0 0.1 33.7 0 6.7 0 9.2 35.2 0 NA 0 97.5 99 43.3 0
20150419 2.6 0 4.6 17.9 1.6 33.5 9.9 0 0 0.1 28.4 0 3.3 0 8.2 33.8 0 NA 0 88.5 89.9 38.8 0
20150420 2.4 0 2.3 9.7 1.7 29.7 9.1 0 0 0.1 23.8 0 1.8 0 7.9 36.4 0 NA 0 88 87.8 39.1 0
20150421 2 0 0 1.3 1.6 24 7.7 0 0 0 16.3 0 0.1 0 7 35.9 0 NA 0 87.5 84.9 38.3 0
20150422 0 0 0 0.2 0.7 14.6 3.8 0 0 0 6.3 0 0 0 5.1 23.3 0 NA 0 71.9 86.1 28.8 0
20150423 0 0 0 0 0.2 8.8 0.7 0 0 0 6.3 0 0 0 4.1 22.3 0 NA 0 37.1 80.6 24.8 0
20150424 0 0 0 0 0.3 8.4 0.9 0 0 0 4.4 0 0 0 3.8 21.5 0 NA 0 32.4 85.9 24.2 0
20150425 0 0 0 0 0.2 9.5 1 0 0 0 2 0 0 0 3.8 24.4 0 NA 0 30.1 88.9 21.9 0
20150426 0 0 0 0 0 12.7 0.8 0 0 0 3.5 0 0 0 3.6 22.4 0 NA 0 23.5 89.3 22.4 0
20150427 0 0 0 0 0.2 10 0.8 0 0 0 2.8 0 0 0 3.3 19.9 0 NA 0 22.3 86.2 20.2 0
20150428 0 0 0 0 0.5 13.1 0.4 0 0 0 2.8 0 0 0 3.3 20.4 0 NA 0 15.5 90.5 20.1 0
20150429 0 0 0 0 0.4 13 0.7 0 0 0 0.4 0 0 0 3.3 19.5 0 NA 0 15.5 89.1 17.4 0
20150430 0 0 0 0 0.2 9.6 0.1 0 0 0 0.2 0 0 0 3.1 18.5 0 NA 0 10.2 90.7 12.4 0
20150501 0 0 0 0 0.1 11 0.1 0 0 0 0.1 0 0 0 3.2 17.7 0 NA 0 5.8 87.6 12.4 0
20150502 0 0 0 0 0 10.4 0.1 0 0 0 0.2 0 0 0 3.1 17 0 NA 0 4.3 86.5 12 0
20150503 0 0 0 0 0 9.7 0 0 0 0 0.2 0 0 0 2.8 16.5 0 NA 0 0 80.2 7.3 0
20150504 0 0 0 0 0 7 0 0 0 0 0.1 0 0 0 2.5 13.3 0 NA 0 0 66.2 6 0
20150505 0 0 0 0 0 3.3 0 0 0 0 0.1 0 0 0 2.3 10.4 0 NA 0 0 69.4 1.9 0
20150506 0 0 0 0 0 4 0 0 0 0 0 0 0 0 2.1 11.9 0 NA 0 0 77.3 1.1 0
20150507 0 0 0 0 0 5.1 0 0 0 0 0 0 0 0 2.1 12.1 0 NA 0 0 71 0.8 0
20150508 0 0 0 0 0 3.2 0 0 0 0 0 0 0 0 2 8.6 0 NA 0 0 29.1 0.4 0
20150509 0 0 0 0 0 2.2 0 0 0 0 0 0 0 0 0.9 7.5 0 NA 0 0 29.6 0 0
20150510 0 0 0 0 0 2.3 0 0 0 0 0 0 0 0 0.6 6 0 NA 0 0 27.1 0 0
20150511 0 0 0 0 0 1.9 0 0 0 0 0 0 0 0 0.5 5.5 0 NA 0 0 19.7 0 0
20150512 0 0 0 0 0 1.9 0 0 0 0 0 0 0 0 0.4 5.5 0 NA 0 0 19.7 0 0
20150513 0 0 0 0 0 0.2 0 0 0 0 0 0 0 0 0.1 3.9 0 NA 0 0 13.3 0 0
20150514 0 0 0 0 0 0.4 0 0 0 0 0 0 0 0 0.1 4.1 0 NA 0 0 14 0 0
20150515 0 0 0 0 0 0.1 0 0 0 0 0 0 0 0 0.1 3.1 0 NA 0 0 8 0 0
20150516 0 0 0 0 0 0.1 0 0 0 0 0 0 0 0 0 2.6 0 NA 0 0 6.9 0 0
20150517 0 0 0 0 0 0 0 0 0 0 0 0 0 0 0 2.5 0 NA 0 0 6.8 0 0
20150518 0 0 0 0 0 0 0 0 0 0 0 0 0 0 0 1.9 0 NA 0 0 5.2 0 0
20150519 0 0 0 0 0 0 0 0 0 0 0 0 0 0 0 1.3 0 NA 0 0 0.4 0 0
20150520 0 0 0 0 0 0 0 0 0 0 0 0 0 0 0 0.9 0 NA 0 0 0 0 0
20150521 0 0 0 0 0 0 0 0 0 0 0 0 0 0 0 1 0 NA 0 0 0 0 0
20150522 0 0 0 0 0 0 0 0 0 0 0 0 0 0 0 0.3 0 NA 0 0 0 0 0
20150523 0 0 0 0 0 0 0 0 0 0 0 0 0 0 0 0.3 0 NA 0 0 0 0 0
20150524 0 0 0 0 0 0 0 0 0 0 0 0 0 0 0 0.2 0 NA 0 0 0 0 0
20150525 0 0 0 0 0 0 0 0 0 0 0 0 0 0 0 0.1 0 NA 0 0 0 0 0
20150526 0 0 0 0 0 0 0 0 0 0 0 0 0 0 0 0 0 NA 0 0 0 0 0
20150527 0 0 0 0 0 0 0 0 0 0 0 0 0 0 0 0 0 NA 0 0 0 0 0
20150528 0 0 0 0 0 0 0 0 0 0 0 0 0 0 0 0 0 NA 0 0 0 0 0
20150529 0 0 0 0 0 0 0 0 0 0 0 0 0 0 0 0 0 NA 0 0 0 0 0
20151127 0 0 0 0 0 0 0 0 0 0 0 0 0 0 0.1 0 0 NA 0 0 0 0 0
20151128 0 0 0 0 0 0 0 0 0 0 0 0 0 0 0 0 0 NA 0 0 0 0 0
20151129 0 0 0 0 0 0 0 0 0 0 0 0 0 0 0.5 0 0 NA 0 0 0 0 0
20151130 0 0 0 0 0 0 0 0 0 0 0 0 0 0 0.8 0 0 NA 0 0 0 0 0
20151201 0 0 0 0 0 0 0 0 0 0 0 0 0 0 0.2 0 0 NA 0 0 0 0 0
20151202 0 0 0 0 0 0 0 0 0 0 0 0 0 0 0.2 0 0 NA 0 0 0 0 0
20151203 0 0 0 0 0 0 0 0 0 0 0 0 0 0 0.1 0 0 NA 0 0 0 0 0
20151204 0 0 0 0 0 0 0 0 0 0 0 0 0 0 0.1 0 0 NA 0 0 0 0 0
20151205 0 0 0 0 0 0 0 0 0 0 0 0 0 0 0 0 0 NA 0 0 0 0 0
20151206 0 0 0 0 0 0 0 0 0 0 0 0 0 0 0 0 0 NA 0 0 0 0 0
20151207 0 0 0 0 0 0 0 0 0 0 0 0 0 0 0 0 0 NA 0 0 0 0 0
20151208 0 0 0 0 0 0 0 0 0 0 0 0 0 0 0 0 0 NA 0 0 0 0 0
20151209 0 0 0 0 0 0 0 0 0 0 0 0 0 0 0 0 0 NA 0 0 0 0 0
20151210 0 0 0 0 0 0 0 0 0 0 0 0 0 0 0 0 0 NA 0 0 0 0 0
20151211 0 0 0 0 0 0 0 0 0 0 0 0 0 0 0 0 0 NA 0 0 0 0 0
20151212 0 0 0 0 0 0 0 0 0 0 0 0 0 0 0 0 0 NA 0 0 0 0 0
20151213 0 0 0 0 0 0 0 0 0 0 0 0 0 0 0 0 0 NA 0 0 0 0 0
20151214 0 0 0 0 0 0 0 0 0 0 0 0 0 0 0 0 0 NA 0 0 0 0 0
20151215 0 0 0 0 0 0 0 0 0 0 0 0 0 0 0 0 0 NA 0 0 0 0 0
20151216 0 0 0 0 0 0 0 0 0 0 0 0 0 0 0 0 0 NA 0 0 0 0 0
20151217 0 0 0 0 0 0 0 0 0 0 0 0 0 0 0.2 0 0 NA 0 0 0 0 0
20151218 0 0 0 0 0 0 0 0 0 0 0 0 0 0 0.2 0 0 NA 0 0 0 0 0
20151219 0 0 0 0 0 0 0 0 0 0 0 0 0 0 0.2 0 0 NA 0 0 0 1.7 0
20151220 0 0 0 0 0 0 0 0 0 0 0 0 0 0 1 0 0 NA 0 0 0 0 0
20151221 0 0 0 0 0 0 0 0 0 0 0 0 0 0 1 0 0 NA 0 0 0 0 0
20151222 0 0 0 0 0 0 0 0 0 0 0 0 0 0 1.1 0 0 NA 0 0.6 0 0 0
20151223 0 0 0 0 0 0 0 0 0 0 0 0 0 0 0.9 0 0 NA 0 0.4 0 0 0
20151224 0 0 0 0 0 0 0 0 0 0 0 0 0 0 1.5 0 0 NA 0 0.7 0 0 0
20151225 0 0 0 0 0 0 0 0 0 0 0 0 0 0 1.3 0 0 NA 0 0.3 0 0 0
20151226 0 0 0 0 0 0 0 0 0 0 0 0 0 0 1.1 0 0 NA 0 0 0 0 0
20151227 0 0 0 0 0 0 0 0 0 0 0 0 0 0 1.5 0 0 NA 0 1.9 0 0 0
20151228 0 0 0 0 0 0 0 0 0 0 0 0 0 0 2 0 0 NA 0 1 0 0 0
20151229 0.2 0 0 0 0 0 0 0 0 0 0 0 0 0 2 0 0 NA 3.2 4 0.7 0.2 0
20151230 1 0 0 0 0 0 0 0 0 0 0 0 1.8 0 2.5 0 0 NA 2.7 9.8 1.1 0.5 0
20151231 2.3 0 0 0 0 0 0 0 0 0 0 0 0.6 0.7 2.7 0.1 0 NA 3.8 15.4 1.5 0.8 0
20160101 5.3 0 0 0 0 0 0 0 0 0 0 0 0.8 0.2 2.1 0 0 NA 2.8 15 3.1 0.2 0
20160102 4.9 0 0 0 0 0 0 0 0 0 0 0 0.8 0.2 2.2 0.1 0 NA 8.6 13.4 2.9 0 0
20160103 5 0 0 0 0 0 0 0 0 0 0 0 0.7 0.2 2.2 0.1 0 NA 12.3 13.1 5.7 0 0
20160104 16 0 0 0 0 0 0 0 0 0 0 0 0.8 0 2.5 0.1 0 NA 20.1 15.9 2 1.1 0
20160105 18 0.9 0 1.7 0 0.1 1.3 0 0 0 0 0 4 0 2.5 0.1 16.1 NA 37.6 24.4 3 3.3 0.1
20160106 25.5 1.3 0 1.7 0 0.1 1.8 0 0 0 0 0 4.7 0 2.6 0.1 17.4 NA 54.1 28.7 4.9 3.3 0
20160107 15 3.8 0 1 0 0.2 1.9 0 0 0 0 0 5.2 0 2.5 0.1 34.1 NA 51.9 47.1 5.5 3.7 0.1
20160108 9.3 0.4 0 0.7 0.1 0 0 0 0 0 0 0 4.6 0 2.1 0.1 9.3 NA 46.8 30.3 1.5 2.5 0
20160109 13.5 0 0 1.1 0.1 0.1 0 0 0 0 0 0 4 0 2.5 0.1 0 NA 27.1 34.2 1.2 1.9 0
20160110 20.6 0 0 0.4 0.6 0 1 0 0 0 0 0 3.7 1.3 2.8 0.1 0 NA 21.7 49.4 1.2 2.6 0
20160111 39.6 1.1 0 0 1.1 0 0.6 0 0.4 0.3 5.6 0 3.6 4.6 3.9 1.4 9.1 NA 47.9 65.7 10.2 10.9 0
20160112 45.4 28.6 0 2.6 0.9 1.2 2.4 0 0.3 1.2 3.7 0 4 4.1 4.9 0.2 42.9 NA 59.9 52.3 9.3 6.5 0.1
20160113 55.2 37.4 0 4.3 1.4 1.3 5.7 0.6 1.1 2 11.2 0 4.9 5.4 6.3 0.5 61.4 NA 72.8 71.6 13.6 8.9 0
20160114 56.8 46.9 0 2.9 1.1 1.3 2.7 1.3 0.7 2 6.1 0 5 7.9 9 0.3 75.5 NA 56.6 79.2 8.9 12.9 0.1
20160115 46.1 46 0.7 1.7 0.8 3.6 3.1 0 0 0.1 9.1 0 5 14.9 11.3 0.1 77.3 NA 66.4 65.7 7.7 10.3 0.1
20160116 50.6 37.9 0.5 2.2 1 2 4.3 0 0 0.4 12.3 0 4.6 8.7 10.9 0.1 66.7 NA 62 76.9 8.5 12.1 0.1
20160117 80.9 45 2.3 3.4 3.4 1.9 8.8 3.4 0.6 2.1 32.3 0 4.8 8 13.1 1 66.6 NA 64.2 98.1 12.7 19.7 0.1
20160118 77.1 46.9 3.4 1.9 5 0.4 8.2 11.6 1.7 3.9 25 0 5.4 5.8 6.6 0.1 65 NA 61.2 96.3 20 30.2 0.1
20160119 88.7 86.6 8.3 6.5 4.4 1.4 10.2 12.8 4.6 3.1 26.2 0.6 9.4 8.6 10.6 0.8 91.1 NA 55.1 96.9 27 29.6 0.2
20160120 93.9 94.4 10.4 7.2 5 1.4 13.2 17.1 7.8 4.8 30.6 0 6.8 10.4 13.9 1.9 91 NA 63.3 96.8 43.1 34.3 0.1
20160121 96.2 94.9 13.4 16.6 5.2 1.2 13.5 22.5 6 3.6 35.8 0 11.5 7.2 13.5 2.3 93.7 NA 63.3 96.8 42.7 35.3 0.8
20160122 96.5 95.1 17.8 24.4 4.3 4.2 20.6 20.3 2.2 2.3 47.7 0 12.1 8.3 11.8 1 92.2 NA 70.7 96.6 23.2 34 1
20160123 96.7 95.1 14.2 3.8 4.5 7.9 16.1 11.9 2.8 3.5 49.5 0 9.1 12.9 12.1 1.1 95 NA 72.9 96.7 25.5 39.6 0.1
20160124 96.7 95.3 13.8 4.2 4.3 6.2 19.4 13.5 2.6 3.4 48.4 0 9.2 2.2 10.3 1.8 95 NA 75.9 96.7 27.7 37.8 0.1
20160125 95 93.1 8.4 3.7 2.2 1.2 13.6 7.9 0.4 1.5 14.3 0 9.5 4.8 9.6 0.7 94.9 NA 66.2 95.2 10.3 30.7 0.1
20160126 94.3 84.9 10.1 4.2 2.9 1.5 5.7 7.9 0.8 1.8 16 0 9.3 4.6 9.7 0.8 95 NA 64.5 97.5 9.2 17.4 0.1
20160127 85.6 62.4 7.8 4.5 2.3 1.1 4.6 8.8 0.9 2 19.3 0 7.9 4.6 9.7 0.8 87.9 NA 63.7 99.2 11.7 22.1 0.1
20160128 73 26.7 8.9 4.7 2 1.1 3.2 1.4 0.1 2.5 17 0 8.8 4.3 9.4 0.8 65.8 NA 55.1 98 11.7 22.3 0.3
20160129 95.1 73.9 14.1 6.3 4.8 1.1 8.3 0 0 4 36.3 0 8.9 4.5 9.9 0.2 82.8 NA 55.1 96.6 16.7 34.1 0.3
20160130 90.4 55.4 13.8 1.5 4.7 1.1 4.8 0 0 3.1 32.2 0 8.6 3.3 9.2 0.2 67.9 NA 49.9 96.2 18.9 29.6 0.3
20160131 87.9 34.4 10.3 1.3 3.3 1.1 3.1 0 0 2.6 29.4 0 6.4 0.5 5.6 0.1 43.5 NA 42.9 95.5 15.4 25.6 0.3
20160201 75.7 22.3 2.2 1 2.1 1.1 0.2 0 0 1.1 10.6 0 5.9 0 4.4 0.1 30.6 NA 35.7 82.3 6.8 14.8 0.3
20160202 79.6 22.3 2.3 2.1 2.2 1 1.4 0 0 0.9 18.3 0 6 0 6 0.1 30.6 NA 35.6 82.3 7.4 16.1 0.1
20160203 81.4 16 0 1.1 2.4 1 1.3 0 0 0.9 18.5 0 4.9 0 6.6 0.1 24.1 NA 39.9 82.3 9.8 16.1 0.1
20160204 80.9 11.7 0 0 4.6 0.9 1.4 0 0 1.6 27.1 0 4.7 5.9 8.6 0.2 18.8 NA 46.8 95.4 18.4 23.7 0.1
20160205 82.8 6.7 0.6 0 4.3 2 1.5 0 0 2.2 26.5 0 4.3 3.2 8.1 0.1 5.5 NA 44.1 95.7 34.4 31.8 0.1
20160206 82.8 6.7 0.6 0 4.3 2 1.5 0 0 2.2 26.5 0 4.3 3.2 8.1 0.1 5.5 NA 44.1 95.7 34.4 31.8 0.1
20160207 74.1 4.9 0.1 0 5.4 0.4 1.8 0 0 1.3 3.9 0 3 0 6.7 0.6 0.5 NA 60.2 90.1 22 21.2 0.1
20160208 71.9 4.7 0.4 0 1.2 0.5 0.2 0 0 0.3 12.8 0 3 0 6.6 0.1 0.8 NA 25.9 84.6 5.5 15.6 0.1
20160209 77.4 3.9 0.3 0 1.8 0.5 0.1 0.3 0.9 2.1 16.8 0 3.7 5.3 10.2 0.4 1.5 NA 22.3 85 11 15.5 0.1
20160210 95 3.5 0.2 0 1.5 0.5 1.1 1.2 1.3 2.4 33 0 3.7 7.1 10 1.3 1.5 NA 50.7 90.9 24.6 21.7 0.1
20160211 95.6 13.7 1.2 0.7 11.7 2.1 9.5 8.2 2.1 2.7 48.5 0 3.7 13.1 11.6 2.3 9.4 NA 70.8 97.2 38.9 38.8 0.3
20160212 96.1 74.5 18.1 12.7 15 3.4 16.9 13.1 4.5 7.8 43.2 1.8 13.5 11.6 14.5 5.6 90.4 NA 80.5 96.2 62.6 39.5 1.8
20160213 96.6 87.3 34.6 33.8 26.6 8.7 22 17.8 8.5 9.4 65.3 6.6 15.9 19.5 17.5 8.9 90.4 NA 86 98.7 75.8 54.2 4.5
20160214 97.1 95.1 60.4 58.5 36.4 21.8 33.7 22.5 11.7 14.2 61.2 5.4 64.4 28.6 27.1 13.9 95 NA 93.6 98.6 93.8 71.4 17.1
20160215 94.1 92 79.3 64.2 10 11.9 28.7 19.7 4.3 1.5 36.8 9.7 58.3 36.3 20.8 9.1 90.4 NA 85.9 97.7 72.7 46.5 16.9
20160216 96.8 94.6 69.6 29.4 8 9.6 20.8 16.1 1.5 1.6 39.3 2.3 22.2 25.4 19.6 9.7 95.5 NA 86.6 98 70.9 45.4 1.4
20160217 96.8 92.2 64.9 28.5 13 4.9 15.3 16.7 1.4 3.4 40.3 1.5 23.1 15.1 12.9 3.2 95.5 NA 84.4 99 76.4 38.2 1.2
20160218 97.1 95 67.3 44.3 19.8 12.6 27.1 19.6 5.2 5.2 60.8 1.4 62.5 14.1 16 9.1 95.9 NA 94 98.4 93.8 45 7.1
20160219 90.5 70.3 62.7 34.9 19.9 9.5 23.3 6.1 3.6 4.9 50 2.9 59.2 17 18.4 11.2 82.2 NA 88.6 93.9 87.2 35.3 3.6
20160220 97.2 37.5 32.9 30.4 9.4 5.8 15.7 1.5 1.4 5.2 46.2 0.9 48.3 10.4 20 8.9 62.7 NA 63.7 92.5 95.5 31.5 0.7
20160221 88.8 40.6 33.2 32.6 9.2 4.4 8 0.8 0.4 2.1 32.8 0.9 49.2 2 6.6 0.1 65.9 NA 65.2 97.3 35.3 31.8 0.9
20160222 86.3 39.5 27.4 18.3 4 7.8 2.4 0 0 2.2 44 0.9 37.9 1.5 9 0.9 57.9 NA 48.7 99 69.8 38.5 0.9
20160223 86.3 38 14.8 17.5 2.6 7.9 4.6 0.1 0 2.2 41.3 0.5 39.2 1.6 9.8 0.9 54 NA 48.8 99.4 79.1 45.8 1.2
20160224 86.1 52.4 20 10.2 1.4 11.8 6.1 0 0 4.2 44.1 0.5 32.4 1.4 9.8 0.1 51.4 NA 49.3 99.8 57 45.2 0.9
20160225 79 36.8 23.1 6.6 2.7 5 3.1 0 0 2.1 33.7 0.5 33.3 3.7 8.8 0.3 35 NA 39.7 96.8 70.2 45.1 0.1
20160226 77.8 13.4 8 1.3 3.3 4.5 3.5 0 0 3.1 28.2 0.5 32.2 2.4 7.3 0.4 33.1 NA 40.6 97 75.3 33.1 0.7
20160227 85.7 5.6 5.7 0.3 2.7 2.5 0.2 0 0 0.4 28.6 0 32.4 5 6.7 0.3 14.8 NA 30.8 92.9 43.8 33.9 0.1
20160228 82 2.5 2 0.2 1.7 1.8 0.6 0 0 0 20.6 0 21.9 1.3 5.5 0.1 6.5 NA 38.6 94.8 37.9 32.4 0.1
20160229 64.5 0 0 0.2 6.3 0.8 0.2 0 0 1 43.4 0 19.8 9.2 14.3 5.5 6.3 NA 20.2 97.5 84.3 40.4 0.1
20160301 73.6 0 0 0.2 2.8 1 0.9 0 0 2.2 40.5 0 18.3 7.4 12.3 9.2 5.6 NA 28.2 97.9 82.4 37.7 0
20160302 95 2.5 0.7 0.7 13.2 13.4 11.7 2.7 1.3 4.5 48.4 0 39.5 7.3 12.7 10.8 18 NA 66.1 99.1 93.1 62.2 0.8
20160303 96.8 8.2 2.1 1 13.3 18.9 25.7 1 0.6 4.6 57.9 0 59.8 9.3 12.8 14.9 53.9 NA 86.3 98.1 95.7 66.7 1.6
20160304 96.8 0 9.7 1.1 15.2 20.1 27.8 0 0.5 2.5 55.1 0.1 54.2 6.7 15.2 13.7 79.1 NA 86.7 98.1 95.7 61 1.5
20160305 96.8 0 8.4 1.7 13.7 16.9 33.8 0 0.4 2.4 43 0.1 54 4.8 14.9 12.5 79.1 NA 92.7 98.1 95.7 53.9 1.5
20160306 87.9 0 17.4 3.2 4.5 6.4 36.8 0 0 0.3 27.6 0.4 58.8 6.8 11.6 5.2 66.4 NA 92.5 97.7 93.3 53.9 2.6
20160307 77.3 0 3.9 0.1 3.9 1.5 4.3 0 0 0.1 19.5 0 51.5 7.1 9.3 1.6 17.3 NA 55.9 97.7 63.7 39.6 0.3
20160308 74.3 0 0.1 0.1 2.7 1 1.8 0 0 0 19.4 0 32.2 2.8 8.1 2.9 11 NA 55.2 97.7 53.1 38.1 0.1
20160309 73.2 0 0 0 3 0.9 1.8 0 0 0.2 14.3 0 28.8 0.6 6.7 2.6 9.1 NA 54.5 97.6 46.1 34.9 0
20160310 72.3 0 0 0 3.3 1 0.6 0 0 0.2 23.8 0 23.3 0.4 5.4 0.8 0.2 NA 39.6 95 48 35.3 0
20160311 76.6 0 0 0 1.2 0.4 0 0 0 0.5 15.3 0 15.8 0 6.7 0.3 0 NA 44.3 86 39.5 38.9 0
20160312 66.9 0 0 0 0.9 0.7 0 0 0 0.1 11.9 0 12.4 0.9 6.8 0.1 0 NA 27.1 76.5 31.5 31.7 0
20160313 64.3 0 0 0 0.7 0.7 0 0 0 0 14 0 11.3 0.5 6 0.3 0 NA 24.8 76.5 37.1 31.7 0
20160314 64.3 0 0 0 0.6 0.8 0 0 0 0 14.2 0 11.6 0.9 5.5 0.3 0 NA 12.1 81.3 39.1 25.6 0
20160315 58 0 0 0 0.7 0.7 0 0 0 0 11.2 0 11.6 1 6.5 0.3 0 NA 11.8 80.7 45.2 28 0.2
20160316 18.6 0 0 0 0.1 0.7 0 0 0 0 15.1 0 9.1 0 3.9 1.4 0 NA 7.2 95 23.6 21.9 0.3
20160317 14.1 0 0 0 0.1 0 0 0 0 0 0.2 0 0.6 0 3.7 0.3 0 NA 0.2 73.4 13.8 18.5 0
20160318 23.9 0 0 0 0 0.1 0 0 0 0 0 0 0.6 0 3.4 0.1 0 NA 0 53.9 3.2 16.7 0
20160319 11.5 0 0 0.2 0 0.1 0 0 0 0 0 0 2.9 3.6 6.4 3.8 0 NA 0 67.8 24.7 23.9 0.2
20160320 1.5 0 0 0 1.5 0.1 0 0 0 0 3.5 0 0.6 0 2.9 1.7 0 NA 0 79.1 27.2 25.5 0
20160321 0.7 0 0 0 0.1 0 0 0 0 0 2.4 0 0.4 0 3.3 0.1 0 NA 0 58.3 8.5 10.3 0
20160322 0.6 0 0 0 0 0.1 0 0 0 0 0.6 0 0 0 3.2 0.1 0 NA 0 47.4 3.9 9.8 0
20160323 0.4 0 0 0 0.1 0 0 0 0 0 0.4 0 0 0 3.1 0.1 0 NA 0 43.3 7 9.9 0
20160324 0.4 0 0 0 0.1 0 0 0 0 0 0 0 0 0 3 0.1 0 NA 0 44.6 2.6 9.2 0
20160325 0.3 0 0 0 0.3 0 0 0 0 0 0 0 0 0 3 0.1 0 NA 0 50.7 2.5 10.2 0
20160326 0.3 0 0 0 0 0 0 0 0 0 0 0 0 0 2.7 0.1 0 NA 0 49.7 2.4 9 0
20160327 0.2 0 0 0 0 0 0 0 0 0 0 0 0 0 2.7 0.1 0 NA 0 33.2 2 8.1 0
20160328 0.2 0 0 0 0 0 0 0 0 0 0 0 0 0 2.7 0.1 0 NA 0 33.4 2 7.9 0
20160329 0.2 0 0 0 0 0 0 0 0 0 0 0 0 0 2.5 0.1 0 NA 0 37.3 2 7.5 0
20160330 0.4 0 0 0 0 0 0 0 0 0 0 0 0 0 2.8 0.1 0 NA 0 36.3 2.3 7.6 0
20160331 0.4 0 0 0 0 0 0 0 0 0 0 0 0 0 2.7 0.1 0 NA 0 30.5 1.9 8.5 0
20160401 0.4 0 0 0 0 0 0 0 0 0 0 0 0 0 2.7 0.1 0 NA 0 32.1 1.9 8.5 0
20160402 0.4 0 0 0 0 0 0 0 0 0 0 0 0 0 2.4 0.1 0 NA 0 32.1 1.9 8.5 0
20160403 0 0 0 0 0 0 0 0 0 0 0 0 0 0 2.4 0.1 0 NA 0 15.1 1.5 5.5 0
20160404 0 0 0 0 0 0 0 0 0 0 0 0 0 0 2.3 0.1 0 NA 0 15 1.5 5.3 0
20160405 1.9 0 0 0 0.1 0 0 0 0 0 0.7 0 0.1 0 2.7 0.1 0 NA 0 20.6 2.6 5.9 0
20160406 0 0 0 0 0 0 0 0 0 0 0 0 0 0 2.4 0.1 0 NA 0 14.6 2.1 5.6 0
20160407 0 0 0 0 0 0 0 0 0 0 0 0 0 0 2.4 0.1 0 NA 0 13.3 2.1 5.2 0
20160408 0 0 0 0 0 0 0 0 0 0 0 0 0 0 2.4 0.1 0 NA 0 11.8 2.1 4.6 0
20160409 0 0 0 0 0 0 0 0 0 0 0 0 0 0 2.3 0.1 0 NA 0 12.1 0.8 4.5 0
20160410 0 0 0 0 0 0 0 0 0 0 0 0 0 0 2.3 0.1 0 NA 0 11.9 0.8 4.5 0
20160411 0 0 0 0 0 0 0 0 0 0 0 0 0 0 2.2 0.1 0 NA 0 12.3 0.8 4.5 0
20160412 0 0 0 0 0 0 0 0 0 0 0 0 0 0 2.3 0.1 0 NA 0 11.8 1.1 4.6 0
20160413 0 0 0 0 0 0 0 0 0 0 0 0 0 0 2.3 0.1 0 NA 0 10.7 0.8 4.7 0
20160414 0 0 0 0 0 0 0 0 0 0 0 0 0 0 2.3 0.1 0 NA 0 9.7 0.6 4.4 0
20160415 0 0 0 0 0 0 0 0 0 0 0 0 0 0 2.3 0.1 0 NA 0 6.2 0.6 4.1 0
20160416 0 0 0 0 0 0 0 0 0 0 0 0 0 0 2.3 0.1 0 NA 0 5.8 0.6 4.1 0
20160417 0 0 0 0 0 0 0 0 0 0 0 0 0 0 2.2 0.1 0 NA 0 5.5 0.6 4 0
20160418 0 0 0 0 0 0 0 0 0 0 0 0 0 0 2.2 0 0 NA 0 3.9 0.6 4.2 0
20160419 0 0 0 0 0 0 0 0 0 0 0 0 0 0 2.2 0 0 NA 0 2 0.5 3.9 0
20160420 0 0 0 0 0 0 0 0 0 0 0 0 0 0 2.2 0.1 0 NA 0 2.9 0.7 4 0
20160421 0 0 0 0 0 0 0 0 0 0 0 0 0 0 2.2 0.1 0 NA 0 2.5 0.7 3.9 0
20160422 0 0 0 0 0 0 0 0 0 0 0 0 0 0 2.2 0.1 0 NA 0 2.5 0.7 3.9 0
20160423 0 0 0 0 0 0 0 0 0 0 0 0 0 0 2.1 0 0 NA 0 0.4 0 3 0
20160424 0 0 0 0 0 0 0 0 0 0 0 0 0 0 2 0 0 NA 0 0.4 0 1.5 0
20160425 0 0 0 0 0 0 0 0 0 0 0 0 0 0 2 0 0 NA 0 0.4 0 1.5 0
20160426 0 0 0 0 0 0 0 0 0 0 0 0 0 0 2 0 0 NA 0 0.4 0 0.8 0
20160427 0 0 0 0 0 0 0 0 0 0 0 0 0 0 2.1 0 0 NA 0 0 0 0 0
20160428 0 0 0 0 0 0 0 0 0 0 0 0 0 0 2.1 0 0 NA 0 0 0 0 0
20160429 0 0 0 0 0 0 0 0 0 0 0 0 0 0 2.1 0 0 NA 0 0 0 0 0
20160430 0 0 0 0 0 0 0 0 0 0 0 0 0 0 0.7 0 0 NA 0 0 0 0 0
20160501 0 0 0 0 0 0 0 0 0 0 0 0 0 0 1.2 0 0 NA 0 0 0 0 0
20160502 0 0 0 0 0 0 0 0 0 0 0 0 0 0 0.5 0 0 NA 0 0 0 0 0
20160503 0 0 0 0 0 0 0 0 0 0 0 0 0 0 0.5 0 0 NA 0 0 0 0 0
20160504 0 0 0 0 0 0 0 0 0 0 0 0 0 0 0.5 0 0 NA 0 0 0 0 0
20160505 0 0 0 0 0 0 0 0 0 0 0 0 0 0 0 0 0 NA 0 0 0 0 0
20161211 0 0 0 0 0 0 0 0 0 0 0 0 0 0 0.8 0 0 NA 1 2.7 0 0 0
20161212 3.7 0 0 0 0 0 0 0 0 0 0 0 0 0 1.2 0 0 NA 1.3 1.9 0 0 0
20161213 6.9 1.1 0 0 0 0 0 0 0 0 0 0 0 0 1.3 0 1.9 NA 5.3 2.2 0 0.1 0
20161214 9.1 1.6 0 0 0.1 0 0 0 0 0 0 0 0 0 1.5 0 4.3 NA 7.9 2.9 0 0.2 0
20161215 22.5 30.9 0.1 1.1 1.3 0 1.6 0 0.6 1.3 2.4 0 3 0 2 0 42.1 NA 30 21.9 4.3 2.2 0
20161216 32.7 54.2 0.1 2.1 1.9 0 2.4 0 0.9 1.9 4.7 0 5.3 0 2.3 0 77.1 NA 47.7 37 6.6 3.4 0
20161217 37.9 60.2 0.6 2.5 2.2 0 3.3 0.5 0.9 1.9 4.7 0 4.4 0 2.3 0 75.3 NA 54.2 37 6.6 4.7 0.1
20161218 23.7 61 0.8 2.5 2 1.7 4.3 0.5 0.2 0.6 4.7 0 4.4 0.5 2.5 0.1 85 NA 37.8 39.5 6.6 5.9 0.3
20161219 34.3 61.5 0.8 2.6 0.8 0.7 1.5 3.5 0.3 0.6 2.3 0 5 1.4 3.9 0.1 85 NA 41.5 44.5 7.8 6.6 0.5
20161220 39.8 61.8 1.7 2.7 1 1.7 6.1 3 0.4 1.2 3.7 0.9 5.4 1.7 4.4 0.2 85 NA 58.5 50 5.6 8 0.3
20161221 39.8 61.5 2.1 2.6 1 1.7 6.1 3.2 1.4 1.4 3.7 0.9 5.2 1.9 4.6 0.2 85.6 NA 58.5 50 5.6 5.4 0.2
20161222 34.1 61.5 2.1 2.6 0.6 1.7 5 0.7 0.1 1.5 1.5 0.9 5.2 0.2 3 0.2 85.6 NA 59.4 55 6.3 5.3 0.2
20161223 27 49.6 1.5 1.7 0.2 0.4 0.2 0.8 0 0 0.4 0 3.9 0 2.5 0.1 71.3 NA 45 41.7 2.9 3.4 0.1
20161224 28.4 49.6 1.5 1.5 0.2 0.4 0.2 0.8 0 0 0.4 0 3.7 0 2.5 0.1 71.3 NA 45 41.8 3.4 3.2 0
20161225 28.4 49.6 1.5 1.5 0.2 0.9 0.2 0.8 0 0 0.4 0 3.7 0 2.5 0.1 71.3 NA 45 41.8 3.4 4.3 0
20161226 17.9 49.6 1.5 1.5 0.2 0.9 0.2 0.3 0 0 0.4 0 3.6 0 2.4 0.1 71.3 NA 46.8 41.4 2.7 4.1 0.1
20161227 28.8 36.2 0.8 3.2 0.2 0.4 0.1 0 0 0 1 0 4.6 0 2.9 0.1 43.3 NA 36.7 33.4 3 3.4 0.1
20161228 28.6 29.3 0.8 3.2 0.2 0.5 0 0 0 0 0 0 4.6 0 2.9 0.1 27.8 NA 28.7 33.4 3 3.4 0.1
20161229 30.1 28.9 2.2 3.2 0.2 0.3 0.2 0.2 0 0 0 0 4.3 0 2.5 0.1 23.5 NA 40.7 33.4 4.1 4.8 0.1
20161230 26.9 10.8 0.5 1.8 0.3 0.2 0 0.1 0 0 1.1 0 2.3 0 2.1 0.1 11.9 NA 23.7 36.6 3.9 5.1 0.1
20161231 30 8.7 0.6 1.8 0.3 0.2 0 0.1 0 0 1.1 0 3.6 0 2.1 0.1 12.4 NA 25.8 42.2 5.2 4.7 0.1
20170101 31.4 6.5 0.5 0.6 0.3 0.2 0 0.1 0 0 0.4 0 3.6 0 2.3 0.1 7.7 NA 32.6 43.8 5.3 4.1 0.1
20170102 38.2 7.3 0.4 0.4 0.4 0.5 0.2 0 0 0.1 1.7 0 3.2 0 2.3 0.1 6.7 NA 32.4 30.6 0.9 4.1 0
20170103 38.2 8.3 0.4 0.6 0.4 1.5 0.4 0 0 0.1 2 0 4 0 2.3 0.1 6.7 NA 47.5 47.7 0.9 5.4 0.1
20170104 46.2 21.4 0.8 0.6 0.4 1.5 1.5 0 0 0.2 2.4 0 4 0 2.3 0.1 6.7 NA 47.5 47.7 0.9 5.5 0.1
20170105 59.7 23.5 0.4 2.3 0.7 1.7 1.6 3.5 0.3 1.7 7.8 0 6.9 1.2 5.2 0.1 41.6 NA 50.3 62.7 10 5.3 0.1
20170106 87.7 62.9 5.1 3.3 3.1 1.7 4.1 7.1 3 5.9 17.3 0.4 6 5.4 7.1 0.2 63.6 NA 50.5 69.6 9.8 18.1 0.4
20170107 90.5 81.1 8.7 3.4 5.5 2.7 5.8 7.3 2.6 6.3 20.2 1.3 7 4.2 9.5 0.2 88.7 NA 50.9 87.2 13.4 28.4 2.2
20170108 90.1 87.2 10.1 5.8 2.2 2.6 5.8 9 1.7 4.6 17 0.9 7.1 7.7 8.8 0.2 90.2 NA 51.9 85.8 12.3 27.8 1.5
20170109 89 87.1 12.7 7.1 3.5 4.5 9.9 18 2.1 2.7 22.5 0.9 9.4 8.5 10.8 1.3 90.1 NA 66.9 87.7 15.1 16.9 1
20170110 89 87.1 24.8 21.3 3.5 1.9 12 18 2.1 2.7 22.5 4.8 8.2 8.5 10.8 1.4 90.1 NA 66.9 87.7 15.1 14.7 1.9
20170111 89.2 87.1 21.3 15.4 5.4 2.9 10.6 14.7 1.9 2.9 25 0.4 8 10.4 13.1 2.6 90.4 NA 74.6 91.7 21.6 15.8 0.4
20170112 91.5 81.7 7 9.9 7.9 2.9 6.8 2.4 0.7 5.9 53.6 0.4 8 10.4 11.8 0.7 90.4 NA 76.6 89.3 19 22.3 0.4
20170113 92.7 35.9 4.4 5.9 2.7 1.1 3.9 3.8 0.2 3.3 42.6 0 8 9.3 11 0.7 73.7 NA 54.8 81.3 16.8 18.9 0.1
20170114 93.1 46.9 3.9 8.8 3.5 1.5 5.2 3.5 0.5 4 44.1 0 8.4 7 10 0.9 77 NA 57.5 81.3 20.3 17.8 0.1
20170115 93.8 10.1 3.8 7.3 4.3 2.6 4.8 4.1 1.5 3.2 42.1 0 9 6.6 13.4 1.8 70.3 NA 57.2 81.3 17.3 18.1 0.1
20170116 94.2 87.2 26.2 6.3 2.5 1.7 12.4 16.8 1.9 2.4 28.4 0 8.1 4.8 13.2 2.6 87.4 NA 66.3 79.8 15.7 18.8 0.5
20170117 95.4 62.7 17.8 4.1 2.5 1.7 8.7 16.8 1.9 2.3 28.4 0 9.1 4.8 13.2 2.6 87.1 NA 65.7 79.8 15.7 18.6 0.3
20170118 95.4 52 4.1 0 2.5 1.7 8.7 16.8 1.9 4.2 47.9 0 10.2 5.9 11.6 1.3 69.9 NA 62.4 79.8 12.1 17.3 0.1
20170119 90.6 46.7 2.1 0 4 1.9 7.1 1.4 0 0.8 22.1 0 10.5 3.6 9.5 0.8 56.4 NA 57.9 85.4 12 19.5 0.1
20170120 91 22.5 1.9 0 2.3 1.3 2.5 0 0 0.6 21.2 0 10.2 0.2 7.7 0.4 50.9 NA 59.2 78 8.4 18.1 0.1
20170121 90.3 25 1.6 0 2.4 1.6 2 0 0 0.6 23.9 0 7.2 0 7.5 0.3 38 NA 57.9 77.1 7.8 19 0.1
20170122 94.2 19.7 1.4 0 2 2.2 1.2 0 0 0.4 21.2 0 5.3 0.2 6.7 0.2 36 NA 50.4 72.9 6 19.6 0.1
20170123 93.9 18.2 0 0 0.5 2.1 0.9 0 0 0.5 24.8 0 4.2 0.1 6 0.2 31.1 NA 44.2 83.9 7.6 16.9 0.1
20170124 93.9 20.7 0 0 0.8 2.3 0.8 0 0 0.5 25.3 0 4.1 0.2 5.6 0.1 31.1 NA 44.9 81.3 8.5 17.8 0.1
20170125 93.1 16.3 0 0 0.9 2.4 0.7 0 0 2.1 28.1 0 4 0 5.4 0.3 29 NA 45.8 83.9 9.5 18 0.1
20170126 88.3 18 0 0 1.8 2.4 1 0 0 1.4 36.1 0 3.4 0 5.5 0.1 28.5 NA 42.6 76.7 12.6 17.5 0.1
20170127 82.7 13.1 0.1 0 2.3 0.6 0.5 0 0 2 33.9 0 3.1 0 5.8 0.1 17.3 NA 38.4 66.7 9.4 10.3 0.1
20170128 69.9 9.5 0.6 0 3.4 0.5 0 0 0 2.3 30 0 3.1 0 6.1 0.1 8.2 NA 20.4 66.7 8.7 10.3 0.1
20170129 90.4 7.1 1.2 0 3.2 0.5 0.1 0 0 2.3 35 0 3.1 0 5.6 1.1 12.1 NA 34.7 86.7 22.7 21.5 0.1
20170130 94.3 27.6 1.5 3.4 3.7 3.1 2.4 0 0 2.8 48.5 0 2.9 0.7 8.3 1.6 26.2 NA 50.7 97.4 22.5 35.3 0.1
20170131 95.1 17.1 2.2 3.4 3.9 3.7 6.3 0.7 0.1 1.5 45.8 0 5.9 0.7 10.1 0.5 22.4 NA 50.6 98.2 22.3 35.8 0.1
20170201 94.6 7.8 1 2.3 4.2 1.6 2.4 0.7 0.4 1.4 47.4 0 6.2 3.2 9 0.4 17.2 NA 49 97 27.9 27.4 0.1
20170202 96.1 1.8 1 2.3 3.8 0.9 3.9 1.3 1.1 4 31.4 0 7 4.3 8 0.4 7 NA 48.9 87.1 44.1 27.4 0.1
20170203 96.1 5.5 2.3 2.8 6.9 1.8 7.7 5.8 1.1 5.9 40.8 0 4.5 6.4 9.4 0.7 36.7 NA 59.5 96.8 71.1 34.5 0.2
20170204 94.4 8.3 3.7 2.8 6.2 1.3 6.5 4.5 0.7 3.9 33.5 0 5.1 4.7 9.8 0.7 62 NA 59.9 90.1 59.9 28.9 0.1
20170205 92 9.3 4.4 2.5 5 0.5 4 2.5 0.2 0.9 24.6 0 5.2 2.5 9.6 0.7 81.5 NA 57.4 83.3 48.1 22.2 0.1
20170206 87.4 35.8 17 13.3 12.6 6.1 17.6 2.8 0.7 3.9 33.3 0.6 13.8 3 7.5 1.2 83.5 NA 68.3 96.7 58.8 37.2 3.1
20170207 87.4 48.9 16.4 11.5 14.1 6.1 17.8 3.8 1.3 4.3 34 1.2 20.4 3 8.5 1.5 92.5 NA 75 96.7 58.3 40.2 3.5
20170208 94.5 77.6 30.2 16.1 3.3 4.8 5.8 5.6 4.3 6.5 56.2 1.8 20.7 2.5 8.7 2.3 92.5 NA 60.7 93.3 81.2 39.5 2.7
20170209 97.2 21.5 1.5 6 7.2 3 8.4 2.1 1 3.2 58.9 0.3 16.5 3.4 8.4 3.6 81.3 NA 62.3 97.9 79.2 42.8 0.6
20170210 96 19 3.6 10.8 6.2 3.6 15.3 0.6 0.7 3.7 55.5 0.1 18.2 1.3 8.6 4.2 78.4 NA 73.6 97.8 76.5 45.2 2
20170211 93 15 1.8 7.3 8.9 2.1 18.4 0 0 4.6 52.1 0.1 18.2 0.7 10.1 2.7 76.3 NA 77.3 97.8 78.1 37.2 0.7
20170212 92.5 19.6 1.1 4.6 11.6 3.6 19.1 0 0 5.4 49.5 0.1 20.2 0.4 10.5 3.5 76.4 NA 78.9 97.8 86.4 40.9 1.3
20170213 82 17.9 6.5 4.6 8.6 5.2 6.6 0 0 1.9 32 0 16.1 1.9 7.4 0.4 51.7 NA 57 92.4 68.4 40.1 0.1
20170214 79.2 10.2 5.4 2.6 8.5 3.9 4.1 0 0 2 29.6 0 20.5 1.6 7 0.2 29.4 NA 55.7 96.6 69.7 40 0.1
20170215 77.5 9.4 5.6 3.8 5.7 1.2 6.4 0 0 2.1 33.1 0 20.5 1.3 5.6 0.8 29.4 NA 53.2 96.6 62.6 33 0.1
20170216 87.8 11.7 5.8 6.9 10.5 7 19.3 0 0 3.5 55.2 0 16.4 1.3 5.5 6.4 66.7 NA 70.7 93.4 95.3 42 0.1
20170217 97.1 7.3 8.4 5.4 8.4 6.3 17.2 0.5 0 1.9 49.8 0 20.1 4.8 10.2 6.9 43.2 NA 64.4 93.4 89.6 50.7 0.5
20170218 96.9 6.1 5.9 3.8 6.2 3.9 10.5 0.2 0 0.8 40.3 0 12.4 2.5 8 5.3 43.9 NA 58.1 98.3 90.4 42.3 0.1
20170219 84.4 0.3 0.4 0 2.1 1.4 4.7 0 0 0.5 30.1 0 11.6 1.1 5.4 0.8 13.8 NA 42.3 98.7 71.4 37.3 0.1
20170220 85.3 0.8 1.2 0.1 1.5 2.6 4.2 0 0 0.3 35.9 0 15.9 0 5.8 0.5 21.6 NA 34.5 99.6 75.9 36.9 0.1
20170221 80.5 0.8 1.4 0 1.5 3.8 4.3 0 0 0.4 37.1 0 15.5 0.6 6.2 1.3 19 NA 36.3 99.6 91.2 39.1 0.1
20170222 78.5 0 0.2 0 2.2 4.6 3.7 0 0 0.1 28.4 0 15.5 1.4 5.9 1.5 7.6 NA 36.3 95.7 91.2 38.4 0.1
20170223 78.5 0 0 0 2.7 1.9 3.7 0 0 0.1 27.4 0 11 1.4 5.9 1.4 0 NA 30 99.6 45.3 32 0.1
20170224 70.4 0 0 0 2 1.3 0.4 0 0 0.1 22.4 0 9.2 0.8 5.3 1.4 0 NA 20 99.2 32.2 29.7 0.1
20170225 58.5 0 0 0 1.1 0.7 0 0 0 0.7 20.5 0 8.2 0 3.5 1 0 NA 14.7 93.3 51.8 28.3 0.1
20170226 75.2 0 0 0 3.6 1 0 0 0 1.1 28.8 0 6 0 3 1.7 0 NA 9.1 91.9 91 30.6 0.1
20170227 51.4 0 0 0 3.3 0.7 0 0 0 0.5 17.7 0 2.7 0 3.9 0.4 0 NA 0 89.9 55.2 21.4 0
20170228 51.3 0 0 0 3.1 0.7 0 0 0 0.5 17.7 0 2.6 0 4 0.3 0 NA 0 89.9 55.2 20.7 0
20170301 50 0 0 0 1 0.7 0 0 0 0.1 39.1 0 2.2 0.1 4.3 0.5 0 NA 0 90 67.1 23.6 0
20170302 91.8 0 0 0 7.5 1.2 0.3 0 0 1.9 56.3 0 1.2 0 8 4.7 0 NA 0 95.8 90.6 41.9 0
20170303 91.9 0.4 0 0 8.8 2 1.2 0 0 1.9 53 0 3.5 3.1 7.5 8 6.2 NA 0 97.7 89.5 49.6 0.2
20170304 95.3 0 0 0 12.4 3.3 5.7 0 1 2.8 55.1 0 3 11.9 14.9 19.6 0 NA 14.6 98 93.3 58 0.1
20170305 93.5 0 0 0 3.8 5.5 1.9 0 0 0.5 42.3 0 2.3 5.3 10.4 8.6 3.4 NA 19.9 97.1 90.8 57.3 0
20170306 84.3 0 0 0 2.9 6.3 0 0 0 0 41.3 0 8.5 6.9 9.6 9 0 NA 20.5 97.1 57.8 53.1 0
20170307 66.6 0 0 0 2.4 4.2 0 0 0 0 37.6 0 7.8 1.5 6.7 9.6 0 NA 12.1 97.1 61.8 50.6 0
20170308 41.4 0 0 0 2.5 4.2 0 0 0 0.1 19.3 0 1.7 0.2 3.3 0.5 0 NA 0 97.1 69.3 45.5 0
20170309 30.9 0 0 0 4.7 0.8 0 0 0 0.7 23 0 1.4 0.5 4.9 0.6 0 NA 1.8 91 69.3 23.1 0
20170310 69.2 0 0 0 8.5 1.1 0 0 0 2.5 26.9 0 0.8 0.8 5.4 3 0 NA 7.1 95.3 52.7 23.8 0
20170311 83.4 0 0 0 10.1 1.9 0 0 0 2.4 21.5 0 2.6 2.1 7.8 3.8 1 NA 0 97.3 50.2 38.2 0
20170312 89.7 0 0.1 0.7 14.4 10.1 7.9 0 0 2.2 45.7 0 9.6 1.5 8.3 11.2 4.4 NA 47.2 97.7 93 59.6 0.5
20170313 94.9 0 0.7 2.3 15.5 16 12.9 0 0 3.9 83.3 0 20.8 0.8 10.4 20 48.6 NA 64.8 98.2 95.3 69.6 1.5
20170314 94.7 0 0.5 2.7 16.7 14 4 0 0 5.8 76.7 0 26.4 6.8 12.5 21.6 48.4 NA 59.5 98.6 94.7 81 1.9
20170315 85.3 0 0.5 2.7 9.1 3.6 16.9 0 0 5.7 58.2 0 26.4 5.7 10.3 16.6 49.3 NA 77.1 99.4 91.6 60.7 1.9
20170316 83.8 0 1.1 11.2 8.5 4.5 12.2 0 0 3.4 35.4 0 30 5.8 10.3 11.5 79 NA 59.7 99.4 94.5 54.7 1.3
20170317 86.9 13.1 0.2 5.9 6.2 2 8.6 0 0 1.7 32 0 22.9 6 11.5 9.5 44.9 NA 59.9 99.4 93.5 40.1 0
20170318 80.8 9.2 0 4.9 6.2 1.9 6.8 0 0 0.1 33.4 0 23.1 0.7 6.8 7.5 43.5 NA 58.8 99.4 82.7 33.2 0.1
20170319 80.2 0.5 0 2 6.1 5.4 5.8 0 0 0.1 45.1 0 21.7 0.5 6.6 8.3 34.8 NA 59.6 98.9 83.4 38.5 0
20170320 86.7 1.2 0 2 6.6 3.9 5.6 0 0 0.1 47.7 0 17.7 0.6 6.2 8.7 27.4 NA 55.3 98.5 80.8 33.4 0
20170321 84.4 0.3 0 2.4 6.3 1.3 4 0 0 1 47.1 0 15.7 0.2 4.6 6.1 32.5 NA 61.6 98.5 85.8 29.7 0.1
20170322 56.4 0 0 0.6 2.9 2 1.3 0 0 1.1 21.5 0 14.8 0.1 4.2 2.6 22.4 NA 15.6 84.1 81.8 28.8 0.1
20170323 56.4 0 0 0 2.7 0.7 1.2 0 0 0.9 22.4 0 15.4 0.1 4.7 2.4 10.8 NA 13.1 86.4 81.9 30.2 0.1
20170324 55.7 0 0 0 2.2 0.9 0.8 0 0 0.6 16 0 13.8 0.7 4.7 2.5 4.7 NA 12 86.2 64.3 28.4 0
20170325 46.2 0 0 0 1.8 0.9 0.7 0 0 0 19.8 0 14.5 0.2 3.4 2.8 4.2 NA 5.9 93.9 73.3 29.4 0
20170326 28.3 0 0 0 1 0.7 0.4 0 0 0 16.7 0 14.4 0 3.2 2.3 0 NA 3.5 91.8 72.8 26 0.1
20170327 30.5 0 0 0 0.4 0.3 0.2 0 0 0 13.3 0 14 0 3 1.4 0 NA 2.5 91.8 62.9 24 0.1
20170328 30.5 0 0 0 2.6 0.3 0.1 0 0 0 10.5 0 13.8 0 3.6 1.5 0 NA 2.5 97.6 67.2 24.4 0.1
20170329 35.9 0 0 0 2.7 0 0.1 0 0 0.3 13.4 0 13.6 0 3.4 1.8 0 NA 3.8 89.4 63.1 28.8 0.1
20170330 35.8 0 0 0 2.3 0 0.1 0 0 0.2 9.3 0 8.7 0 3.1 1.6 0 NA 3.8 88.7 64.5 29.2 0
20170331 23.1 0 0 0 2.6 0 0 0 0 0 12.2 0 4.2 0 3 1.1 0 NA 1.5 90.4 52.2 26 0
20170401 19.1 0 0 0 1 0 0 0 0 0 7.4 0 3.3 0 2.7 0.3 0 NA 1 86.2 60 19.7 0
20170402 14.5 0 0 0 0.5 0 0 0 0 0 5.8 0 0.9 0 2.7 0.2 0 NA 0.8 84.5 62.3 20.4 0
20170403 13.9 0 0 0 0.3 0 0 0 0 0 4.9 0 1.6 0 2.7 0.2 0 NA 1 81 55.6 19.6 0
20170404 1.7 0 0 0 0.8 0 0 0 0 0 5.3 0 1 0 2.5 0.3 0 NA 0.7 76.3 61.7 18.1 0
20170405 0.6 0 0 0 0.7 0 0 0 0 0 0.8 0 0.6 0 2.5 0.1 0 NA 0 63 46.2 17.3 0
20170406 0.2 0 0 0 0.7 0 0 0 0 0 0.4 0 0 0 2.4 0.1 0 NA 0 60 43.5 16.5 0
20170407 0 0 0 0 0.5 0 0 0 0 0 0.2 0 0 0 2.3 0.1 0 NA 0 32.4 22.1 10.4 0
20170408 0 0 0 0 0 0 0 0 0 0 0.6 0 0.2 0 2.2 0.1 0 NA 0 20.2 26.8 10.1 0
20170409 0 0 0 0 0 0 0 0 0 0 0.6 0 0 0 2.1 0.1 0 NA 0 23.7 28.8 9.4 0
20170410 0 0 0 0 0 0 0 0 0 0 0.3 0 0 0 2.1 0.1 0 NA 0 22.9 24.2 9.3 0
20170411 0 0 0 0 0 0 0 0 0 0 0.2 0 0 0 1.8 0.1 0 NA 0 22.7 24.3 9.9 0
20170412 0 0 0 0 0.1 0 0 0 0 0 0 0 0 0 1.8 0.1 0 NA 0 8.1 11.3 3.8 0
20170413 0 0 0 0 0.1 0 0 0 0 0 0 0 0 0 1.8 0 0 NA 0 1.9 21.6 1.5 0
20170414 0 0 0 0 0.1 0 0 0 0 0 0 0 0 0 1.8 0 0 NA 0 0.4 22.7 1.4 0
20170415 0 0 0 0 0 0 0 0 0 0 0 0 0 0 1.6 0 0 NA 0 0.3 12.2 0.6 0
20170416 0 0 0 0 0 0 0 0 0 0 0 0 0 0 1.7 0 0 NA 0 0.3 11.9 0.8 0
20170417 0 0 0 0 0 0 0 0 0 0 0 0 0 0 1.8 0 0 NA 0 0.3 5.9 0.4 0
20170418 0 0 0 0 0 0 0 0 0 0 0 0 0 0 0.8 0 0 NA 0 0 2.9 0 0
20170419 0 0 0 0 0 0 0 0 0 0 0 0 0 0 0.8 0 0 NA 0 0 2.4 0 0
20170420 0 0 0 0 0 0 0 0 0 0 0 0 0 0 0.8 0 0 NA 0 0 3.4 0 0
20170421 0 0 0 0 0 0 0 0 0 0 0 0 0 0 0.4 0 0 NA 0 0 0 0 0
20170422 0 0 0 0 0 0 0 0 0 0 0 0 0 0 0.4 0 0 NA 0 0 0 0 0
20170423 0 0 0 0 0 0 0 0 0 0 0 0 0 0 0.4 0 0 NA 0 0 0 0 0
20170424 0 0 0 0 0 0 0 0 0 0 0 0 0 0 0 0 0 NA 0 0 0 0 0
20170425 0 0 0 0 0 0 0 0 0 0 0 0 0 0 0 0 0 NA 0 0 0 0 0
20170426 0 0 0 0 0 0 0 0 0 0 0 0 0 0 0 0 0 NA 0 0 0 0 0
20171129 0 0 0 0 0 0 0 0 0 0 0 0 0 0 0.9 0 0 NA 0 0 0 0 0
20171130 0 0 0 0 0 0 0 0 0 0 0 0 0 0 0.9 0 0 NA 0 0 0 0 0
20171201 0 0 0 0 0 0 0 0 0 0 0 0 0 0 1.2 0 0 NA 0 0 0 0 0
20171202 0 0 0 0 0 0 0 0 0 0 0 0 0 0 1.5 0 0 NA 0 0 0 0 0
20171203 0 0 0 0 0 0 0 0 0 0 0 0 0 0 1.3 0 0 NA 0 0 0 0 0
20171204 0 0 0 0 0 0 0 0 0 0 0 0 0 0 0.7 0 0 NA 0 0 0 0 0
20171205 0 0 0 0 0 0 0 0 0 0 0 0 0 0 0.7 0 0 NA 0 0 0 0 0
20171206 0 0 0 0 0 0 0 0 0 0 0 0 0 0 0.7 0 0 NA 0 0 0 0 0
20171207 0 0 0 0 0 0 0 0 0 0 0 0 0 0 1.1 0 0 NA 0 0 0 0 0
20171208 0 0 0 0 0 0 0 0 0 0 0 0 0 0 1.3 0 0 NA 0 0 0 0 0
20171209 0 0 0 0 0 0 0 0 0 0 0 0 0 0 1.8 0 0 NA 0 0 0 0 0
20171210 0 0 0 0 0 0 0 0 0 0 0 0 0 0 2 0.1 0 NA 0 2.2 0 0 0
20171211 5.8 1.2 0 0 0 0.1 0.1 0 0 0 0 0 0 0 2 0.1 2.3 NA 16.2 21.7 2.9 0.6 0
20171212 6.4 1.3 0 0.3 0.1 0 0 0 0 0 0 0 0 0 2.2 0.1 1.7 NA 41 18.4 3 0.6 0
20171213 9.9 1.5 0.1 5.1 0.3 0 0 0 0 0 0 0 6 0 2.5 0.1 3.1 NA 30.5 32.9 7.5 6.7 0.3
20171214 22.5 5.4 0 1.4 1.4 1.2 2 0 0.3 0.4 6.8 0 6.1 0 3.5 0 30.3 NA 44.6 38.4 6.5 8.7 0.2
20171215 22.5 28.7 0 2.8 0.6 0.5 3.4 0 0.3 0.4 6.8 0.4 7.5 0.2 3.7 0 81.4 NA 54.7 90.3 9.4 13.7 2.1
20171216 23.4 28.7 0 2.8 1.1 0.8 3.4 0 0.3 0.4 7.2 0.4 11.9 0.2 3.9 0.1 84.9 NA 54.7 92.3 11.5 17.9 2.7
20171217 25.8 44.7 0 2.8 0.9 0.8 4 0 0.3 0.4 6.9 0.4 13.2 0.4 4 0.1 93 NA 55 92.3 11.5 19.1 2.8
20171218 19.4 18.5 0 4 0.4 0.8 2.9 0 0 0 0.4 0 11 0.3 3.3 0.1 43.4 NA 54.1 58 6.7 6.2 0.6
20171219 13 14 0 2.2 0.2 0.7 0.2 0 0 0 0 0 5.6 0 2.9 0.1 23.5 NA 40.1 57.2 7.6 4 0.1
20171220 17.2 24.6 0 3.7 0.5 1 0.3 0 0 0 0 0 7.5 0 3 0.1 41.7 NA 43.1 58.4 11.5 6.1 0.1
20171221 21 26.8 0 2.9 1.9 1.7 0.9 0 0 0 7 0 10 0.2 4.9 0.1 47.2 NA 51.5 59.3 8.6 8.1 0.2
20171222 27.9 6.4 0 0.8 0.9 0.7 1.3 0 0 0 3.7 0.3 5.7 0.2 5 0.1 24.8 NA 39.8 59.3 9.5 14.4 0.2
20171223 28.9 4.4 0 0.8 0.9 0.2 0.3 0 0 0 3.8 0 5.7 0.1 4.3 0.1 16.5 NA 39.4 60.8 9.7 11.3 0.2
20171224 36 7.8 0 0.8 0.8 0.3 0.2 0 0 0.2 2.3 0 5.7 0.8 4 0.1 19.3 NA 41.9 55.4 7.9 4.6 0.3
20171225 36.7 23.7 0 1 1 0.8 1 0 0.7 0.5 3.8 0 5.8 1.2 3.9 0.2 29.4 NA 42.7 76.6 10.2 13.3 0.3
20171226 40.4 34.8 0 2.2 2 1.4 2.4 0 0.9 1 11.7 0 6.3 5.3 7.8 0.3 27.7 NA 52.1 77 12.2 17.9 0.3
20171227 55.6 75.1 2 3.7 5.5 2.1 3.2 1.1 1 2.2 24.1 0 9.3 6.3 9.3 0.5 63.1 NA 56.6 81.3 18.9 32.3 1.5
20171228 58.1 80 5.5 9 8.6 3.1 10.9 6.2 2.9 2.8 29.7 1.6 13.3 4.8 11.2 1.9 79.3 NA 64.6 89.9 37.7 38.7 3.9
20171229 83.1 80.9 13.6 21.2 8 4.4 26.4 9.1 4.2 4.7 35.5 3.9 19.1 9.2 18 3.1 90 NA 78.2 92.9 45.3 29.1 8.6
20171230 71 84.8 15.7 30.8 7.8 4.6 27.6 6.8 1.9 2.1 41.4 4.1 21.8 2 9.5 1.3 93.9 NA 78.9 94 13.4 30.4 10.9
20171231 89 91.5 15.3 40.7 16.3 6.3 33.3 14.1 2.7 3.3 55.3 4.8 22 4.1 11.3 0.7 93.4 NA 84.8 97.7 35 42.1 11.4
20180101 92.7 97.2 24.9 37.3 12.9 11 20 15.5 4.1 4.3 57.3 8.6 31.2 5.5 11.4 2.2 99.3 NA 81.7 98.2 49.5 49.6 12.5
20180102 91.6 97.8 20.5 34.4 12.8 10.9 21.6 20.2 6.3 4.8 39.7 17.4 39.3 9.2 14.3 2.6 98.6 NA 82.9 98 73.3 50.4 15.6
20180103 93.1 92.1 39.3 30 13.6 14.1 24.2 24.6 10.5 4.5 38.8 43.5 44 5.7 12.6 3.2 99.1 NA 87.8 97.1 72.7 51.9 16.1
20180104 94.5 93.1 56.5 36.9 12.8 8 23.8 19.5 7.7 5.3 51.3 1.6 43.5 6.6 12.7 2.6 99.7 NA 86.5 99.1 54.1 44.6 7.1
20180105 91.7 89.5 81.7 50.2 13.7 15.2 36 33 16.3 6.7 62.7 2.9 39.9 13.1 17.1 4.5 98.3 NA 94.2 99.1 72.6 52.8 7.5
20180106 94.1 93 87.9 61.5 14.1 12.7 37.1 30.8 17.1 9.6 71.2 1.7 45.9 16.6 17.7 4.6 98.3 NA 96 98.7 71.8 56.3 6.9
20180107 96.1 93.6 90.8 67.7 12 4.9 40.3 33 9.8 4.5 38.6 13.1 65.2 20.5 21.2 7.6 98.3 NA 95.1 99.8 91.1 44.9 8.2
20180108 96.7 91.2 87.4 48.7 11.8 7.9 35.4 30 10.4 4.6 27.4 4.3 51.4 5 18.7 10.1 98.3 NA 88.5 99.8 85 32.1 9.9
20180109 92.7 90.5 78.8 40.7 11.6 8.8 23.2 13.4 0 2.3 31.1 3.7 44.4 0.1 9.1 5.9 99.7 NA 83.2 99.8 78 33.5 8.2
20180110 96.3 81.3 78.7 29.9 2.5 8.4 14.1 13.6 0 3.6 31.7 1.4 38.8 8.9 12.4 0.8 99.7 NA 65.7 99.8 57.2 32.4 3.1
20180111 95.2 75.3 74.4 52.8 3.7 7.6 18.3 3.6 0.7 0.5 27.3 0 38.2 7.1 12.1 1.1 99.8 NA 69.9 99.8 60.9 28.7 2.4
20180112 89.5 72.4 66.1 32.5 4.1 8.8 17.8 4.2 0.9 0.4 29.1 0 33.4 2.5 11.2 3 99.8 NA 70.3 99.8 59.2 29.6 0.3
20180113 95.7 81.1 69.4 57.6 12.9 8.1 19.1 20.8 4.8 3.4 61.8 2 35.5 18.4 19.6 5 99.6 NA 86.3 98.9 89.6 51.3 1.2
20180114 99.1 87.6 80.4 49.1 11.5 7.3 27.1 31.5 7.8 5.9 55.7 1.4 73.9 20.4 26.2 9.6 98.5 NA 89.3 99.7 92 54.9 7.7
20180115 99.1 92.4 91.8 80.8 7.6 13.8 38.3 33.3 6.6 1 53.5 1.4 81.9 23.7 31.3 8.7 99.6 NA 96.6 99.4 95.2 47.8 10.1
20180116 99.2 92.7 92.9 82.6 10.8 18 41.7 37.1 9.9 2.7 58.2 2 86.4 27.2 34.4 9.9 99.6 NA 96.6 100 87 64.8 12
20180117 99.5 93.1 94.3 73.8 13.1 23.3 43.2 27.2 7.3 7 63.6 3.2 79.5 16.4 19.8 10.1 99.7 NA 95.3 100 79.1 65.4 15.7
20180118 96.8 90.4 93 56.8 9.9 4.2 41.3 20.1 3.1 4.4 39.9 0 82.2 14.3 16.5 10.3 99.6 NA 90.2 100 84.3 40.9 8
20180119 95.3 91.2 93.8 80.1 8.4 5.1 36.1 13.1 1.2 4.8 41.6 1 48.1 12.4 19.6 5.3 99.6 NA 89.6 100 93.1 44.6 1.3
20180120 89.4 84 86.5 80.7 8.8 6.3 23 4.5 0.1 1 29.8 0 41.1 4.6 10.1 3.4 99.6 NA 80.3 100 86 34.7 0.4
20180121 92.5 83.9 85.4 79.4 5.9 7.7 22.6 2.1 0.3 1.5 32.8 0 39.2 2.8 9.4 5.7 99.6 NA 65.9 100 83.2 35.1 0.5
20180122 92.5 71 77.2 82.6 8.8 8.5 28 2.1 0.3 1.5 32.9 0 42.8 2.8 9.5 5.7 99.6 NA 75.4 100 83.2 37.4 0.7
20180123 93.8 71 75.9 80.7 8.7 7.7 28 2.2 0.5 3.1 39.6 0 42.4 2.3 9.5 5.8 99.6 NA 75.3 100 65 37.7 0.7
20180124 92.5 74.4 81.8 83.4 18.6 14.5 28.4 0.8 0.3 3.9 32.9 0 47.6 10.3 13.5 9.2 99.6 NA 80.5 100 85.7 54.3 1
20180125 93.6 75.5 66.3 77.2 18.4 29 27.1 1 0.6 6.4 53.8 0.7 57.9 15.8 17.3 14.3 92.7 NA 93.7 100 93.2 70.3 1.9
20180126 92.7 61.7 60.1 87.3 10.7 19.7 22.7 2.2 0.1 1 45.5 0 65.9 24.7 21.5 18.7 90.5 NA 91.4 100 93.1 58.8 5.6
20180127 87.5 58.3 55.9 85.7 5.9 18.3 20 1.2 0 0.5 40 0 60.4 10.6 10.7 4.8 90.5 NA 82.7 100 57.1 47.2 2.2
20180128 89.6 48.4 43.5 82.1 6.5 6.6 3.9 0.3 0.1 2 33.9 0 37.3 5.6 8.3 1.9 91.1 NA 60.4 100 65.9 37.9 0.5
20180129 89.4 59.2 50.3 81.5 15.7 8.9 4.7 0.8 0.6 3.2 38.8 0 42.5 17.4 15.7 2.4 94 NA 62.4 100 74.1 55.7 2.8
20180130 92.6 56.2 51.7 65.8 38.7 26.5 12.8 0.8 0.6 1.2 52.6 0 39.7 17.7 18.3 8.1 92.2 NA 72 99.9 94.1 53.4 3.5
20180131 92.7 73.5 59.9 71.9 28.1 18.8 17.1 3.5 1 0.9 45.7 0 38.7 33.2 21.9 17.6 92.7 NA 75.6 99.6 77.1 53.4 2.4
20180201 91.4 45.3 62.4 82.5 12.2 6.2 30.4 1.2 0.5 1.9 33.2 0 30.6 17.6 16.7 11.5 86.6 NA 71.8 99.9 71.8 49.9 0.5
20180202 96.4 52.6 54.8 82.2 40.7 18.6 32.2 10.9 1 6.5 46.7 0 45.8 47.2 24.3 11.5 96.6 NA 73.4 99.9 95.3 64.5 1.7
20180203 96.4 44.9 57.5 84.1 42.4 17.7 36.5 11.4 1.3 7.2 51.6 0 48.8 83.5 48.2 18.1 96.6 NA 73.4 99.9 94.8 64.9 1.1
20180204 98.2 68.1 84.4 83.2 48.6 25.4 51.6 11.2 4.9 12.7 68.9 0 39.3 83.8 52 30.5 96.9 NA 88.1 99.8 94.9 66.8 1.6
20180205 98.2 95.1 93.5 91.8 63.1 22.3 61.9 30.7 15.9 20.5 79.6 0.2 45.1 83.7 56.2 32.9 96.7 NA 93.6 99.9 95.6 77.4 3.7
20180206 98.3 91.8 93.5 92.7 55.3 29.6 46.9 33.9 17.7 16.9 71.7 1 53.7 84.1 61.6 37 96.7 NA 87.4 100 95.6 77.6 3
20180207 98.3 92.1 93.1 92.2 74.3 51.9 62.7 31.5 20.9 24.9 83.4 0.7 56.3 76.2 73.5 31.3 96.8 NA 94.2 100 95.6 84.8 3.3
20180208 98.3 89.4 90.3 92.1 64.5 25.6 61.8 32.4 19.5 31.1 82.4 1.9 62.8 71.4 78.7 29.6 100 NA 91.8 100 95.6 77.7 6.8
20180209 100 95.2 95.1 95.2 79.4 30.8 73.3 35.8 23 33.8 88.9 10.9 69.6 95 93.1 37.8 100 NA 97.5 100 95.6 84.8 11.6
20180210 100 95.2 95.1 95.2 82.7 37.1 75.8 32.1 21.4 43.7 91.9 5.7 67.8 76.4 86.1 52.3 100 NA 97.5 100 95.6 86.8 8.8
20180211 100 92.8 89.1 95.2 87.8 60.1 70.3 32.5 27.2 58.9 95.8 1.8 66.5 82.1 91 62.5 93.7 NA 97.5 100 95.6 94.5 4.4
20180212 100 87.2 89.8 88.6 88.9 60.3 66.7 32.6 16 23.9 95 1.3 63.2 65.1 86.3 57.4 92.9 NA 94.6 100 95.6 89.9 6.4
20180213 100 91.6 89.8 89 93.3 50.1 73.2 29 15.5 24.4 93.8 3 61.1 69.1 79.5 53.5 99.9 NA 92.3 100 98.7 91.3 5.7
20180214 99.6 92.6 93.8 92 67.5 25 83.6 34.9 12.9 8.5 89.8 1.6 61.6 47.2 81.1 52.6 99.9 NA 85.8 100 99.9 77.1 2.7
20180215 99.5 90.1 94.4 92.4 67.3 30.6 81.4 31 9.1 6.4 87.2 0.6 48.3 41.5 75.3 51.8 99.8 NA 80.7 100 99.8 74.5 1.2
20180216 98.9 87.6 89.5 91 60 27.9 52.5 25.1 1.6 10 90.7 0 51.7 74.7 84.8 48 99.8 NA 65 100 99.9 79.7 0.4
20180217 98.6 84.2 90.9 90.9 52.2 24.6 50.3 20.9 1.8 4 79.6 0 43.4 20.7 61.3 49.6 99.9 NA 65.9 100 99.9 78.9 0.4
20180218 98.3 68.6 91.7 88.5 34.2 14.1 32.6 15.5 0.8 3 72.1 0 47.7 15 58.1 51.3 95.1 NA 58.7 100 99.9 69.1 0.2
20180219 98.3 58.1 85.8 84.2 24.6 21.5 32 17.5 1 2.8 71.7 0 43.1 12.3 59.5 51.1 95.1 NA 50.9 100 98.9 66.6 0.2
20180220 98 52.9 78.6 82.3 39.4 25.8 43.8 13.1 0.9 4.5 80.5 0 41.6 57.6 67.4 52.7 94.5 NA 54.4 100 99.8 66.7 0.2
20180221 92.3 45.8 72.9 79.4 19.1 19.9 29.2 5 1 6.8 78.4 0 39.3 57.9 78.2 53.5 86.5 NA 65.5 100 99.9 71.7 0.2
20180222 95.1 60.8 82.5 83.3 37.5 26.7 32.7 16.9 4.1 12.1 87.4 0 49.6 54.8 72.9 62.1 87.3 NA 63.8 100 99.9 74.7 1.1
20180223 96.6 58.5 81.5 86.1 33 29.1 34.6 19 5.3 11.7 86.6 0 52.7 54.7 75.3 61.9 87.3 NA 64.3 100 99.7 75.1 1.1
20180224 93.7 64.6 83.8 83.7 12.6 21.9 23.9 1.4 0.9 5.2 73.3 0 47.6 69.5 87.7 62.1 87.3 NA 63.4 100 99.8 73.3 0.2
20180225 93.7 19.4 56.8 84.5 6.5 16.5 20.7 0.7 0.7 3.6 77 0 39.5 65 88.6 62.7 54.5 NA 43 100 99.8 58.3 0.2
20180226 88.1 13.2 52.3 75 11.5 15.5 18.1 0 0 1.4 48.7 0 39.7 15.4 71.5 57.4 60.3 NA 39.8 100 99.8 57.7 0.1
20180227 80.2 9.5 31.7 72.5 7.3 5.7 14.1 0 0 0.3 40.8 0 30.8 15.6 69.6 51.4 40.1 NA 36.6 100 90.7 54.7 0.1
20180228 82.9 8.6 28.5 73.9 5.8 6.7 12.6 0 0 1.1 50.8 0 29.1 15.2 66.4 52.4 27.9 NA 32.2 100 91.3 49.5 0.1
20180301 91.1 8.6 24.1 80.1 9.2 12.5 12 0 0 2.8 64.1 0 33.9 28.2 68.1 49.9 68.3 NA 42.6 100 91.3 55.6 0.5
20180302 83.9 2 22.7 71.8 6.6 11.8 9.3 0 0 5.1 68.9 0 46.3 43.4 71.9 48.5 27.2 NA 35.1 100 98.1 63.9 0.1
20180303 89.3 1.3 16.8 55.2 4.2 12.5 5.7 0 0 5.5 63 0 47.7 49.6 87.3 68.1 0 NA 15.4 100 98.1 67 0.1
20180304 90.4 0.7 13.1 49.3 4.1 12.7 4.2 0 0 7.5 67.4 0 18.6 61 88.7 60.2 0 NA 15.9 99.9 98.1 53 0.3
20180305 90.5 0.5 14.5 59.5 4.2 14.3 6.1 0 0 8.9 57.2 0 20.2 76.6 78.6 52.7 0 NA 14.4 99.9 98.1 51.9 0.3
20180306 86.5 0 16.5 54.8 5.2 13.5 7.6 0 0 5.8 52.5 0 21.1 37.3 55.9 40.8 0 NA 13.1 99.9 97.6 49.5 0.1
20180307 80.3 0 15.8 66.8 4 7.3 6.6 0 0 2.7 35.1 0 21 48.9 57.9 41.1 0 NA 4.4 99.9 97.7 47.1 0.1
20180308 85.4 0 9.1 80.1 6.8 12.6 8.1 0 0 4.2 48 0 19.3 12 54.4 50.6 0 NA 4.4 99.9 99.2 50.2 0
20180309 83 0 5.9 68.1 4.7 9.9 2.8 0 0 4.7 46.7 0 10.2 8.6 62.6 43.5 0 NA 4.4 99.8 96.2 47.8 0
20180310 77.8 0 4.7 55 2.5 4 2.7 0 0 1.8 25.5 0 10.3 11.1 71.7 37.2 0 NA 3.8 99.8 97.9 46.1 0
20180311 78.7 0 3.8 53.7 2.6 3.8 3.5 0 0 2.3 25.9 0 7.3 9.4 73.4 40.8 0 NA 5.4 99.8 97.9 45.1 0
20180312 86.9 0 3.9 56.3 3.2 3.1 3.3 0 0 2.3 28.2 0 7.2 3.9 72.1 71.7 0 NA 5.1 99.8 97.9 45.9 0
20180313 81.3 0 3.9 54.8 3.2 3.1 2.7 0 0 2 39.9 0 9.2 3.6 57.4 52.4 0 NA 3.9 99.8 97.9 58.7 0
20180314 81.3 0 3.7 53.9 4.2 1.4 2.4 0 0 0.9 30.1 0 10.1 6.3 54.3 49.4 0 NA 3.6 99 95.7 43.2 0.1
20180315 82.8 0 3.7 53.9 4.2 1.4 2.4 0 0 0.5 25.8 0 6.8 4.2 45.6 48.3 0 NA 3.6 99 95.7 55.6 0.1
20180316 83.1 0 3.5 54.9 3.1 3.7 2.1 0 0 2.8 30.5 0 5.6 10 43 47.7 0 NA 3 99 91.8 43.4 0
20180317 80.8 0 3.6 54 5 1.2 5.4 0 0 1.1 28.6 0 5.6 10.2 54 47 0 NA 4.6 98.7 95.4 36.3 0
20180318 80.7 0 3.5 54.2 5 1.1 3.6 0 0 0.8 27.3 0 10.8 6.8 55.8 55.2 0 NA 2.1 99 95.4 38.4 0
20180319 82.1 0 4 56.2 5 3.9 3.2 0 0 1 49 0 10.2 9.2 60.5 54.1 0 NA 5.6 99 94.9 50.5 0.1
20180320 78.9 0 12.8 69.3 2.6 6.1 3.2 0 0 1.5 45 0 10.9 7.8 63.2 57.8 0 NA 1 99.4 98.9 51.7 0.4
20180321 79.8 0 13.4 69.1 2.8 4.2 3.5 0 0 3.9 37.4 0 9.6 21.9 64.5 62.3 0 NA 0.4 99.1 98.8 52.4 0.1
20180322 74.1 0 8.4 44.8 3.3 4.1 3.3 0 0 3 32.3 0 5.9 15.3 65.2 57.8 0 NA 0.3 99.1 99.1 45.6 0
20180323 71.9 0 6.9 35.6 2.7 1.3 2.5 0 0 0.8 28.8 0 4.4 28.8 84.3 62.8 0 NA 0 99.1 99.6 37.4 0
20180324 71.6 0 7 39.3 2.1 1.6 2.3 0 0 1.2 22.6 0 4.8 34 74.6 56.4 0 NA 0 98.3 98.9 33.9 0
20180325 70.4 0 9.5 37.1 2.4 5.5 2.4 0 0 1.8 38.4 0 2.8 25.7 68.4 45.9 0 NA 0 98.3 98.6 37.1 0
20180326 71.7 0 12.6 41.3 3.4 1.5 5.4 0 0 2.4 35.4 0 5.5 15.5 46.4 35.6 0 NA 0 93.4 97 32.5 0.1
20180327 69.4 0 14.2 41.2 2.6 1.4 5.5 0 0 0.3 25.2 0 5.5 10.4 37.5 26.6 0 NA 0 93.4 89.5 32.5 0.1
20180328 75.9 0 9.4 43.3 3.5 0 4.2 0 0 0.1 22.2 0 4.1 16.1 37 31.2 0 NA 0 93.4 96 31.8 0
20180329 76.1 0 10.5 46.7 4.5 0 5.5 0 0 0.1 24.2 0 4.1 8.6 34.4 35.1 0 NA 0 93.4 96.1 32.8 0
20180330 67.8 0 9.9 44.1 0.9 0 3 0 0 0.8 22.6 0 4.1 2.5 29.2 26.5 0 NA 0 93.4 89.8 33.2 0
20180331 68.5 0 5.8 43 1.9 0 0.9 0 0 0.1 19.5 0 2.9 2.6 26.4 19.9 0 NA 0 93.7 94.5 28.1 0
20180401 73.6 0 2.9 33.7 3.7 0 0 0 0 0.3 18.7 0 0.8 4.4 32.8 24.2 0 NA 0 93.4 96.5 28.9 0
20180402 67.1 0 2.8 31.5 6.1 0 0 0 0 0.4 15.8 0 0.5 2.7 24.3 24.7 0 NA 0 93.4 93.8 29.5 0
20180403 58.8 0 3.3 31.8 3.5 0 0 0 0 0.1 9.8 0 0.8 2.8 19.1 17.3 0 NA 0 95 95.5 25.6 0
20180404 61.7 0 2.3 30.6 3.8 0 0 0 0 0.1 9.8 0 0.8 1.9 22.6 21.1 0 NA 0 95 95.8 29.8 0
20180405 54.3 0 0 7.8 1.1 0 0 0 0 0 4.3 0 0 1.8 13.7 9.3 0 NA 0 95 95.5 24.8 0
20180406 52.6 0 0 5.3 1.2 0 0 0 0 0 6.6 0 0 0.6 14.4 13.2 0 NA 0 87.7 97.4 24.5 0
20180407 49.6 0 0 3.4 2.8 0.2 0 0 0 0 2.7 0 0 1 12 9.9 0 NA 0 93.2 93.3 23.2 0
20180408 47 0 0 2.7 3.1 0.2 0 0 0 0.2 3.2 0 0 2.1 10.7 9.8 0 NA 0 93.2 93.3 23.9 0
20180409 53.9 0 0 3.7 4.1 0 0 0 0 0 3.7 0 0 50.9 61 44.2 0 NA 0 93.2 95.3 24.6 0
20180410 52.3 0 0 4.3 4 0 0 0 0 0 4 0 0 7 45.4 65.4 0 NA 0 93.2 95.3 24 0
20180411 53.6 0 0 3.2 3.1 0 0 0 0 0.1 3 0 0 3.2 22.2 57.9 0 NA 0 93.2 95.3 23.6 0
20180412 53.8 0 0 3.2 2.3 0 0 0 0 0.1 1.7 0 0 0.6 7.9 10.2 0 NA 0 92.1 95.3 21.4 0
20180413 55.8 0 0 3.2 1.6 0 0 0 0 0 3.1 0 0 0.9 8.7 8.6 0 NA 0 92.1 94.8 21.4 0
20180414 56 0 0 4.3 0.6 0 0 0 0 0 2.3 0 0 1.2 9.8 7.9 0 NA 0 84.9 94.8 22 0
20180415 56.1 0 0 6.3 2.3 0 0 0 0 0 5.6 0 0 1.8 11.9 10.3 0 NA 0 84.9 95.3 23.8 0
20180416 48 0 0 6.3 0.8 0 0 0 0 0 5.6 0 0 0.4 5.7 7.4 0 NA 0 84.9 94.1 23 0
20180417 39.6 0 0 2.7 3.2 0 0.5 0 0 1.2 7.6 0 0 0.4 5.9 5.5 0 NA 0 92 88.3 23.2 0
20180418 38.7 0 0 0 3.6 0 0.5 0 0 1.3 7.2 0 0 0.3 6.3 5.1 0 NA 0 92 88.4 23 0
20180419 27.9 0 0 0 2.4 0 0.1 0 0 0.5 0.5 0 0 0.8 6.5 3.8 0 NA 0 92 88 23.8 0
20180420 29 0 0 0 0.9 0 0 0 0 0 0.9 0 0 0.5 6.7 3.1 0 NA 0 90.2 86.9 22.1 0
20180421 35.4 0 0 0 1.7 0 0 0 0 0 1.7 0 0 0.9 8.6 3.6 0 NA 0 89.5 88 22 0
20180422 34.9 0 0 0.1 1.2 0.1 0 0 0 0 1.6 0 0 1.3 7.9 6.3 0 NA 0 88.5 92.8 21.9 0
20180423 32.8 0 0 0.2 0.5 0 0 0 0 0 2.7 0 0 1.4 7 6.3 0 NA 0 88.7 91.5 21.4 0
20180424 33.2 0 0 0.1 0.5 0 0 0 0 0 2.1 0 0 1.9 8 7.5 0 NA 0 88.7 93 22.3 0
20180425 33.5 0 0 0 0.5 0 0 0 0 0 1.3 0 0 0.8 7 6 0 NA 0 88.7 90.5 22.3 0
20180426 30.3 0 0 0 0.8 0 0 0 0 0 0.4 0 0 0.2 6.2 3.4 0 NA 0 89.6 87.9 20.5 0
20180427 19.1 0 0 0 0.3 0 0 0 0 0 0.1 0 0 0.1 5.5 2.2 0 NA 0 84.8 82.8 19.8 0
20180428 11.3 0 0 0 0.2 0 0 0 0 0 0.1 0 0 0.1 4.2 1.8 0 NA 0 81.6 74.6 19.7 0
20180429 9.9 0 0 0 0.3 0 0 0 0 0 0.1 0 0 0.1 4.1 2 0 NA 0 81.6 70.5 19.4 0
20180430 8 0 0 0 0.2 0 0 0 0 0 0.1 0 0 0 3.8 3 0 NA 0 81.6 69.5 19.3 0
20180501 8 0 0 0 0.1 0 0 0 0 0 0.1 0 0 0.1 4.4 9 0 NA 0 75.9 86 18.4 0
20180502 2.8 0 0 0 0 0 0 0 0 0 0.1 0 0 0.1 4 7.1 0 NA 0 74.6 80 18.7 0
20180503 6 0 0 0 0 0 0 0 0 0 0.1 0 0 0 3.8 3.7 0 NA 0 71.7 66.2 18.7 0
20180504 1.7 0 0 0 0 0 0 0 0 0 0.4 0 0 0 3.8 2.6 0 NA 0 62.6 68.5 17.2 0
20180505 0.5 0 0 0 0 0 0 0 0 0 0 0 0 0 3.3 1 0 NA 0 59.6 57.1 16.3 0
20180506 0 0 0 0 0 0 0 0 0 0 0 0 0 0 3.1 1.2 0 NA 0 70.3 58.4 16 0
20180507 0 0 0 0 0 0 0 0 0 0 0 0 0 0 3.1 1.4 0 NA 0 70.1 58 15.8 0
20180508 0 0 0 0 0 0 0 0 0 0 0 0 0 0 2.9 1.2 0 NA 0 61.7 52.3 12.6 0
20180509 0 0 0 0 0 0 0 0 0 0 0 0 0 0 2.9 1.1 0 NA 0 61.4 52.8 12.1 0
20180510 0 0 0 0 0 0 0 0 0 0 0 0 0 0 2.7 0.3 0 NA 0 52.7 39.9 8.6 0
20180511 0 0 0 0 0 0 0 0 0 0 0 0 0 0 2.3 0.2 0 NA 0 30.7 31.8 0.9 0
20180512 0 0 0 0 0 0 0 0 0 0 0 0 0 0 2.1 0 0 NA 0 0.5 17.7 0.3 0
20180513 0 0 0 0 0 0 0 0 0 0 0 0 0 0 1.9 0 0 NA 0 0 17.9 0.4 0
20180514 0 0 0 0 0 0 0 0 0 0 0 0 0 0 1.1 0 0 NA 0 0 11.3 0.1 0
20180515 0 0 0 0 0 0 0 0 0 0 0 0 0 0 0.9 0 0 NA 0 0 11.1 0 0
20180516 0 0 0 0 0 0 0 0 0 0 0 0 0 0 0.7 0 0 NA 0 0 8 0 0
20180517 0 0 0 0 0 0 0 0 0 0 0 0 0 0 0.2 0 0 NA 0 0 7.9 0 0
20180518 0 0 0 0 0 0 0 0 0 0 0 0 0 0 0 0 0 NA 0 0 2.8 0 0
20180519 0 0 0 0 0 0 0 0 0 0 0 0 0 0 0 0 0 NA 0 0 0 0 0
20180520 0 0 0 0 0 0 0 0 0 0 0 0 0 0 0 0 0 NA 0 0 0 0 0
20180521 0 0 0 0 0 0 0 0 0 0 0 0 0 0 0 0 0 NA 0 0 0 0 0
20181115 0 0 0 0 0 0 0 0 0 0 0 0 0 0 0.1 0 0 NA 0 0 0 0 0
20181116 0 0 0 0 0 0 0 0 0 0 0 0 0 0 0.2 0 0 NA 0 0 0 0 0
20181117 0 0 0 0 0 0 0 0 0 0 0 0 0 0 0.5 0 0 NA 0 0.8 0.1 0 0
20181118 0 0 0 0 0 0 0 0 0 0 0 0 0 0 1 0 0 NA 0 4 0.1 0 0
20181119 0 0 0 0 0 0 0 0 0 0 0 0 0 0 0.9 0 0 NA 0 3.9 0.1 0 0
20181120 0 0 0 0 0 0 0 0 0 0 0 0 0 0 1.1 0 0 NA 0 4.2 0.1 0 0
20181121 0 0 0 0 0.1 0 0 0 0 0 0 0 0 0 1.7 0 0 NA 0 5.8 0.1 0 0
20181122 2 0 0 0 0 0 0 0 0 0 0 0 0.5 0 2 0 0 NA 0 13.5 1.3 0 0
20181123 2.8 0 0 0 0.1 0 0 0 0 0 0 0 2.6 0 1.7 0 0 NA 5.2 14.3 2.6 0.9 0.1
20181124 1.3 0 0 0 0 0 0 0 0 0 0 0 2.6 0 1.7 0 0 NA 5.8 8.8 1.3 0 0
20181125 0.4 0 0 0 0 0 0 0 0 0 0 0 2.6 0 1.5 0 0 NA 1.8 8.8 1.3 0 0
20181126 0.1 0 0 0 0 0 0 0 0 0 0 0 2.5 0 1.3 0 0 NA 0.5 3.2 0 0.2 0
20181127 0.2 0 0 0 0 0 0 0 0 0 0 0 2.5 0 1.3 0 0 NA 0 3.7 0.2 0.3 0
20181128 0.4 0 0 0 0 0 0 0 0 0 0 0 2.5 0 1.5 0 0 NA 0 3.8 0.4 0.3 0
20181129 4.4 0 0 0 0 0 0 0 0 0 0 0 2.2 0 1.6 0 0 NA 8.5 3.4 1.4 0.3 0
20181130 5.4 0 0 0 0 0 0 0 0 0 0 0 1.6 0 1.6 0 0 NA 10.6 5.7 1.6 0.6 0
20181201 3.2 0 0 0 0 0 0 0 0 0 0 0 1.6 0 1.7 0 0 NA 4.5 7.4 1.2 0.5 0
20181202 1.6 0 0 0 0 0 0 0 0 0 0 0 1.1 0 1.7 0 0 NA 0 8.6 0.7 0.5 0
20181203 1.6 0 0 0 0 0 0 0 0 0 0 0 1.1 0 1.8 0 0 NA 0 8.6 0.7 0.5 0
20181204 1.8 0 0 0 0 0 0 0 0 0 0 0 0.5 0 2 0 0 NA 0 9.6 1.1 0.7 0
20181205 1.5 0 0 0 0 0 0 0 0 0 0 0 0.5 0 2.2 0 0 NA 0 11.1 2.1 0.9 0
20181206 1.7 0 0 0 0 0 0 0 0 0 0 0 0.5 0 2.4 0 0 NA 0 12.2 2.5 1.2 0
20181207 8.2 0 0 0 0 0 0 0 0 0 0 0 0.1 0 3.1 0.3 0 NA 2.7 38.2 11.8 4.5 0
20181208 18.5 0 0 0 0 0 0 0 0 0 0 0 0.1 0 3.1 0.1 0 NA 5.1 39.3 3.5 4.1 0
20181209 22.2 0 0 0 0 0 0 0 0 0 0 0 0.2 0 2.9 0.1 0 NA 31.5 39.6 2.1 4.1 0
20181210 17.8 0 0 0.3 0.2 0 0 0 0 0 0.3 0 3.9 0 3 0.1 0.7 NA 33.7 43.4 0.7 3.9 0
20181211 20 0 0 0.3 0.2 0 0 0 0 0 0.3 0 3.9 0 3.5 0.1 0.7 NA 33.7 43.5 0.7 4.5 0
20181212 19.9 0 0 0.4 0.5 0.1 0 0 0 0 0.3 0 3.9 0 2.8 0.1 0.8 NA 35.1 33.5 0.8 4.1 0
20181213 18.5 1.9 0 0.6 0.4 0 0 0 0 0 0.1 0 3.8 0 2.7 0.1 1.7 NA 37.9 23.5 0.4 3.1 0
20181214 17.3 0.9 0 0.2 0.2 0 0 0 0 0 0 0 2.2 0 2.1 0.1 0 NA 42.6 18.3 0.4 2.4 0.1
20181215 16 0.9 0 0.2 0.2 0 0 0 0 0 0 0 2.2 0 2 0.1 0 NA 42.6 18.3 0.4 2.4 0
20181216 17.9 0.4 0 0 0.2 0 0 0 0 0 0 0 1.9 0 2.2 0.1 0 NA 21.5 17.6 0.3 1.9 0
20181217 13.6 0.4 0 0 0.3 0 0 0 0 0 0 0 2 0 2.5 0.1 0 NA 28 17.7 0.2 2.3 0
20181218 13.9 0.4 0 0 0.2 0 0 0 0 0 0 0 1.9 0 2.5 0.1 0 NA 12.8 19.1 0.2 2.7 0
20181219 14.1 0.4 0 0 0.3 0 0 0 0 0 0 0 1.5 0 2.5 0.1 0 NA 9 16.3 0.1 4.5 0
20181220 14.1 0.4 0 0 0.2 0 0 0 0 0 0 0 2.5 0 2.6 0.1 0 NA 9.8 16.1 0.1 4.7 0
20181221 14.3 0 0 0 0.2 0 0 0 0 0 0 0 1 0 4.2 0.1 0 NA 5.5 17.7 0 3.7 0
20181222 4.7 0 0 0 0.4 0 0 0 0 0 0 0 2.9 0 2.3 0.1 0 NA 4.9 30 2 4.9 0.1
20181223 23.4 0 0 0 0.2 0 0 0 0 0 0 0 4.1 0 2.8 0.1 0 NA 7.9 35.4 3.8 6.7 0.1
20181224 24.1 0 0 0 0.5 0 0.6 0 0 0 0 0 3.4 0 3.1 0.1 0 NA 13.3 25.3 7 9.3 0.1
20181225 13.1 0 0 0 0.4 0 0.5 0 0 0 0 0 3.5 0 3 0.1 0 NA 8.2 25.9 5.5 6.5 0.1
20181226 20.7 0 0 0 0.5 0.1 0.5 0 0 0 1.7 0 3.9 0.1 2.9 0.1 0 NA 9.4 28 7.8 8.9 0.2
20181227 31 0 0 0 0.5 0.1 0 0 0 0 1.9 0 4.7 0.3 3.7 0.1 0 NA 22.3 39.9 5.8 9.6 0.1
20181228 22.5 0 0 0 0.1 0.3 0 0 0 0 0 0 3.9 0.6 4.1 0.1 0 NA 19.3 41.3 5.4 7.6 0.1
20181229 28.2 0 0 0 0.4 0.3 0 0 0 0.1 0 0 3.9 0.5 5.2 0.1 0 NA 11 53.7 5.2 7.6 0.1
20181230 30.3 0 0 0 2.4 0.3 0.1 0 0 0 5.1 0 3.9 0.5 5.1 0.1 0 NA 7.2 59.2 8.5 14.8 0.1
20181231 37 0 0 0 3 0 0.1 0 0 0 3 0 5.3 1.2 5.5 0.2 0 NA 31 70.5 14.9 12.6 0.1
20190101 39.1 0 0 0 3.1 0 0.1 0 0 0 4 0 3.9 0.6 5.6 0.1 0 NA 30.2 66.8 8.2 17 0.1
20190102 49.9 0 0 0 4.9 0 0.3 0 0 1 14.2 0 3.9 2.6 8 0.3 0 NA 30.2 73.9 14.2 20.8 0.1
20190103 56.8 0 0 0 0.9 0.3 2 0 0 0.9 9.4 0 3.9 2.7 8.5 0.2 0 NA 43 87.1 12.6 17.3 0.3
20190104 41.4 0 0 0 1 0 0 0 0 0.1 7.5 0 4.9 2.6 4.8 0.1 0 NA 23.6 86.5 16.1 14.3 0
20190105 31.8 0 0 0 1.5 0 0.5 0 0 0.1 1.2 0 4.6 0.7 4.2 0.1 0 NA 23.2 79.4 5 10.8 0
20190106 32.8 0 0 0 0.7 0.4 0.4 0 0 0.1 2.9 0 4 0 3.7 0.1 0 NA 15.4 82.3 5.8 15.4 0
20190107 32.8 0 0 0 0.7 0.4 0.4 0 0 0.1 2.9 0 4.1 0 3.7 0.1 0 NA 15.4 82.3 5.1 16 0
20190108 29 0 0 0 0.7 0.4 0.3 0 0 0 1.7 0 4.7 0.1 4.1 0.1 0 NA 16.3 81.9 6 15.3 0.1
20190109 27 0 0 0 0.7 0.6 0.3 0 0 0.2 7.2 0 4.7 0.4 5.8 0.1 0 NA 17.2 73.9 7.1 16.8 0.1
20190110 35.1 0 0 0 0.8 1.1 0.7 0 0 0.3 8.6 0 5.6 0.5 4.7 0.3 0 NA 8.7 85.8 10.2 22.2 0.1
20190111 49.7 0 0 0 1.2 2.4 3 0 0 0.9 18.3 0 7.8 2.3 7.6 0.6 8.6 NA 40.9 92.4 17.2 35.4 0.3
20190112 58.7 7.3 0 0 6 6.9 4.5 0 0 0.7 17.9 0 12.5 1.2 5 0.1 9.5 NA 48 96.7 21.7 46.5 0.8
20190113 52.1 0 0 1.8 3 1.7 1.8 0 0 0.6 30.6 0 13.4 0.7 6.4 1 15.5 NA 40.9 97.2 55.6 42.7 0.7
20190114 73.1 1 0 2.7 5.3 1.7 5.1 0 0 0.9 32.3 0.2 14.8 1.2 6.5 0.6 51 NA 57.2 97.2 58.7 50 1.3
20190115 72.6 1.4 0 2.7 6.2 1.7 4.4 0 0.1 1.6 17.1 0.2 14.9 2 6.5 0.5 51 NA 53.2 97.2 64.1 50.1 1.2
20190116 71.7 5.5 0 2.7 7.3 2.2 6.1 0 0 3.1 27.9 0.2 14.9 2.2 6.9 0.5 51 NA 46.7 97.2 25 39.4 1.1
20190117 83.4 7.8 1.8 14.4 11.7 4.1 10.8 0 0 3.8 35.9 4.2 21.4 3.7 8.1 0.8 57.4 NA 62.1 88.6 30.7 43.5 3.1
20190118 91.2 9.1 0.4 8.1 7 3.1 9.1 0 0 2.7 27.7 0 22.2 4.9 9.8 1.8 61.1 NA 71.3 92 25.5 38.7 0.6
20190119 95.8 29.1 2 10.2 18.7 8 12.5 0 0.7 3.6 60 0 34.1 6 14.9 4.2 87 NA 73.3 97.2 67 55.7 2
20190120 95.8 80.4 7.8 28.8 16.1 12.9 16.2 4.4 2.9 9.2 58.9 0.3 43.4 7.4 12.7 3.6 95 NA 85.2 97.9 80.8 52.5 2.4
20190121 94.2 89.8 17.2 26 20.6 9.4 20.1 2.2 3.2 7.7 66.2 1.1 45.9 15.5 16.5 8.4 95 NA 84.1 97.9 95.3 61.2 3.3
20190122 94.2 92.2 29.7 27 23.5 10.5 33 2.2 3.8 10.3 73.6 1.2 54.8 25.9 20.5 11 95 NA 97.7 98 95.4 65.6 4.7
20190123 99.5 81.8 19 24.2 15.6 6.9 28.2 5.3 4.4 10.5 53.1 0.3 46.2 14.5 15.6 5.5 95 NA 74.4 99.5 77.9 52.1 1.8
20190124 99.6 81.9 8.9 11.1 19.5 7.8 20.7 6 4.1 10.1 54.2 3.9 29.6 5.7 14.9 5.5 95 NA 88 99.6 91 39.8 2
20190125 98.2 95.1 25.7 22.5 25.1 3 29.1 14.7 9.4 19.4 59.3 3.1 41.7 7.5 20.6 6.6 95 NA 93.8 100 90.8 51.5 3.5
20190126 98.3 94.3 43 29 29.8 5.8 29.9 21.4 13.3 15.6 53.6 0.7 32.7 24.4 34.6 16.6 94.8 NA 91.8 100 95.1 59.6 2.4
20190127 98.3 94.3 48.8 23.5 34.9 6.8 42.8 16.7 7.5 10 52.4 0 36.4 21.2 26.1 13.2 84.4 NA 90 100 97.5 52.5 3.6
20190128 98.3 95.1 73.3 40 46.3 14.8 49 22.8 13.8 16.2 67.7 1.6 70.1 47.4 39.8 27.4 95 NA 97.5 100 99.2 66.2 9.3
20190129 98.3 95.1 73.8 40.9 36.9 15.1 31.5 30 19 22.5 72.2 7 66 34.1 43.9 33.6 95 NA 96.2 100 99.1 68.6 7.7
20190130 98.3 95.2 89.3 53.4 29.5 12.6 42.3 27.9 9.9 10.5 63 1.9 62.5 34.2 39.1 30.5 100 NA 87.7 100 99.1 56.5 7
20190131 99.9 98.1 93.9 72.3 41.3 8.9 50.7 31.9 21.8 19.2 62.2 7.3 67.8 77.1 57.6 34.1 100 NA 93.2 100 99 65.6 10.9
20190201 100 98.1 94.1 81.7 44 7.9 58.1 42.7 25.9 39.3 84.2 24.4 77.6 85.4 67 43.2 100 NA 96.8 100 99 67.3 26.7
20190202 99.7 94.8 91.9 88.8 28.9 7.7 46.1 33.8 17.2 5.7 63.5 8 77 64.3 62.1 27.4 100 NA 74.1 100 99 62.6 15.4
20190203 99.7 82.8 86.6 86 21.6 20.4 57.4 20 15.4 6.9 66.4 1.4 74.1 58.3 51.9 19.9 100 NA 67.8 100 97.9 63.4 7.3
20190204 99.7 76 80.9 90.1 23.5 13.6 52.7 18.2 13.9 7.9 67.6 0 66.2 57.8 52.7 22.9 100 NA 64.4 100 98 63.2 4.6
20190205 98.8 79.1 81.6 90.1 15.8 16.4 16.2 6 6.6 10 68.1 0 63.1 70.4 53.3 21.4 100 NA 50.4 100 98.9 64.6 5.2
20190206 98.6 70.7 82.1 85.3 18 30.4 20.2 3.2 4.7 9.8 70.7 0 53.8 72.3 57 29.7 100 NA 67.6 100 96.8 71.2 3.1
20190207 98.6 71.4 68.6 73.1 19.2 33.4 19.7 10.4 11.8 11.5 73.6 0 60.6 81.3 58.7 35.8 100 NA 63.9 100 96.8 71.2 11.9
20190208 99.6 66.3 69.2 81.8 36 23.2 28 14.8 13.9 30.6 76 0 58.7 91.2 79.7 50.2 100 NA 92 100 99.5 72.9 7.4
20190209 98.8 88.3 91.2 94.1 29.7 16.8 24.9 15.1 12.6 20.1 71.4 0 92.4 94.1 85.2 38.1 100 NA 90.1 100 99 65.8 6.1
20190210 98.8 88.9 93.8 95.3 40.4 17.7 53.6 12.9 12.6 20.5 72.1 5.1 73 94.9 93.4 46.7 100 NA 90.6 100 97.6 70.6 7.2
20190211 98 80.3 89.6 90.6 48.8 34.9 54.2 11 11.6 20.6 78.7 3.6 68.5 94.1 90.3 47.3 100 NA 90.7 100 97.8 80.6 8.6
20190212 99.2 77.7 87.8 90.6 50 38.4 56.1 11 10.4 13.5 71.9 4 71.7 92.8 83.7 44.1 100 NA 96.1 100 98.6 80.9 10.4
20190213 100 67.3 80.1 73.7 38.9 23.3 39.7 21.6 14.6 23.7 75.3 2.7 66.5 86.1 84.2 41.5 95.4 NA 92.9 100 98.6 76.2 7.8
20190214 100 56.3 75.8 71.6 36.8 20.2 42.1 18 14.5 26.7 80.2 2.4 62.7 90.1 87.7 47.1 95.3 NA 92.6 100 99.3 75.3 7.4
20190215 100 43 73.6 69.7 28.7 13.3 42.2 11.6 8.4 30 79.7 0 43.2 57.6 82.6 49.3 74.9 NA 87.9 100 99.3 71.7 0.2
20190216 100 72.3 86.2 78.3 35.3 22.2 47.7 18.2 15.1 20.9 82.3 0 51.5 78.2 89.3 36.1 88.7 NA 93.5 100 98.4 71.3 3.2
20190217 100 78.7 82.8 90.5 37.7 31.8 51 17 14.9 24 81.6 0.9 74.6 93.5 95.2 52.1 91.8 NA 91 100 99.1 82.3 12
20190218 100 89.9 88.4 78.8 59.6 50.5 44.2 24.6 20.2 28 86.6 0 81.4 93.2 91 59.8 95.6 NA 94.8 100 98.9 89.5 13.9
20190219 100 85.7 88.1 93.9 59.7 33.9 51.6 30.1 26.2 51 93.8 0 78.2 93.5 90.2 68.6 96 NA 93.9 100 98.9 88.4 15
20190220 100 90.1 90.4 94.9 59.2 33.6 66.9 24 22.8 34.8 91.1 17.7 80 93.6 91.8 69.1 96.4 NA 88.8 100 99.1 91 29.2
20190221 99.9 80.5 86.8 94.9 64 28.3 63.8 12 9.2 19.7 86.2 11.8 70.1 96.1 94 70.1 92.9 NA 78.4 100 99 88.2 17.9
20190222 99.9 74.9 87.6 88.5 37 16.5 59.5 14.4 10.7 27.4 86 0 66.8 90.1 93.2 65.4 92.9 NA 84.1 100 99 84.9 8.6
20190223 99.9 85.2 87.1 88.9 36.7 23 55.9 8 6.7 19.5 86.1 0 61.2 91.8 93.1 58 90.8 NA 80.3 100 97.5 80.9 7.7
20190224 99.9 60.2 81.3 86.2 29.9 30.3 52.4 12.3 7.7 20.9 85.4 0 49 84.5 93.7 60.7 87.1 NA 70.2 100 94 78.7 1
20190225 99.9 72.9 88.6 88 27.8 25.6 57.1 11.5 12.7 29.6 84.8 0 46.7 78.9 87.4 63.1 80.3 NA 82.1 100 99.5 71.4 0.3
20190226 99.6 79.7 90.2 89.9 56.8 39.9 56.5 24.5 23 36.9 89.9 2 61.3 84.8 84.3 66.8 85.2 NA 82 100 100 76.9 8.3
20190227 99.9 90.5 93.9 93.5 62.7 48 73.2 27.8 27.5 46.3 93.3 2.6 64.2 96.1 93.6 75 78.9 NA 86.8 100 100 88.9 10.6
20190228 100 86.6 92.9 94.6 69.7 57.9 79.4 22.5 22.1 40.8 97.5 2.8 76.3 74.6 93.1 80.6 80.2 NA 97.9 100 100 95.9 24
20190301 100 92.2 93.3 94.6 85.9 78.5 90.9 28.2 31.6 36.8 97.6 2.8 88.5 80.9 90.2 77.9 90.8 NA 98.2 100 100 96.6 32.5
20190302 100 94 94 95.7 73.6 47.7 87.7 26 25.4 35.1 95.4 2.8 74 92.1 91.5 79 95 NA 95.5 100 99.9 95.2 18.4
20190303 100 94.9 93.5 95.6 83.2 61.4 87 30 13.8 38.5 96.2 8.9 68.7 96.1 95.6 84.9 95.1 NA 96.5 100 100 95.1 23.8
20190304 100 92.8 93 95.9 83.3 66.5 88.8 29.9 19.8 32.9 94.3 5.7 67.7 92.6 95.3 88 95.1 NA 97.8 100 100 95.4 7.4
20190305 100 92.9 92.9 92.2 83.6 86.2 85.2 25.3 20.1 42 97.2 9.1 67 92.8 93.2 91.8 95.1 NA 87 100 100 95 5.2
20190306 100 93.3 91.3 93.2 84.4 50.7 80.2 30.7 23.4 48.7 97.2 4.3 69.6 92.8 94 94 95.1 NA 87 100 100 95.8 13
20190307 100 97.3 93 94.7 79.1 63.7 87.4 20.4 12.5 42.2 99.5 0.7 75 92.5 93.5 94.3 97.8 NA 93.5 100 100 95.9 15.6
20190308 100 92 93.4 95.9 87.5 85.1 89.5 37.5 41 58.3 97.5 1.4 72.3 94.1 94.6 95.1 97.8 NA 93.3 100 100 95.4 19.3
20190309 100 93.3 93.8 95.9 94.9 95.5 95.2 30.9 41.7 58.8 97.5 2.8 77.2 95.7 94.7 94.1 97.6 NA 97.7 100 100 96.1 18.1
20190310 100 85.6 93.3 95.8 95.2 89.5 85.2 15.2 10.6 34 91 0 57.5 96.1 85.6 87.3 97.6 NA 79.3 100 100 92.2 2
20190311 100 80.3 83.5 86.1 89.4 95.5 79.9 7 1.9 19.9 84 0 47.7 53.1 81.2 87.8 82.2 NA 72.9 100 100 87.8 0.2
20190312 98.2 34.9 72.7 85.4 40.6 22.6 49.9 4.5 0.2 17.5 86.8 0 44.3 48.8 79.2 86.3 75.2 NA 54.9 100 100 69.1 0.3
20190313 98.2 34 72 83 39.8 22.1 50.6 4.7 0.2 14.2 89.5 0 44.5 82.6 83.2 82 75.2 NA 54 100 100 70.7 0.3
20190314 98.7 33 66.8 82.4 35.6 22.4 49.2 4.3 0.4 15 93.1 0 47.3 91 85.6 81.3 75.2 NA 53 100 100 70.4 0.4
20190315 98.2 32.1 65.2 82.1 28.2 33.9 44.9 1.1 0.1 5 83.2 0 44.9 34.2 72.4 69.5 75.2 NA 49.2 100 100 67.2 0
20190316 98.8 8 28.5 72.5 10 15.8 12.8 0.4 0.5 7.8 84.9 0 41.7 47.8 69.2 72.4 37.2 NA 45.8 100 100 64.3 0.6
20190317 93.7 12.2 31.2 73 15.4 15.2 9 1.4 0.5 5.7 84.4 0 37.9 28.2 55.1 68.3 37.8 NA 41.6 100 100 66 0.3
20190318 93.7 17 32.1 71.5 4.4 15.4 6.9 0.8 0.6 2.5 81.8 0 38.1 27.1 63.4 72.1 21.8 NA 36.9 100 100 64.5 0.3
20190319 93.5 7.2 29.2 72 29.6 20.8 12.1 0.6 0.4 2.5 84.6 0 39.8 25.2 66.6 78.1 18.3 NA 35.2 100 100 81.9 0.4
20190320 93.5 6.6 21.7 75.9 11.5 17.5 7.7 0.6 0.4 1.6 83.3 0 38.3 26 63.3 73.7 16.8 NA 42.6 100 100 63.4 0.2
20190321 93.5 6.5 22.9 76.1 10.4 16.7 7.2 0.6 0.4 1.7 83.3 0 38.1 22.4 50.4 68.3 16.8 NA 43.9 100 100 64.3 0.2
20190322 92.7 3.6 21.1 73.7 4.7 12.9 4.1 0.2 0.8 0.5 76.8 0 37.6 22.6 38.5 54.4 11 NA 38.9 100 100 63 0.3
20190323 92.7 6.6 13 58 4.1 16.3 2.6 1.1 1.5 0.7 74.6 0 34.8 23.8 35.3 49.1 0 NA 24.3 100 100 65.3 0.2
20190324 91.9 4.2 9.5 58.2 3.5 12.4 2.3 0.3 0.5 0.7 73.5 0 35 22.4 31.5 40.9 0 NA 24.8 100 100 59.2 0.2
20190325 91.2 6.4 9.4 64.6 4.2 22.5 4.2 1.4 0.4 1 74.7 0 43.2 25.4 32.7 40.2 0 NA 23.1 100 100 62.8 0.4
20190326 91.8 4.1 13.4 61 3.5 13.7 3.4 1.8 0 0.7 67.9 0 35.3 26.4 31 32.6 0 NA 17 100 100 63.9 0.1
20190327 91.8 4.8 13.1 63.1 4.4 12.6 4.6 1.7 0 0.1 67 0 33 25 33.4 33.9 0 NA 22.7 100 100 60.8 0.1
20190328 92.7 1.9 8.4 65.5 3.4 10.8 3.9 0 0 0 54.9 0 32.6 25.7 29.2 30.8 0 NA 11.5 98.7 98 59 0.1
20190329 91.1 0.4 3.9 52.9 3.4 10.3 2.8 0 0 0.1 62.9 0 29.5 21.2 25.7 22.8 0 NA 4.2 99 98.3 54.6 0.1
20190330 92.7 0.3 5.1 58.2 3.7 14.7 4.2 0 0 0.2 66.7 0 33.8 19.7 20.1 24.4 0 NA 4.1 97.2 95.7 56.5 0.2
20190331 89.3 0.4 2.7 51.3 3.5 14.6 4.8 0 0 0.5 47.5 0 33.9 21.2 18 23.8 0 NA 6.2 97.2 97.2 60.1 0.2
20190401 85.1 0 2.2 36.7 2.8 6.7 0.6 0 0 0.5 51.5 0 24.8 24.4 15 17.7 0 NA 0 97 96.1 53.8 0.1
20190402 85.2 0 2.7 41.6 2.8 8.6 1.3 0 0 0.2 50.4 0 20.9 24.4 15.8 16.2 0 NA 0 98.6 96.1 48.7 0
20190403 76.3 0 0.6 39.9 2.7 6.2 0.7 0 0 1.2 38.8 0 18.9 13.5 13 9.1 0 NA 0 98.7 95.3 44.6 0
20190404 84 0 0.7 40 3 6.4 0.7 0 0 0.8 43.7 0 13.8 15.6 13.3 8.9 0 NA 0 97.1 93.7 44.5 0.1
20190405 84.8 0 1 44.7 2.5 8.7 1.3 0 0 0.2 49.3 0 13.6 18.8 15.9 11.1 0 NA 0 96.5 93.8 46.2 0
20190406 83.4 0 0 38.3 1.7 9.3 1.1 0 0 0.2 44.6 0 11.1 17.8 15.3 10.1 0 NA 0 95 91.8 43.9 0.2
20190407 83.7 0 0 41.6 1.7 13.5 0.7 0 0 0.1 45 0 11.1 16.6 17 10.8 0 NA 0 95 91.8 49.3 0.1
20190408 76.9 0 0 42.6 1.5 13.4 0.8 0 0 0 43 0 11.4 13.3 17.3 9.9 0 NA 0 95 85.4 52.6 0.1
20190409 77.2 0 0 32.2 2.6 6.7 0.2 0 0 0 46.7 0 12.7 13 16.7 9.7 0 NA 0 95.8 89.7 45 0.1
20190410 60.1 0 0 27.8 2.1 6.9 0 0 0 0.6 38 0 10.6 7.2 11.6 10.5 0 NA 0 90.6 86.5 46 0
20190411 67.5 0 0 29.9 1.6 8.3 0 0 0 0.6 41 0 5 5.1 11.8 10.1 0 NA 0 90.4 74.4 45.2 0
20190412 5.6 0 0 36 0 8.9 0 0 0 1.8 8.8 0 0 7.1 13 8.6 0 NA 0 86.8 62.4 49.2 0
20190413 25.7 0 0 29.7 0 6.1 0 0 0 1.6 9.4 0 0 6.9 13.1 8.6 0 NA 0 86.8 74.1 43.9 0
20190414 26.5 0 0 38.6 0.4 7.2 0 0 0 0.9 5.5 0 0 1.2 11.4 6.3 0 NA 0 85.3 75.6 45 0
20190415 7.8 0 0 36.6 0.9 2.7 0 0 0 0.1 7.2 0 0 1.4 11.9 6.9 0 NA 0 80.4 71.9 40.7 0
20190416 7.2 0 0 19.1 0.8 2 0 0 0 0.1 7.8 0 0 1.2 13.5 7.5 0 NA 0 80.2 72.7 37.5 0
20190417 5.7 0 0 22.6 0.3 1.9 0 0 0 0 6.5 0 0 1.2 14.3 8.3 0 NA 0 79.2 73.6 39.8 0
20190418 4.9 0 0 22 0.3 1.3 0 0 0 0 5.9 0 0 0.7 9.8 7.6 0 NA 0 79.2 72.2 37.4 0
20190419 3.5 0 0 20.1 0.3 1.4 0 0 0 0 5 0 0 1.3 9.2 5.1 0 NA 0 73.4 62.9 39.1 0
20190420 1.3 0 0 24.8 0.7 2.2 0 0 0 0 4.8 0 0 1.8 9.8 5.3 0 NA 0 71.2 60.8 43.7 0
20190421 1 0 0 18.2 0.7 1 0.2 0 0 0 2.9 0 0 1.1 8.7 5.4 0 NA 0 70.4 62.9 43.5 0
20190422 0.2 0 0 26.2 0.3 0.3 0 0 0 0 1.7 0 0 1 7.2 5.4 0 NA 0 70.2 54.3 39.7 0
20190423 0.2 0 0 25.4 0.3 0.2 0 0 0 0 1.4 0 0 0.8 7 4 0 NA 0 70.2 46.9 34.7 0
20190424 0 0 0 14 0.3 0 0 0 0 0 0.7 0 0 0.8 7 2.3 0 NA 0 61.1 32.4 27.2 0
20190425 0 0 0 9 0.1 0 0 0 0 0 0 0 0 0.9 6.4 2 0 NA 0 61 30.8 22.8 0
20190426 0 0 0 9 0 0 0 0 0 0 0.1 0 0 1.1 4.3 1.2 0 NA 0 42.3 18.8 18.3 0
20190427 0 0 0 8.2 0 0 0 0 0 0 0 0 0 0.7 3.7 0.5 0 NA 0 45.6 21.4 19.3 0
20190428 0 0 0 3.2 0 0 0 0 0 0 0 0 0 0.8 8.5 0 0 NA 0 31.6 0.9 6.9 0
20190429 0 0 0 2.2 0 0 0 0 0 0 0 0 0 0.8 3 0 0 NA 0 2.5 0.5 3.7 0
20190430 0 0 0 2.5 0 0 0 0 0 0 0 0 0 0.8 2.6 0 0 NA 0 2.5 1.1 2.2 0
20190501 0 0 0 3.1 0 0 0 0 0 0 0 0 0 0.2 2.5 0 0 NA 0 2.5 0.5 2.1 0
20190502 0 0 0 2.7 0 0 0 0 0 0 0 0 0 0.2 2.3 0 0 NA 0 2.5 0.2 1.7 0
20190503 0 0 0 1.7 0 0 0 0 0 0 0 0 0 0.2 2.3 0 0 NA 0 0 0 0.5 0
20190504 0 0 0 1.8 0 0 0 0 0 0 0 0 0 0.2 2.2 0 0 NA 0 0 0 0.4 0
20190505 0 0 0 0 0 0 0 0 0 0 0 0 0 0.3 2.1 0 0 NA 0 0 0 0 0
20190506 0 0 0 0.3 0 0 0 0 0 0 0 0 0 0.2 2.1 0 0 NA 0 0 0 0 0
20190507 0 0 0 0 0 0 0 0 0 0 0 0 0 0.1 2.1 0 0 NA 0 0 0 0 0
20190508 0 0 0 0 0 0 0 0 0 0 0 0 0 0 1.6 0 0 NA 0 0 0 0 0
20190509 0 0 0 0 0 0 0 0 0 0 0 0 0 0 1.6 0 0 NA 0 0 0 0 0
20190510 0 0 0 0 0 0 0 0 0 0 0 0 0 0 1.6 0 0 NA 0 0 0 0 0
20190511 0 0 0 0 0 0 0 0 0 0 0 0 0 0 1.6 0 0 NA 0 0 0 0 0
20190512 0 0 0 0 0 0 0 0 0 0 0 0 0 0 0.8 0 0 NA 0 0 0 0 0
20190513 0 0 0 0 0 0 0 0 0 0 0 0 0 0 0.5 0 0 NA 0 0 0 0 0
20190514 0 0 0 0 0 0 0 0 0 0 0 0 0 0 0.7 0 0 NA 0 0 0 0 0
20190515 0 0 0 0 0 0 0 0 0 0 0 0 0 0 0.1 0 0 NA 0 0 0 0 0
20190516 0 0 0 0 0 0 0 0 0 0 0 0 0 0 0 0 0 NA 0 0 0 0 0
20191110 0 0 0 0 0 0 0 0 0 0 0 0 0 0 0 0 0 NA 0 2.9 2.1 0 0
20191111 0 0 0 0 0 0 0 0 0 0 0 0 0 0 0 0 0 NA 0 2.9 2.1 0 0
20191112 0 0 0 0 0 0 0 0 0 0 0 0 0 0 0.2 0 0 NA 0 4.6 2.1 0 0
20191113 0 0 0 0 0 0 0 0 0 0 0 0 0 0 0.3 0 0 NA 0 9.3 0.8 0 0
20191114 3 0 0 0 0 0 0 0 0 0 0 0 0 0 0.7 0 0 NA 2 8.1 0.5 0 0
20191115 0.8 0 0 0 0 0 0 0 0 0 0 0 0 0 1 0 0 NA 3.9 8.3 0.5 0.1 0
20191116 2.4 0 0 0 0 0 0 0 0 0 0 0 0 0 1 0 0 NA 3.8 8.3 0.5 0.1 0
20191117 3 0 0 0 1.5 0 0.3 0 0 0.4 0.7 0 0 0 1.7 0.1 0 NA 6.5 12.6 3.5 0.3 0
20191118 1.3 0 0 0 0.1 0 0 0 0 0 0 0 0 0 1.2 0 0 NA 4.7 8.5 2.3 0.1 0
20191119 1.2 0 0 0 0.1 0 0 0 0 0 0 0 0 0 1.2 0 0 NA 4.4 8.5 2.3 0.1 0
20191120 1.7 0 0 0 0 0 0 0 0 0 0 0 0 0 1.4 0 0 NA 4.5 8.5 2.1 0 0
20191121 1.8 0 0 0 0 0 0 0 0 0 0 0 0 0 1.7 0.2 0 NA 3.3 8.6 1.9 0.3 0
20191122 1.7 0 0 0 0 0 0 0 0 0 0 0 0 0 1.7 0.2 0 NA 1.8 8.8 1.6 0.2 0
20191123 0.4 0 0 0 0 0 0 0 0 0 0 0 0 0 2.8 0 0 NA 0.9 8.8 1.6 0.1 0
20191124 0.2 0 0 0 0.2 0 0 0 0 0 0.2 0 0 0 2.2 0 0 NA 0.3 8.9 0.1 1.6 0
20191125 0.2 0 0 0 0 0 0 0 0 0 0 0 0 0 2.2 0 0 NA 0.3 3.5 0.3 0.3 0
20191126 0 0 0 0 0 0 0 0 0 0 0 0 0 0 2.2 0 0 NA 0 3.5 0.3 0.2 0
20191127 0 0 0 0 0 0 0 0 0 0 0 0 0 0 1.1 0 0 NA 0 3.5 0.3 0.2 0
20191128 0 0 0 0 0 0 0 0 0 0 0 0 0 0 1.2 0 0 NA 0 4.1 0.2 0.2 0
20191129 0 0 0 0 0 0 0 0 0 0 0 0 0 0 1 0 0 NA 0 4.1 0.2 0.2 0
20191130 0 0 0 0 0 0 0 0 0 0 0 0 0 0.1 1 0 0 NA 0 3.7 0.2 0.3 0
20191201 0.2 0 0 0 0 0 0 0 0 0 0 0 0 0 1.1 0 0 NA 0 7.5 0.2 0.1 0
20191202 0.5 0 0 0 0 0 0 0 0 0 0 0 0 0 2 0 0 NA 0 7.5 0.4 0.1 0
20191203 0.5 0 0 0 0 0 0 0 0 0 0 0 0.7 0 2.1 0 0 NA 0 7.5 0.4 0.1 0
20191204 0.3 0 0 0 0 0 0 0 0 0 0 0 0.7 0 1.6 0 0 NA 0 7.4 2.3 0.1 0
20191205 0.3 0 0 0 0 0 0 0 0 0 0 0 1.4 0 1.4 0 0 NA 0 7.5 1.8 0.4 0
20191206 0.5 0 0 0 0 0 0 0 0 0 0 0 2.2 0 1.4 0 0 NA 0 7.5 1.9 1 0
20191207 0.3 0 0 0 0 0 0 0 0 0 0 0 2.5 0.1 1.6 0 0 NA 0 7.8 1 0.7 0
20191208 0.1 0 0 0 0 0 0 0 0 0 0 0 2.5 0.1 1.7 0 0 NA 0 7.9 0.2 0.3 0
20191209 0.1 0 0 0 0 0 0 0 0 0 0 0 3.6 0.8 2.7 0.1 0 NA 0 8.1 0.2 0.6 0
20191210 0.4 0 0 0 0.1 0 0 0 0 0 0 0 3 0.8 2.7 0.1 0 NA 0 8.1 0.3 0.9 0
20191211 19.4 0 0 0 0.1 0 0 0 0 0 0.1 0 3 0.4 2.8 0.1 0 NA 0.8 15.6 2.6 1.2 0
20191212 20.1 0 0 0.3 0.1 0 0.5 0 0 0 0.1 0 3 0.4 2.9 0.1 1.1 NA 13.3 16.5 4.8 1.4 0
20191213 20.7 0 0 0.2 0.1 0.2 0 0 0 0 0.1 0 2.9 1 3.4 0.1 0 NA 26.2 16.5 4.8 1.4 0
20191214 32.4 0 0 0 0.2 0.2 0 0 0 0.2 0.1 0 3.1 0.7 3.4 0.1 0 NA 12.9 16.3 5 2 0
20191215 28.9 0.3 0 0 0.4 0.1 0 0 0 0.3 0.1 0 2.2 1.5 3.8 0.1 0 NA 14.7 20.9 2.3 2.7 0
20191216 28.9 0.3 0 0 0.4 0.1 0 0 0 0.3 0.1 0 4 1.5 4 0.1 0 NA 14.7 20.9 2.3 2.9 0.1
20191217 31 0.3 0 0 0.4 0.1 0 0 0 0 0.3 0 4 2.3 3.7 0.1 0 NA 5.8 20.9 2.3 2.7 0.1
20191218 33.3 0.3 0 0 0.7 0.1 0.4 0 0 0.6 5.2 0 4.3 5 3.7 0.1 0 NA 35.9 58 7.9 3.6 0.1
20191219 33.3 0.4 0 1.3 1.8 2.6 2.6 0 0 0.6 5.2 0 4.7 3.9 3.8 0.1 0 NA 43.4 56.9 11.2 11.4 0.2
20191220 35.9 1.1 0 2.1 1.4 0.9 1.2 0 0 0.1 3.8 0 5.6 5.9 4.2 0.2 0 NA 51.2 59.2 13.6 11.5 0.2
20191221 29.4 1.1 0 2.1 1.8 0.9 1.6 0 0 0 4.8 0 5.6 6.7 7.5 0.5 0 NA 50.4 63.1 13.6 11.4 0.2
20191222 30.1 2.8 0 1 0.5 0.4 0.1 0 0 0 1.1 0 7 4.7 4.4 0.5 18 NA 29.8 69.3 9.5 5.5 0.1
20191223 24.7 1.8 0 1 0.5 0.4 0.1 0 0 0 1.3 0 6 3.3 3.9 0.1 3.4 NA 34.5 69.3 8.8 5.5 0.1
20191224 26.2 1.4 0 1 0.7 0.4 0.1 0 0 0.1 3.2 0 6 0.8 3.5 0.1 3.4 NA 27.1 66.5 5.5 5.5 0.1
20191225 25.3 1.9 0 2.5 0.4 0.7 0 0 0 0 0.8 0 11.9 0.2 4.3 0.1 4.9 NA 21 55.1 4.9 4.6 0.3
20191226 25.3 1.3 0 1.6 0.3 0.5 0 0 0 0 0.8 0 5.4 0.2 4.3 0.1 4.9 NA 21 55.1 4.9 3.9 0
20191227 25.7 0.8 0 0 0.2 0.4 0 0 0 0 0.6 0 3.8 0.4 3.4 0.1 0 NA 17.5 55.7 5 3.9 0
20191228 19.9 0.2 0 0 0.2 0.3 0 0 0 0 2.4 0 2.3 0.4 2.9 0.1 0 NA 15.5 48.3 3.9 3.1 0
20191229 23.6 0 0 0 0.2 0.1 0 0 0 0 3.3 0 2.5 0 2.9 0.1 0 NA 8.7 50.7 3.7 4.2 0
20191230 17.4 0 0 0 0.2 0 0 0 0 0 0.8 0 2.2 0 2.7 0.1 0 NA 4.4 43.3 3.7 3 0
20191231 17.4 0 0 0 0.1 0 0 0 0 0 0.8 0 2.2 0 3 0.1 0 NA 4.4 35.2 3 3.2 0
20200101 13.6 0 0 0 0.1 0 0 0 0 0.1 3.2 0 2.2 0 4 0.1 0 NA 0 33.7 2.2 3.2 0
20200102 13.4 0 0 0 0.1 0 0 0 0 0.1 3.2 0.7 2.3 0 4 0.1 0 NA 0 33.7 2.2 3.2 0.1
20200103 22.6 0 0 0 0.1 0 0 0 0 0 6.3 0 2.2 0 4.1 0.1 0 NA 0 31.1 1.9 2.9 0.1
20200104 18.2 0 0 0 0.2 0 0 0 0 0.1 2.3 0 2.2 0 3.1 0.1 0 NA 0 46.7 2.7 3.4 0
20200105 17.3 0 0 0 0.1 0 0 0 0 0 1.7 0 2.5 0 3.3 0.1 0 NA 0 20.8 1.6 3 0
20200106 16.4 0 0 0 0.1 0 0 0 0 0 1.8 0 2.5 0.1 3.6 0.1 0 NA 0 22.2 1.6 2.4 0
20200107 32 0 0 0 0.1 0 0 0 0 0 1.8 0 2.5 0.7 3.4 0.1 0 NA 0 22.2 1.6 2.4 0
20200108 35.3 0 0 0 0.5 0 0 0 0 0.3 4.6 0 2.5 0.2 3.5 0.1 0 NA 0.4 28.2 2.9 3.8 0
20200109 35.3 0 0 0 0.5 0 0 0 0 0.3 4.6 0 2.4 0.2 3.5 0.1 0 NA 0.4 28.2 2.9 4.1 0
20200110 37.7 0 0 0 0.2 0 0 0 0 0.4 1.7 0 2.3 1.2 4 0.1 0 NA 0 22.5 4.9 2.4 0
20200111 43.3 0 0 0 0.3 0 0.1 0 0 0.2 6.3 0 2.3 3.7 6.4 0.1 0 NA 6.7 50.3 6.9 7 0
20200112 73.4 0 0 0 1.6 2.2 0.5 0 0 0.3 24.8 0 2.3 6.1 10.4 0.1 0 NA 22.5 54.8 12.6 18.8 0.1
20200113 78.8 0 0 0 1.3 2.6 0.3 0 0 0.3 16.9 0 3.3 7.7 10 0.1 0 NA 30.2 64 16.5 22.7 0.1
20200114 71.6 0 0 0 1.3 2.6 0.3 0 0 0 13.7 0 3.3 8.6 6.1 0.1 0 NA 30.2 64 15.4 22 0.1
20200115 71.6 0 0 0 2.1 0.6 2.5 0 0 0 6.9 0 2.4 7.4 6 0.1 0 NA 46.8 87 8.7 17.6 0.1
20200116 86 0 0 0 2.1 0.6 2.5 0 0 2.4 10.5 0 2.4 6.5 6.5 0.1 0 NA 46.8 87 8.7 18.1 0
20200117 95.2 0 0 0 8.1 1.5 3.6 0 0 6.7 33.2 0 7.3 16 15.4 1.8 0 NA 55.8 96.6 40.6 43.9 0.6
20200118 89.4 0 0 0 2.3 4.1 2.3 0 0 1.4 18.8 0 6.7 12.4 15.2 0.8 7.2 NA 54.6 96.6 25.1 35.5 0.4
20200119 92.8 0.1 0 0 10.5 4.3 2 0 0 2.3 31.9 0 11.8 8.1 12.9 0.7 7.7 NA 51.6 96.4 28.3 39.9 0.4
20200120 93.7 0.7 0 1.3 9.1 3.6 7.9 0 0 3.9 41.6 0 15.3 7.2 9.8 1.2 20.1 NA 59.8 99.8 27.5 48.9 2.2
20200121 93.8 0.7 0 1.3 7.5 3.6 7.9 5.5 0.6 4.1 30.4 0 15.3 11.2 11 1.8 20.1 NA 60.5 99.8 32.1 48.9 2.2
20200122 92.4 24.2 0 3.3 5.1 2 8.1 4.8 0.4 1.1 12.3 0 15.3 11.9 10.9 2.1 72.2 NA 78.1 99.7 24.1 30.1 1
20200123 92.4 24.9 0 3.3 5.1 1.9 8.3 4.8 0.4 1.1 12.3 0 12.2 11.9 10.9 2.1 72.2 NA 78.1 99.7 24.1 30.1 0.7
20200124 91.5 2 0 3.4 3.1 1.7 2.6 0 0 1 15 0 13.9 2.8 8.2 1.4 50 NA 59.2 97.4 21 26.9 0
20200125 85.6 8 0 1.3 1.4 0.3 0.4 0 0 0.1 12.9 0 10.8 2.7 7.3 0.3 41 NA 49.8 98.9 18.3 24.5 0
20200126 82.9 6.1 0 1 2.5 0.4 0.3 0 0 1.2 10.1 0 8.5 2.5 7.3 0.6 38 NA 45.1 98.6 16.5 20.7 0
20200127 84.2 1.7 0 1.5 3.6 0.3 0.5 0 0 0.6 16.1 0 9.5 0.6 6.8 0.3 7.8 NA 43 99.3 17.3 23.4 0
20200128 71.7 1.7 0 1.5 1.7 0.3 0.2 0 0 1 9 0 9.4 1.7 5.6 0.1 7.8 NA 38.6 99.1 10.7 25.3 0
20200129 71.5 1.9 0 0.2 1.7 0.9 0.3 0 0 0.4 15 0 7.4 1.7 5.6 0.1 10.8 NA 34.3 98.6 19.9 37.8 0.1
20200130 73.3 1.9 0 0.2 1.7 0.9 0.3 0 0 0.4 15 0 7.8 1.7 6 0.1 10.8 NA 34.3 98.7 20 37.8 0.1
20200131 90.7 2.3 0 0.1 1.8 1.5 0.5 1.5 1 7.5 20.3 0 8.9 14.8 15 1.8 10.9 NA 40 98.8 50.6 43.8 0.1
20200201 95.6 3.2 0.1 2.2 5.2 0.4 0.5 0 0 2.1 12.8 0 20.2 13.3 15.9 1.1 27.8 NA 54.5 99 13.7 33.1 0.6
20200202 81.9 0.4 0 0 3.7 0.4 0.4 0 0 0.7 9.5 0 15.8 2 8.2 0.6 2 NA 46.1 99 16.3 28.1 0.2
20200203 76.9 0 0 0 4.1 0.4 0.1 0 0 0.8 9.3 0 7.2 0.1 5.1 0.1 0.2 NA 26.2 97.9 9.4 24.5 0.1
20200204 72.3 0 0 0 3.5 0.2 0.4 0 0 2.3 6.6 0 7.2 0.1 5.1 0.1 0.2 NA 35.8 97.2 9.2 25.7 0.1
20200205 73.5 0 0 0 3.6 0.2 0 0 0 1.7 8.4 0 8.9 5.6 8.7 0.3 0.1 NA 32.7 97.1 18.5 28.9 0.1
20200206 71.6 0 0 0 3.6 0.2 0 0 0 0.3 10.9 0 8.9 3.8 7.6 0.1 0.1 NA 32.7 97.1 26.4 29 0.1
20200207 94.1 0 0 0.7 9.1 1.6 2.1 0 0 1.9 35.6 0 11.5 8.5 9.8 1.1 4.9 NA 59.5 99 73.1 43.6 0.1
20200208 95.5 0 0 4 15.5 4.9 5.8 0 0 2.5 44.1 0 10.4 9.8 10.4 4.5 3.5 NA 71.4 99.5 66.5 54.1 0.1
20200209 95.5 0 0 3.3 6.5 2.8 7.4 0 0 2.7 27.6 0 19.1 6.8 11.8 2.8 1.5 NA 74 99 50.7 46.9 1.7
20200210 93 0 0 2.8 11.6 2.2 7.2 0 0 3.5 40.1 0 39 11.3 16.3 4.9 2.5 NA 83.4 99.3 90.8 40.1 4.7
20200211 92.7 0 0 2.8 14.6 0.4 7.5 0 0 2.6 20.7 0 39.1 10.4 13.5 2.9 2.6 NA 79.7 99.6 71.5 38.9 4.8
20200212 88.5 0 0 3.4 5.4 0.5 3.5 0 0 1.3 20 0 19.1 10.4 14.2 2.7 2.6 NA 59.3 99.7 54.4 30.3 0.1
20200213 91.2 0 0 3.4 6.1 0.5 3.5 0 0 1.1 37.7 0 19.3 8 12.8 5.6 2.6 NA 64.1 99.5 91 32.6 0.1
20200214 97.5 3.5 0.7 4.9 15.5 4.2 14.2 4.2 0.5 4 40.1 0 19 12 18.3 14.1 57.5 NA 89.6 99.5 86.3 50.5 0.9
20200215 96.3 38.3 0.5 4.4 16.5 4.5 21.2 9.7 1.4 1.5 32.1 0.2 28.4 17.1 19.2 13.3 70 NA 93.5 99.6 90.8 43.6 0.8
20200216 94 12.7 0 3.7 10.7 3.2 11.6 7.7 1.2 3.1 35.9 0 19.8 7 15.8 8 70 NA 75.9 99.6 90.9 35.4 0.1
20200217 96.2 20 0.5 1.9 13.2 4.7 5.9 8 2.4 4.5 37.3 0.3 18.9 18.8 26.8 15.4 65.1 NA 72.1 99.6 92.5 40.8 0.6
20200218 96.6 20.3 0 0.7 8.4 8.5 7.1 0 0 0.6 42.2 0 18.9 18.9 24.4 13.7 72.8 NA 68.6 99.7 85.1 40.7 0.5
20200219 96.6 16.5 0 0.3 12 8.3 4.3 0 0 2.5 39.4 0 15.1 15.4 22.8 13.6 45.6 NA 66.3 99.6 85.1 36.1 0.2
20200220 96.6 18.2 0.8 0.3 16.4 6.2 6.6 1.5 0.3 2.1 51 0 10 15.1 20.4 17.2 47.2 NA 65.6 99.8 93.2 54 0.1
20200221 97.6 32.2 4.4 7.9 20 8.9 20.4 10.5 2.9 4.1 50.9 0 26.4 19 18.7 13.6 73.5 NA 73 99.8 95.8 46.4 1.6
20200222 92.5 13.3 0.3 1.2 5.2 1.1 4.9 0 0 1.5 35.4 0 10.3 6.7 11.4 8 52.3 NA 62.4 99.3 82.5 31.7 0.1
20200223 93.5 5.9 0.3 0 3.3 1.7 3.5 0 0 0.3 22.1 0 10.3 1.8 8.2 4.4 45.7 NA 44.6 99.3 77.2 31.5 0.1
20200224 92 0.8 0.2 0 6.5 1.6 2.3 0 0 1.2 25 0 12.5 0.6 8.8 2.8 39.4 NA 45.1 99.4 83.3 32.5 0.1
20200225 90.8 1.5 0 0 5.6 2.3 2.1 0 0 1.1 29.6 0 12.5 0.7 8.6 2.6 43 NA 43.1 99.5 76.1 33.3 0.1
20200226 89.8 1.5 0 0 6 2.3 2.1 0 0 0.8 38.7 0 14.2 1.2 8.2 3.9 43 NA 43.1 99.8 86.6 35.6 0.3
20200227 83.8 0 0 0 5.9 2.3 1.8 0 0 2.3 39.3 0 14.2 1 9.3 4.3 17.8 NA 34.9 99.7 86.6 39.4 0.3
20200228 96.5 38.6 2.5 0 13.6 3.3 16.4 0 0 3.9 37.4 0 9.8 1.8 9.6 10.6 54.4 NA 70.5 99.8 92 39.4 0.2
20200229 93.4 61.5 5.6 11.4 16.3 8.9 19.1 0 0 3.5 43.4 0 26.6 7.6 11.2 13.6 65 NA 72.5 99.8 92.3 54.9 1.6
20200301 97.4 46 7.1 9.4 15.9 6 18.3 0 0 1.4 40.2 1.4 29.7 6.4 12.5 8.6 76.9 NA 71.2 99.8 92.9 58.1 3.2
20200302 87.8 27.1 1.6 2 7.7 2 12.7 0 0 0.3 20.5 0 20 0.4 8.2 6.4 67.6 NA 62.1 99.7 93.4 49.2 0.9
20200303 87 14.3 0.5 1.2 7.2 2.3 11.6 0 0 0.3 26.4 0 13.6 0.5 7.4 3.4 64.1 NA 70.9 99.7 83.2 47.2 0.1
20200304 85.1 14.6 0.7 1.2 6.4 1.5 5.7 0 0 0.4 26.4 0 9.8 0.2 6.4 5.9 64.1 NA 61.7 99.7 83.2 44.5 0.1
20200305 85.2 4 0.2 0 7 1.2 2 0 0 1.4 21.6 0 7.7 0.9 8.8 2 22.8 NA 37.7 99.9 82.3 36 0.1
20200306 76.6 1.6 0 0 5 6.7 4.9 0 0 1.5 48.6 0 6.7 0 11.7 7.9 19.1 NA 42.9 99 91.8 47.1 0.1
20200307 81.8 2.4 0 0 5.2 5.2 3.4 0 0 1 43 0 5.5 3.5 11.1 11.2 5.9 NA 18.2 99.1 94.1 52 0
20200308 80.1 1.2 0.2 0 5.1 1.8 3.5 0 0 0.1 28.5 0 5.2 5 11.3 6.2 7.2 NA 28.2 98.8 88.1 41.7 0
20200309 75.2 2.7 0.1 0 3.8 2.7 3.3 0 0 0.7 21.7 0 5.2 1.4 8.3 6 7.6 NA 29.6 98.8 77.4 41.7 0
20200310 71 0 0 0 2.5 2.8 1.6 0 0 0.4 21.9 0 5.2 2 7.5 5.7 1.7 NA 20.3 99.3 80.4 30.1 0
20200311 71.6 0 0 0 2.3 2.9 1.9 0 0 0.6 22.3 0 5.2 2.1 8.9 4.2 1.4 NA 16.2 96.6 81 31.5 0
20200312 71.6 0 0 0 2.3 2.9 1.8 0 0 0.6 21.2 0 3.8 1.4 8.1 2.9 0.5 NA 16.2 99 84.6 32 0
20200313 73.2 0 0 0 2 0.9 1.1 0 0 0.2 16 0 3.8 0.6 7.1 1.6 0 NA 1.6 98.4 68.6 28.2 0
20200314 56.1 0 0 0 2.9 0.6 0.2 0 0 1.5 8.6 0 0.7 0 4.7 0.4 0 NA 0 97.3 47.7 23.6 0
20200315 57.5 0 0 0 1.7 1.7 0.8 0 0 2.4 15.7 0 0.7 2.3 4.7 2.9 0 NA 0 94.7 66 28.3 0
20200316 54.1 0 0 0 3.7 2.3 2.5 0 0 0.1 24.3 0 0.7 1.8 5.7 3.5 0 NA 0 95.3 75.4 32 0
20200317 52.1 0 0 0 6 0.5 0.8 0 0 0.1 8.2 0 0.5 0 3.4 2.3 0 NA 0 95.1 58.9 23.5 0
20200318 52.1 0 0 0 6 0.3 0.2 0 0 0.1 8.2 0 0.2 0 3.3 2.3 0 NA 0 95.1 58.9 23.6 0
20200319 55 0 0 0 4.1 0.7 0.2 0 0 0 9.4 0 0.2 0 4.4 1.9 0 NA 0 95.7 58.9 27 0
20200320 52 0 0 0 1.6 0.6 0.8 0 0 0.1 14.9 0 0 0 5.1 2.1 0 NA 0 96.2 68.5 25.4 0
20200321 38.9 0 0 0 1.7 0.3 0.1 0 0 0.5 19 0 0 0 3.6 2.2 0 NA 0 95.1 68.3 29.4 0
20200322 51.3 0 0 0 3.2 1.2 0 0 0 0.5 34.4 0 0 1.7 8.9 9 0 NA 0 97 82.2 39.7 0
20200323 58.3 0 0 0 3.3 0 0.1 0 0 0.4 30.6 0 0 1.4 5.8 4 0 NA 0 94.9 69.3 38.1 0
20200324 53.2 0 0 0 3.2 0.1 0 0 0 0.2 22.3 0 0 0 4.5 2.7 0 NA 0 92.5 69 31.3 0
20200325 53.2 0 0 0 3.2 0 0 0 0 0.2 22.3 0 0 0 4.5 2.7 0 NA 0 92.5 69 30.3 0
20200326 43.8 0 0 0 3.2 0 0 0 0 0 16.5 0 0 0 3.7 3.5 0 NA 0 95.1 82.4 30.1 0
20200327 32.9 0 0 0 2.1 0 0 0 0 0 10.1 0 0 0 3.3 2.4 0 NA 0 95.5 56 23.4 0
20200328 39.4 0 0 0 3.2 0 0 0 0 0 14.3 0 0 0 3.6 4.5 0 NA 0 94.4 72.3 25.1 0
20200329 26.8 0 0 0 0.4 0 0 0 0 0 9.2 0 0 0 3.4 4.2 0 NA 0 90.3 64.7 23.4 0
20200330 15.3 0 0 0 0.5 0 0 0 0 0 3.2 0 0 0 3.1 2 0 NA 0 88 48.7 18 0
20200331 15.3 0 0 0 0.5 0 0 0 0 0 3.2 0 0 0 3.1 2 0 NA 0 88 48.7 17.9 0
20200401 14 0 0 0 0.5 0 0 0 0 0 2.3 0 0 0 3.1 0.5 0 NA 0 81.5 45.5 15.3 0
20200402 6.3 0 0 0 0.2 0 0 0 0 0 0 0 0 0 3 0.2 0 NA 0 75.4 47.6 13.6 0
20200403 5.1 0 0 0 0.4 0 0 0 0 0 0 0 0 0 2.8 0.2 0 NA 0 68.8 32.9 14.7 0
20200404 5 0 0 0 0.8 0 0 0 0 0 0 0 0 0 2.8 0.1 0 NA 0 70.5 24.6 12.4 0
20200405 4.6 0 0 0 0.2 0 0 0 0 0.1 0 0 0 0 2.9 0.1 0 NA 0 68.9 16.5 9.9 0
20200406 3 0 0 0 0.3 0 0 0 0 0 0 0 0 0 2.9 0.5 0 NA 0 65.7 22.8 10.3 0
20200407 2.9 0 0 0 0.4 0 0 0 0 0 0 0 0 0 2.8 0.5 0 NA 0 66.6 24.5 10.5 0
20200408 2 0 0 0 0.4 0 0 0 0 0 0 0 0 0 2.8 0.2 0 NA 0 66.6 24.5 10.8 0
20200409 2 0 0 0 0 0 0 0 0 0 0 0 0 0 2.5 0.1 0 NA 0 52.8 11.8 7.2 0
20200410 3 0 0 0 0.1 0 0 0 0 0 0 0 0 0 2.5 0.1 0 NA 0 42.3 5.4 3.9 0
20200411 1.2 0 0 0 0 0 0 0 0 0 0 0 0 0 2.5 0.1 0 NA 0 30.1 4.8 2.9 0
20200412 0.9 0 0 0 0 0 0 0 0 0 0 0 0 0 2.5 0.1 0 NA 0 29.6 8.9 3.1 0
20200413 0.2 0 0 0 0 0 0 0 0 0 0 0 0 0 2.4 0 0 NA 0 23.7 5.8 2.1 0
20200414 0.2 0 0 0 0 0 0 0 0 0 0 0 0 0 2.4 0 0 NA 0 18.9 3.2 1.3 0
20200415 0.2 0 0 0 0 0 0 0 0 0 0 0 0 0 2.3 0 0 NA 0 18.9 3.2 1.3 0
20200416 0.1 0 0 0 0 0 0 0 0 0 0 0 0 0 2.1 0 0 NA 0 13.4 2.7 0.7 0
20200417 0.1 0 0 0 0 0 0 0 0 0 0 0 0 0 2.1 0 0 NA 0 9.7 4.2 0.1 0
20200418 0.1 0 0 0 0 0 0 0 0 0 0 0 0 0 2.1 0 0 NA 0 10 3.7 0.1 0
20200419 3 0 0 0 0.1 0 0 0 0 0 0 0 0 0 2.5 0.1 0 NA 0 42.3 5.4 3.9 0
20200420 0 0 0 0 0 0 0 0 0 0 0 0 0 0 2.1 0 0 NA 0 8.3 3.6 0 0
20200421 0 0 0 0 0 0 0 0 0 0 0 0 0 0 2.1 0 0 NA 0 8.5 3.5 0 0
20200422 0 0 0 0 0 0 0 0 0 0 0 0 0 0 2.1 0 0 NA 0 0 1.8 0 0
20200423 0 0 0 0 0 0 0 0 0 0 0 0 0 0 2.1 0 0 NA 0 0 1.9 0 0
20200424 0 0 0 0 0 0 0 0 0 0 0 0 0 0 2.1 0 0 NA 0 0 1.3 0 0
20200425 0 0 0 0 0 0 0 0 0 0 0 0 0 0 2.1 0 0 NA 0 0 1.3 0 0
20200426 0 0 0 0 0 0 0 0 0 0 0 0 0 0 2.1 0 0 NA 0 0 1.3 0 0
20200427 0 0 0 0 0 0 0 0 0 0 0 0 0 0 2.1 0 0 NA 0 0 0.3 0 0
20200428 0 0 0 0 0 0 0 0 0 0 0 0 0 0 2.1 0 0 NA 0 0 0.1 0 0
20200429 0 0 0 0 0 0 0 0 0 0 0 0 0 0 2 0 0 NA 0 0 0 0 0
20200430 0 0 0 0 0 0 0 0 0 0 0 0 0 0 2 0 0 NA 0 0 0 0 0
20200501 0 0 0 0 0 0 0 0 0 0 0 0 0 0 2 0 0 NA 0 0 0 0 0
20200502 0 0 0 0 0 0 0 0 0 0 0 0 0 0 2 0 0 NA 0 0 0 0 0
20200503 0 0 0 0 0 0 0 0 0 0 0 0 0 0 1.9 0 0 NA 0 0 0 0 0
20200504 0 0 0 0 0 0 0 0 0 0 0 0 0 0 1.2 0 0 NA 0 0 0 0 0
20200505 0 0 0 0 0 0 0 0 0 0 0 0 0 0 1.2 0 0 NA 0 0 0 0 0
20200506 0 0 0 0 0 0 0 0 0 0 0 0 0 0 0.7 0 0 NA 0 0 0 0 0
20200507 0 0 0 0 0 0 0 0 0 0 0 0 0 0 0.2 0 0 NA 0 0 0 0 0
20200508 0 0 0 0 0 0 0 0 0 0 0 0 0 0 0.2 0 0 NA 0 0 0 0 0
20200509 0 0 0 0 0 0 0 0 0 0 0 0 0 0 0 0 0 NA 0 0 0 0 0
20200510 0 0 0 0 0 0 0 0 0 0 0 0 0 0 0 0 0 NA 0 0 0 0 0
20200511 0 0 0 0 0 0 0 0 0 0 0 0 0 0 0 0 0 NA 0 0 0 0 0
20200512 0 0 0 0 0 0 0 0 0 0 0 0 0 0 0 0 0 NA 0 0 0 0 0
20200513 0 0 0 0 0 0 0 0 0 0 0 0 0 0 0 0 0 NA 0 0 0 0 0
20200514 0 0 0 0 0 0 0 0 0 0 0 0 0 0 0 0 0 NA 0 0 0 0 0
20200515 0 0 0 0 0 0 0 0 0 0 0 0 0 0 0 0 0 NA 0 0 0 0 0
20201122 0 0 0 0 0 0 0 0 0 0 0 0 0 0 0.5 0 0 NA 0 0 0 0 0
20201123 0 0 0 0 0 0 0 0 0 0 0 0 0 0 0.4 0 0 NA 0 0 0 0 0
20201124 0 0 0 0 0 0 0 0 0 0 0 0 0 0 0.5 0 0 NA 0 0 0 0 0
20201125 0 0 0 0 0 0 0 0 0 0 0 0 0 0 0.4 0 0 NA 0 0 0 0 0
20201126 0 0 0 0 0 0 0 0 0 0 0 0 0 0 0.5 0 0 NA 0 1.4 0 0 0
20201127 0 0 0 0 0 0 0 0 0 0 0 0 0 0 0.5 0 0 NA 0 1.3 0 0 0
20201128 0 0 0 0 0 0 0 0 0 0 0 0 0 0 0.4 0 0 NA 0 1.7 0 0 0
20201129 0 0 0 0 0 0 0 0 0 0 0 0 0 0 0.5 0 0 NA 0 1.2 0 0 0
20201130 0 0 0 0 0 0 0 0 0 0 0 0 0 0 0.4 0 0 NA 0 1.2 0 0 0
20201201 0 0 0 0 0 0 0 0 0 0 0 0 0 0 0.7 0 0 NA 0 1.1 0 0 0
20201202 0 0 0 0 0 0 0 0 0 0 0 0 0 0 0.8 0 0 NA 0 1.1 0 0 0
20201203 0 0 0 0 0 0 0 0 0 0 0 0 0 0 0.8 0 0 NA 0 1.2 0 0 0
20201204 0 0 0 0 0 0 0 0 0 0 0 0 0 0 0.5 0 0 NA 0 0.1 0 0 0
20201205 0 0 0 0 0 0 0 0 0 0 0 0 0 0 0.6 0 0 NA 0 0 0 0 0
20201206 0 0 0 0 0 0 0 0 0 0 0 0 0 0 1 0 0 NA 0 0 0 0 0
20201207 0 0 0 0 0 0 0 0 0 0 0 0 0 0 0.9 0 0 NA 0 0.6 0 0 0
20201208 0 0 0 0 0 0 0 0 0 0 0 0 0 0 1 0 0 NA 0 1.9 0.1 0 0
20201209 0 0 0 0 0 0 0 0 0 0 0 0 0 0 0.8 0 0 NA 0 1.3 0 0 0
20201210 0 0 0 0 0 0 0 0 0 0 0 0 0 0 0.9 0 0 NA 0 1.3 0 0 0
20201211 0 0 0 0 0 0 0 0 0 0 0 0 0 0 0.9 0 0 NA 0 2.3 0 0.1 0
20201212 0 0 0 0 0 0 0 0 0 0 0 0 0 0 0.8 0 0 NA 0 3.3 0 0.1 0
20201213 0 0 0 0 0 0 0 0 0 0 0 0 0 0 1.1 0 0 NA 0 3.3 0 0.1 0
20201214 0 0 0 0 0 0 0 0 0 0 0 0 0 0 1.6 0 0 NA 0 3.8 0 0.1 0
20201215 2.2 0 0 0 0 0 0 0 0 0 0 0 0 0 1.7 0 0 NA 0.2 4.4 0.5 0.4 0
20201216 4.2 0 0 0 0 0 0 0 0 0 0 0 0.3 0.1 2.1 0 0 NA 1.1 7.6 1.2 0.5 0
20201217 5.7 0 0 0 0 0 0 0 0 0 0 0 2.4 0.1 1.9 0 0 NA 1.1 14.5 1.7 0.7 0.1
20201218 9.4 0 0 0 0 0 0 0 0 0 0 0 2.9 0 2 0 0 NA 1.3 16.4 1.9 2 0
20201219 11.7 0 0 0.4 0.1 0 0.1 0 0 0 0 0 3.6 0 2.2 0 0 NA 6.8 23.7 2.4 1.5 0
20201220 7.3 0 0 0.3 0 0 0 0 0 0 0 0 3.7 0.2 2.2 0 0 NA 3.2 22.3 1.2 2.2 0
20201221 4.1 0 0 0 0 0 0 0 0 0 0 0 3.7 0.4 2.1 0 0 NA 1.3 15.6 3 2.2 0.1
20201222 3.9 0 0 0 0 0 0 0 0 0 0 0 3.7 0.1 1.9 0 0 NA 1.3 15.6 3 1.8 0.1
20201223 2.6 0 0 0 0.2 0 0 0 0 0 0 0 3.7 0.1 1.9 0 0 NA 1.4 11.4 2.2 1.4 0.1
20201224 4.1 0 0 0 0.1 0 0.2 0 0 0.1 0 0 2.2 0.2 2.2 0.1 0 NA 0.5 10.1 1.2 1.4 0
20201225 12 0 0 0 0.2 0 0.2 0 0 0 0.2 0 3.1 2 2.7 0.1 0 NA 1.5 16.4 2 2 0.1
20201226 12.9 0 0 0.4 0.2 0.5 0.2 0 0 0 0.2 0 3.1 2.2 2.9 0.1 0 NA 2.1 16.4 2 3 0.1
20201227 21.7 5.8 0 1 0.2 0.4 0.4 0 0 0 0.3 0 3.5 2.6 3.8 0.2 8.7 NA 33.1 39.4 4.5 5.1 0.1
20201228 16.9 2.2 0 1 0 0.4 0 0 0 0 0 0 3.5 0.7 3.3 0.1 1.7 NA 16.5 22.3 1.9 4.7 0.1
20201229 21.5 2.2 0 0.2 0.2 0.4 0 0 0 0 0.9 0 2.6 4 3.1 0.1 1.7 NA 16.5 35.3 5 5.7 0
20201230 22.3 2.2 0 0.5 0.1 0.5 0.4 0 0 0.1 0.1 0 2.6 4 4.5 0.1 0.2 NA 26.8 34.6 3.8 3.6 0
20201231 19.1 1.1 0 0 0.1 0.3 0.2 0 0 0 0 0 2.5 0.2 3 0.1 0.1 NA 24.2 32.6 2.9 3 0
20210101 24.3 0.7 0 0 0.2 0.2 2.9 0 0 0 0.2 0 2.6 2.5 5.4 0.1 0.3 NA 57.2 33.1 5.4 2.8 0.1
20210102 28.2 0.9 0 0.1 0.6 0.1 0.3 0 0 0 4.4 0 3.2 2.2 5.7 0.1 4.2 NA 33.5 39.5 3.9 6 0
20210103 25 0.4 0 0 0.1 0.2 0 0 0 0 0.5 0 3.2 1.2 4.7 0.1 0.6 NA 30.7 43 3.4 4.7 0.1
20210104 26.4 0.4 0 0 0.1 0.2 1.1 0 0 0 0.2 0 3.3 0.2 4.1 0.1 0.2 NA 35.4 35.4 4.2 3.8 0.1
20210105 24.5 0.4 0 0 0.1 0.2 0.1 0 0 0 0.1 0 2.9 1.4 3.8 0.1 0.1 NA 34.3 28.7 1.4 3 0
20210106 30.6 0.4 0 0 0.4 0.2 0.1 0 0 0.1 0.6 0 2.9 0.5 3.4 0.1 0.1 NA 34.3 33.9 2.2 3.2 0
20210107 34 0.4 0 0 0.1 0.2 0.1 0 0 0 0.3 0 2.9 0.4 4.3 0.1 0.1 NA 18.7 34.7 1.8 2.8 0
20210108 34.2 0 0 0 0.4 0.1 0.1 0 0 0.1 1.7 0 3.1 3.5 6.7 0.1 0.5 NA 14.8 35.7 1.7 6.3 0.1
20210109 27.2 0.3 0 0.4 1.7 0.3 0.4 0 0 0.1 2.9 0 3.5 1.8 5.6 0.1 0.2 NA 29.4 57.5 2.2 10.6 0.1
20210110 26.7 0 0 1 0.3 0.3 0.6 0 0 0 0 0 5.6 0.4 4.1 0.1 0.1 NA 32 47.2 3.5 5.9 0.1
20210111 28.5 0.2 0 1.5 0.4 0.1 0.2 0 0 0 0.1 0 4.8 0.7 3.9 0.1 0.1 NA 37.4 62.3 3.6 7.5 0.1
20210112 27.3 0 0 0.4 0.4 0.2 0 0 0 0 0.1 0 5.1 0 3.2 0.1 1.5 NA 28.6 62.3 3.6 4 0.1
20210113 20.5 0.4 0 0 0.1 0.1 0 0 0 0 0.1 0 5.1 1.2 3.2 0.1 0.1 NA 30.6 34.3 3.2 3.9 0.1
20210114 27.8 0.4 0 0 0.2 0.1 0 0 0 0 0.1 0 5 1.5 3.2 0.1 0.1 NA 30.6 38 3.2 3.9 0.1
20210115 20.3 0.2 0 0 0.3 0.2 0 0 0 0 0 0 4.8 0 3 0.1 0.1 NA 23.5 36.8 3.8 4.4 0.1
20210116 19.6 0.2 0 0 0.2 0.1 0 0 0 0 0 0 4.5 0 2.5 0.1 0.7 NA 11.4 32.6 2.6 3.9 0.1
20210117 21.9 0 0 0 0.2 0.1 0 0 0 0 0 0 2.9 0 2.5 0.1 0.4 NA 8.4 23.6 1.2 2.9 0.1
20210118 17.8 0 0 0 0.1 0.1 0 0 0 0.2 0 0 3.2 0 3.1 0.1 0.2 NA 25.8 34 2 4.7 0.1
20210119 16.7 0 0 0 0.1 0.2 0 0 0 0 0 0 3.2 0 3.3 0.1 0.2 NA 25.8 34 2 6.9 0.1
20210120 18.2 5 2 2.7 2.9 1.8 2.1 0 0 0 0 1 5.5 4.8 6.3 2.3 5.2 NA 28 35.6 6.8 9.3 0.4
20210121 25 1.8 0 0 0.2 0.3 0.3 0 0 0 0.3 0 3.4 0.5 3.4 0.1 10.5 NA 39 34.5 4.4 6.8 0.1
20210122 41.7 0.4 0 0 0.3 0.3 0.7 0 0 0.3 3.1 0 3.8 0.3 3.8 0.1 2.5 NA 51.8 42 9.8 5.4 0
20210123 45.5 0.5 0 0 0.6 1.1 2.5 2.3 1.7 1.3 4 0 4 2.6 7.1 0.6 30.5 NA 50.2 42.3 9.1 16.7 0
20210124 71.7 34.5 1.3 2.2 5.4 1.9 12.1 2.6 0.3 1.4 7.1 0 4.5 7.1 11.3 0.7 36.9 NA 67.1 82.3 17.9 27.7 0
20210125 66.2 48.2 0.6 2 4.5 0.6 9.6 2.6 0.2 1 7.5 0 4.8 2.5 7.5 0.1 33.5 NA 67.6 84.3 17.1 21.2 0.1
20210126 62.7 19.6 0 2.1 4.5 0.6 9.6 2.6 0 0.8 7.5 0 8.6 2.4 7.5 0.1 24.9 NA 67.6 85.3 16.9 13.6 0.1
20210127 81.9 13.8 0 1.5 5.3 1.1 7.6 1 0.7 0.9 18.6 0 8.2 5 8 0.3 15.4 NA 63.2 79 16.4 16.9 0.1
20210128 82.7 64.4 0.2 1.3 2.1 1.2 8.4 1.7 1.2 2 22.8 0 8.2 10.9 11.8 0.6 65.2 NA 63.4 96.1 13.3 30.7 0.1
20210129 84.4 57.1 1.3 2.6 3.3 1.5 5.3 4.5 2.1 3.2 14.6 0 7.7 22.4 17.2 1 44 NA 56.5 90.7 17.6 29.4 1.5
20210130 94.1 88.9 10.9 4.8 6.4 1.9 10.9 2.7 0 1.7 40.3 0 18 13.5 18.3 5 87.5 NA 68.9 96.5 35.2 42.8 1.9
20210131 92.6 90.1 7.5 7.9 8 5.3 10.1 1.3 0.1 0.4 36.6 1 15.6 7 11.4 1.4 87.1 NA 63.7 93.6 32.9 44.2 2.3
20210201 88.6 47.4 2.4 6.7 3.5 3.1 8.9 2.3 1.6 1 23.2 0.1 17.7 3 11.1 1.2 64.9 NA 58.9 93.4 39.6 32.3 1.3
20210202 88.9 69 2 8 4.9 2.8 10.8 2.3 1.4 1.1 30.7 0.1 18 3.9 11.6 0.9 78.2 NA 75.7 94.5 35.9 35.3 0.6
20210203 90.4 62.5 2.8 4.9 4.6 2.7 6.1 3.8 1.6 2.2 40.7 0.1 15.7 7.1 8.5 1.1 77.7 NA 78.1 96.5 37.1 35.1 0.4
20210204 90.9 65.9 6.1 4.7 4.2 2.4 9.8 4.8 0.2 0.7 36.6 0.1 15.6 6.6 10.7 1.3 90.8 NA 83.8 96.5 37.1 36.3 0.4
20210205 83.1 58.1 2.4 5.1 2.8 0.5 2.6 8.9 0.9 0.8 22.5 0 12.2 2.2 6.6 0.4 52.5 NA 57.3 98.1 12 20.5 0.1
20210206 79.8 78 27.3 7.5 7.4 0.7 11.8 10 2 5.3 26.5 0 17 5.1 8 2.2 84.2 NA 78.4 85 17.5 19.3 0.1
20210207 93.1 91.7 41.7 16.3 10.4 0.9 23.6 20.4 1.8 3.6 34.1 1.6 22.8 7.1 10.3 3.9 92.9 NA 91.8 91 34.8 28.9 8.2
20210208 95.1 91.8 44.1 13.9 9.3 2.6 13 26 3.9 5.2 35.3 1.7 21.4 8.4 12.6 4.6 92.9 NA 90.4 86.8 35.5 33.4 5.2
20210209 95 91.8 85.8 53 12.8 7.2 31.9 21.4 2.9 4.4 41.6 9.6 22.7 10.5 15.9 5.2 94.6 NA 85.9 94.2 48.1 44.3 5.4
20210210 95 95.1 82.3 39.3 11.3 7.7 29.6 22.6 2 1.3 37.2 1.7 25.8 8.3 16.4 5.9 94.6 NA 82 94 66.2 48.4 4.3
20210211 94.2 95.1 82.2 34.8 12.1 7.7 29.8 26.1 4.2 2.5 54.3 2.9 38.9 9.6 17.3 9.6 95.4 NA 84.1 96.9 91.3 56.7 5.1
20210212 95 93.3 77.9 39.4 15.7 20 23.3 30 10.2 6.6 81.9 9.1 39 16.6 25.3 18.3 93.8 NA 75 97.2 85.9 65.1 4.8
20210213 94.5 95.1 80.7 48.1 11.6 14.3 27.5 28.2 7.9 8 63.6 10.9 45 53.7 31.8 18.5 95.4 NA 82.5 98.4 89.8 65.6 6.7
20210214 94.8 95 80.3 52.6 20.3 22.6 39.9 24 6.4 9.1 63.2 4.5 59.5 47.8 34.2 22.5 95.4 NA 92 98.4 93.9 71.4 7.9
20210215 94.3 95.2 81.4 69.3 26.9 14.5 29.3 28.9 8.2 13.3 62.1 6.1 56.7 58 39.3 19.6 95.4 NA 85.6 98.4 94 68 11.4
20210216 94.5 95.2 81.9 63.6 24.5 18.2 28.6 29.3 9.1 14.4 69.1 2.7 56.6 91.2 55.8 23.4 95.4 NA 87.2 98.4 93.9 70.1 9.4
20210217 99.6 92.9 82.6 51.4 15.8 8.7 31 27.6 13.9 17 63.3 4.4 52.6 85.5 50.7 23.3 95.4 NA 92.8 98.5 95.1 63.2 5.6
20210218 99.6 95.3 83.8 60.2 23.3 5.8 39.2 34.3 13.9 17 78.4 7.5 63.1 90.4 60 24 95.4 NA 95.8 98.5 95.3 62.5 11.6
20210219 99.6 95.2 79.2 63.7 36.6 15 33.5 34.9 10 13.2 78.6 13.4 57.9 82.1 63.3 31.2 95.4 NA 95.7 98.5 95.1 70 9.5
20210220 99.5 92.5 87.6 71.4 34.2 13.4 37.9 23.5 5.2 8.5 71.8 4.7 64.7 83.2 67.7 23.3 99.1 NA 90.7 97.8 95.6 74.7 8.2
20210221 99.6 89.5 87.3 48.6 20.9 5.6 40.9 30.4 8.4 9.1 61.9 2 65.8 81.9 64.5 24.8 99.5 NA 87.3 98.6 95.4 69.3 1.7
20210222 99.5 81.7 77.2 31.4 6.7 2.3 22.6 15.4 2.1 2.7 58.1 0.6 38 79.1 53.2 19.4 99.5 NA 79.7 98.6 82.4 59.3 0.2
20210223 97.2 78.8 77.7 22.4 6.5 2.3 22.6 13 0.2 1.1 38.2 0.5 28.1 37.8 50.4 19.2 99.5 NA 79.7 98.6 81.5 45.6 0.1
20210224 97.9 67.6 71.2 28.4 6.4 1.7 27.9 10 0 1 41.9 0.1 27.5 9.8 44.8 14.9 98.9 NA 89.3 98.6 81.5 38.3 0.3
20210225 99.1 63.8 66.2 21.7 9.9 1.2 11.7 6.2 0 1.7 48.5 0.2 22.6 7.6 41.7 12.4 96.2 NA 77.7 98.6 95.5 45.3 0.2
20210226 94 54.1 52.8 16.6 7.6 0.7 8 3.7 0 1.4 38.1 0 28.5 7.2 33.2 18.8 93.5 NA 59 100 87.5 47.8 0.1
20210227 94.4 55.2 52.5 15.2 4 0.6 5.8 2.7 0 0.4 32.7 0 19 6.1 26.8 4.8 88.3 NA 60.1 100 64.1 36.4 0.1
20210228 94.2 52.6 50 18.4 3.2 0.9 5.9 3.4 0.5 0.1 39.2 0 19 5.6 18.9 4.2 91.7 NA 62.7 100 62.6 34.2 0.1
20210301 89.2 37.9 39.6 19.7 2.7 0.6 5.6 2.9 0.6 0.6 29.6 0 17.8 1.4 10.2 3.5 77.2 NA 50.2 100 62.1 29.6 0.1
20210302 90.7 27.8 48.2 9.6 11.4 1.9 4.9 1 0 1.1 41.4 0 21.5 2.6 14.6 9.2 69.2 NA 57 99.8 87.6 34.8 0.1
20210303 87.4 20.3 44.5 14.6 3.9 0.8 2 0.4 0 0.3 24.5 0 21.1 0.6 13 11.3 70.9 NA 60.6 99.8 67.8 41 0.1
20210304 84.5 19.9 39.8 13.3 3.4 1.9 1.7 0.6 0 1.9 36.1 0 24.7 1.8 11.2 11.7 71.1 NA 61.2 99.8 73.3 37.9 0.1
20210305 95.6 16.8 18.3 13.8 3.3 1.7 2 0.5 0 2.6 46.2 0 13.7 5.5 12.1 13 64.2 NA 59.1 99.7 77.9 50.6 0.1
20210306 82.5 12.1 9.9 9.7 2.9 0 2.1 0.8 0 0.8 28.5 0 19.2 10.2 11.2 6.5 54.3 NA 46.8 99.6 71.5 47.3 0.1
20210307 82.8 16.2 13.1 9.9 2.7 0.9 1.2 1.4 0 0.2 31.5 0 47.8 14 15.4 18.2 54 NA 46.8 99.6 86 54 1.3
20210308 89.3 13.2 53.5 21.2 2 4.5 7.1 1.4 0 0.1 34.4 0 48.8 16.8 15.2 10.4 44.6 NA 49.8 99.6 91.5 56.1 4
20210309 90.4 9.8 18.6 23 3.4 1.3 7.2 0.6 0 0 34.5 0 47 7.5 14.9 10.6 55.8 NA 57.7 99.7 75 41.8 2.8
20210310 84.5 8.8 11.5 19.1 2.3 1.2 3 0.7 0 0 32.4 0 36.2 5.4 13.9 7.8 48.1 NA 53.4 99.4 59.7 37.9 0.3
20210311 78 2.7 5.7 18.7 1.7 0.9 2.2 0.1 0 0 22.4 0 17.9 4.2 11.3 7.3 7.9 NA 36.5 99.4 45.2 33.1 0
20210312 73.5 1.6 2.2 13.8 2.9 0 1.1 0 0 0.5 21 0 13.4 0 6 3.1 2.8 NA 34.7 99.4 42.3 26.1 0
20210313 69.9 0.9 1.5 10.9 2.6 0.8 1.1 0.1 0 0.5 22.2 0 12.3 0.2 5.8 3.6 1.8 NA 26.7 97.4 57.4 29.1 0
20210314 68.2 0.7 0.7 8.3 2.3 1.6 1.3 0.1 0.1 0.6 23.9 0 11.1 0.4 5.6 4.1 1 NA 20.1 95 71.2 32.5 0
20210315 63.5 0.3 0 5.4 2.1 2.5 1.4 0.2 0.1 0.6 25.8 0 10.4 0.7 5.6 4.8 0 NA 13.7 93.1 86.1 35.4 0
20210316 53.5 0 0 5.4 1.6 2.5 2.6 0 0 0 31.9 0 10 0.8 6.2 4.4 0 NA 14.6 93.5 82.5 36.9 0
20210317 55.5 0 0 6.2 2 1.1 3.8 0 0 0.3 26.5 0 9.6 1.2 6 4.4 0 NA 2.8 95.8 70.7 33.2 0
20210318 51.2 0 0 7.9 2.9 0.4 3.8 0 0 0.1 27.5 0 10 0 5.1 3 0 NA 1.3 92.6 71.4 33 0
20210319 52.1 0 0 4.5 3.5 0.4 0.1 0 0 0.8 30.6 0 10.9 0.2 4.6 9.9 0 NA 0.2 91.5 90.9 32.6 0
20210320 41 0 2.1 5 4.7 0.2 0.3 0 0 0.1 22.9 0 11.4 0.1 5 5.1 0 NA 0 87.2 71.8 24.3 0
20210321 42.3 0 2.3 20.8 2.9 0.3 0.3 0 0 0 17.6 0 6.4 0 4.6 2.4 0 NA 0 86.4 64.4 23.7 0
20210322 29.2 0 0 2.5 0.7 0 0.2 0 0 0 11 0 5.5 0 4.3 0.9 0 NA 0 88.3 43.1 21.6 0
20210323 13.2 0 0 1.9 1.2 0 0.3 0 0 0 12.3 0 5.7 0 4.1 0.8 0 NA 0 89.9 39.5 21 0
20210324 13.8 0 0 0.8 1.2 0 0.3 0 0 0 16.8 0 5.5 0 3.8 0.8 0 NA 0 92 42.2 20.5 0
20210325 8.6 0 0 0 0.4 0 0.1 0 0 0 11.8 0 3 0 3.7 1 0 NA 0 87.5 35.4 18.3 0
20210326 8.2 0 0 0 1 0 0 0 0 0 15.6 0 4.4 0 2.9 1 0 NA 0 67.8 28.5 18 0
20210327 5.7 0 0 0 0.5 0 0 0 0 0 6.3 0 0 0 3 0.4 0 NA 0 47.8 29.2 16.9 0
20210328 5.3 0 0 0 0.5 0 0 0 0 0 7.9 0 0 0 2.8 0.4 0 NA 0 39.9 33.3 15 0
20210329 1.7 0 0 0 0.3 0 0 0 0 0 4 0 0 0 2.8 0.7 0 NA 0 39.6 25.5 11.9 0
20210330 2.1 0 0 0 0.1 0 0 0 0 0 0.4 0 0 0 2.6 0.2 0 NA 0 38.3 21.1 11.7 0
20210331 0.2 0 0 0 0.2 0 0 0 0 0 0.1 0 0 0 2.6 0.1 0 NA 0 34.2 19.7 9.5 0
20210401 0 0 0 0 0.2 0 0 0 0 0 0 0 0 0 2.6 0.1 0 NA 0 33.8 19.9 7.1 0
20210402 0 0 0 0 0 0 0 0 0 0 0 0 0 0 2.3 0.1 0 NA 0 23.1 19.6 4.7 0
20210403 0 0 0 0 0 0 0 0 0 0 0 0 0 0 2.2 0 0 NA 0 21.8 11.6 4.6 0
20210404 0 0 0 0 0 0 0 0 0 0 0 0 0 0 2.2 0 0 NA 0 19.3 18.3 4.6 0
20210405 0 0 0 0 0 0 0 0 0 0 0 0 0 0 2.2 0 0 NA 0 18 17.2 4.7 0
20210406 0 0 0 0 0 0 0 0 0 0 0 0 0 0 2.3 0 0 NA 0 13.7 12.2 3.8 0
20210407 0 0 0 0 0 0 0 0 0 0 0 0 0 0 2.3 0.1 0 NA 0 9.1 6.2 3 0
20210408 0 0 0 0 0 0 0 0 0 0 0 0 0 0 2.2 0.1 0 NA 0 6.1 4 2.2 0
20210409 0 0 0 0 0 0 0 0 0 0 0 0 0 0 2.1 0 0 NA 0 4.3 1.9 1.4 0
20210410 0 0 0 0 0 0 0 0 0 0 0 0 0 0 2.1 0 0 NA 0 0 1 0 0
20210411 0 0 0 0 0 0 0 0 0 0 0 0 0 0 2.1 0 0 NA 0 0 0 0 0
20210412 0 0 0 0 0 0 0 0 0 0 0 0 0 0 2.1 0 0 NA 0 0 0 0 0
20210413 0 0 0 0 0 0 0 0 0 0 0 0 0 0 1.9 0 0 NA 0 0 0 0 0
20210414 0 0 0 0 0 0 0 0 0 0 0 0 0 0 1.9 0 0 NA 0 0 0 0 0
20210415 0 0 0 0 0 0 0 0 0 0 0 0 0 0 1.9 0 0 NA 0 0 0 0 0
20210416 0 0 0 0 0 0 0 0 0 0 0 0 0 0 1.5 0 0 NA 0 0 0 0 0
20210417 0 0 0 0 0 0 0 0 0 0 0 0 0 0 1.2 0 0 NA 0 0 0 0 0
20210418 0 0 0 0 0 0 0 0 0 0 0 0 0 0 1.2 0 0 NA 0 0 0 0 0
20210419 0 0 0 0 0 0 0 0 0 0 0 0 0 0 1.1 0 0 NA 0 0 0 0 0
20210420 0 0 0 0 0 0 0 0 0 0 0 0 0 0 0.4 0 0 NA 0 0 0 0 0
20210421 0 0 0 0 0 0 0 0 0 0 0 0 0 0 0.4 0 0 NA 0 0 0 0 0
20210422 0 0 0 0 0 0 0 0 0 0 0 0 0 0 0.4 0 0 NA 0 0 0 0 0
20210423 0 0 0 0 0 0 0 0 0 0 0 0 0 0 0.4 0 0 NA 0 0 0 0 0
20210424 0 0 0 0 0 0 0 0 0 0 0 0 0 0 0.3 0 0 NA 0 0 0 0 0
20210425 0 0 0 0 0 0 0 0 0 0 0 0 0 0 0.2 0 0 NA 0 0 0 0 0
20210426 0 0 0 0 0 0 0 0 0 0 0 0 0 0 0.1 0 0 NA 0 0 0 0 0
20210427 0 0 0 0 0 0 0 0 0 0 0 0 0 0 0.1 0 0 NA 0 0 0 0 0
20210428 0 0 0 0 0 0 0 0 0 0 0 0 0 0 0 0 0 NA 0 0 0 0 0
20210429 0 0 0 0 0 0 0 0 0 0 0 0 0 0 0 0 0 NA 0 0 0 0 0
20211126 0 0 0 0 0 0 0 0 0 0 0 0 0 0 0 0 0 NA 0 0 0 0 0
20211127 0 0 0 0 0 0 0 0 0 0 0 0 0 0 0.4 0 0 NA 0 0 0 0 0
20211128 0 0 0 0 0 0 0 0 0 0 0 0 0 0 0.3 0 0 NA 0 0 0 0 0
20211129 0 0 0 0 0 0 0 0 0 0 0 0 0 0 0.3 0 0 NA 0 1.5 0 0 0
20211130 0 0 0 0 0 0 0 0 0 0 0 0 0 0 0.5 0 0 NA 0 1.5 0 0 0
20211201 0 0 0 0 0 0 0 0 0 0 0 0 0 0 0.5 0 0 NA 0 1.5 0 0 0
20211202 0 0 0 0 0 0 0 0 0 0 0 0 0 0 0.3 0 0 NA 0 1.1 0 0 0
20211203 0 0 0 0 0 0 0 0 0 0 0 0 0 0 0.4 0 0 NA 0 1.1 0 0 0
20211204 0 0 0 0 0 0 0 0 0 0 0 0 0 0 0.9 0 0 NA 0 1.1 0 0 0
20211205 0 0 0 0 0 0 0 0 0 0.2 1.2 0 0 0 1.2 0 0 NA 0 0.9 0 0 0
20211206 2.1 0 0 0 0 0 0 0 0 0.3 1.7 0 0 0 1.1 0 0 NA 0 0.9 0 0 0
20211207 0.4 0 0 0 0 0 0 0 0 0 0 0 0 0 1.3 0 0 NA 0.9 6.7 0.3 0 0
20211208 8.1 0 0 0 0.1 0 0 0 0 0 0.3 0 0 0.1 1.8 0 0 NA 2.3 10.7 1.6 0.1 0
20211209 5.3 0 0 0 0.1 0 0 0 0 0 0 0 0 0 1.8 0 0 NA 2.3 10.7 1.6 0.3 0
20211210 5.3 0 0 0 0.1 0 0 0 0 0 0 0 0 0 2 0 0 NA 2.3 10.7 1.6 0.3 0
20211211 5.4 0 0 0 0.2 0 0 0 0 0 0 0 0 0 2.2 0 0 NA 8.9 8.3 1 0.4 0
20211212 5.7 0 0 0 0.2 0 0 0 0 0 0 0 0 0 2.2 0 0 NA 9.5 9.1 1.4 0.5 0
20211213 5.7 0 0 0 0.2 0 0 0 0 0 0 0 0 0 2.2 0 0 NA 10.6 9.1 1.4 4.3 0
20211214 5.5 0 0 0 0.1 0 0 0 0 0 0 0 0 0 2 0 0 NA 0.3 8.4 0.6 1.7 0
20211215 5.2 0 0 0 0 0 0 0 0 0 0 0 0 0 1.9 0 0 NA 0.2 7.2 0.7 0.1 0
20211216 1 0 0 0 0 0 0 0 0 0 0 0 0 0 1.7 0 0 NA 0.2 2.3 0.2 0 0
20211217 0.5 0 0 0 0 0 0 0 0 0 0 0 0 0 1.6 0 0 NA 0.2 2.3 0.2 0 0
20211218 1.8 0 0 0 0 0 0 0 0 0 0 0 0 0 1.7 0 0 NA 0.2 2.8 0.5 0 0
20211219 2.3 0 0 0 0 0 0 0 0 0 0 0 0 0 1.6 0 0 NA 0.1 2.8 0.2 0 0
20211220 3.2 0 0 0 0.1 0 0 0 0 0 0 0 0 0 2 0.1 0 NA 0.3 9.1 0.6 1.1 0
20211221 12 0 0 0 0.1 0 0 0 0 0 0 0 0 0 2.2 0.1 0 NA 0.3 9.1 0.6 0.2 0
20211222 12.5 0 0 0 0.1 0 0 0 0 0 0 0 0 0.4 2.6 0.1 0 NA 0.3 10.5 2 0.3 0
20211223 13.6 0 0 0 0.1 0 0.3 0 0 0.1 1.5 0 0.1 1.1 2.7 0.1 0.7 NA 8.8 25.4 3.8 1.6 0
20211224 20.8 0 0 0.4 0.1 0 0.4 0 0 0 1.3 0 3 1.7 3 0.1 1.7 NA 11.4 27.5 4.7 3.5 0
20211225 21.5 0 0 0 0.1 0 0.3 0 0 0.1 1.3 0 3 0 3.1 0.1 1.7 NA 6.9 27.5 4.7 2.9 0
20211226 19.6 0 0 0 0.4 0.2 0 0 0 0.5 2.2 0 1.7 0 2.9 0.1 0 NA 7 28.3 2.1 3.2 0
20211227 17.6 0 0 0 0.4 0.2 0 0 0 0.5 2.1 0 1.7 0 2.8 0.1 0 NA 6.2 28.3 2.3 3.2 0
20211228 19.7 0 0 0 0 0.2 0 0 0 0 1.1 0 1.6 1.6 2.6 0.1 0 NA 6.1 25.8 2.8 3.1 0
20211229 20.7 0 0 0 0 0 0 0 0 0 0.3 0 1.6 1.2 2.6 0.1 0 NA 6.1 25.8 2.8 3.4 0
20211230 31.6 0 0 0 0.1 0 0 0 0 0.3 1 0 1.6 1.7 4.1 0.1 0 NA 6.4 27.6 2.6 2.6 0
20211231 35.1 0 0 0 0.1 0 0.1 0 0 0.3 0.1 0 1.6 2.2 4.1 0.1 0 NA 13.5 35.6 1.4 3.3 0
20220101 34.5 0 0 0 0 0 0.1 0 0 0.5 5.4 15.4 5 2.5 4.1 0.1 0 NA 13.5 36 3.7 3.4 0.7
20220102 39.6 0 0 0 0 0 0.1 0 0 0.6 3.6 0 5 2.9 4.1 0.1 0 NA 13.2 41.4 3.7 4.4 0
20220103 62.3 0 0 0 2.2 1.1 2.6 0.3 0.8 3.1 14.8 0 3.6 4.8 7.6 0.9 0 NA 38.5 47.6 7.2 11.4 0
20220104 44.2 0 0 0 0.3 0.1 2.2 0 0 0.1 0.3 0 3.3 5.2 6.5 0.1 2.4 NA 46.8 48.2 5.7 5.8 0
20220105 45.6 0 0 0 0.6 0 2 0 0 0.4 2.9 0 7 1.2 5.1 0.4 2.4 NA 45.5 56.8 4.5 5.9 0.1
20220106 52.1 0 0 0.7 0.6 0 1.4 0 0 0.5 13.8 0 8 1.2 4.5 0.3 10.6 NA 47.3 56.1 4.2 10.4 0.1
20220107 70.9 16.8 0 2.5 2.5 1.4 4.7 0.7 0 1.8 31.1 0 3.8 5.6 7.7 0.3 58.1 NA 52.4 88.7 16.7 18.4 0.1
20220108 81.5 36.4 0 2.5 5 2.7 10.2 3.6 1.3 2.9 21.3 0 7.8 13.4 10.5 1.4 82.5 NA 68.4 93.1 15.7 22.4 0.5
20220109 68.9 36.9 0 2.3 2.7 2.7 10.6 0.5 0.1 1.2 10.4 0 6 3.8 6 0.1 82.5 NA 69.3 73.2 11.4 15.7 0
20220110 90.4 30.8 0 0 3.1 2.8 1.1 0.7 0.1 1.7 10.2 0 8 1.7 5.9 0.1 86.1 NA 56.1 59.9 18.6 18.8 0.9
20220111 92.7 71.1 0.9 6.6 12.1 5.7 11.6 8.3 2.9 6.2 33.9 0.6 8.1 8.8 12.7 0.5 90 NA 60.2 93.3 20.8 37.4 3.5
20220112 78.9 70.1 1.4 2.5 6 1.4 7.7 2.3 0.2 1.8 33.1 0.4 9 9.5 9.4 1 90 NA 65.5 87.1 20.1 17.4 1.5
20220113 92.6 71.6 1.6 2.8 10.5 1.4 7.9 1 0.1 2.5 53 0 9.7 7.1 11.1 1.5 90 NA 70.4 96.3 27.3 21.7 0.3
20220114 92.4 69 0.9 2.8 10.9 1.8 6.1 0 0.1 3.5 53.4 0 9.9 1.1 8.5 0.8 60.9 NA 71.9 96.2 55 39.4 0.2
20220115 92.4 72.3 2.6 3.6 12.1 5.7 11.9 0.7 0.5 4.2 56.1 0 9.7 9.1 13.2 3 73.4 NA 68.5 98 69.2 45.1 2.7
20220116 95.4 81.5 5.6 7.6 13.8 2.1 19.7 0.8 1.2 4.5 47 3.1 26.6 4.9 12 3.1 89.7 NA 83.1 98.2 38.9 40.4 4.1
20220117 94.4 86.6 4.2 10.9 19.3 4.2 17.3 2.2 0 4.8 56.2 0 22.6 3.5 8 0.9 84 NA 73.4 100 45.7 39.2 3.2
20220118 94.4 87.3 4.2 6.6 17.3 4.1 11.8 8.2 1.3 4.6 57.5 0 17.4 4.3 10.2 1.1 86.7 NA 72.2 100 46.3 45.8 1.1
20220119 84.3 60.3 5.5 6 6.8 1.1 9.3 2.4 0.1 1.6 50.2 0 15.1 3.4 9.2 0.6 66.4 NA 72.4 93.5 48.4 32 1.1
20220120 92.8 80.6 11.6 6.3 23.7 5.9 12.4 6.5 0.7 3 56.5 0 14.1 8.8 12.6 1.4 84.2 NA 80.4 99.6 57.9 48.5 0.7
20220121 94.3 88.8 21.7 21.6 31.9 11.4 20.4 10.7 7.7 7.7 59.7 6.3 21.2 13.4 17.1 5.3 93 NA 85.1 99.6 62.1 54.2 4.6
20220122 94.2 93.8 20.2 28.7 26.2 7.1 28.6 12.6 2.7 3.3 52.2 18.4 40.6 17 18.6 5.3 93.5 NA 89.7 99.6 76.2 42.6 12.1
20220123 90.1 83.8 28.8 23.3 23.8 9.5 24.6 14.5 2.5 10.4 46.5 4.9 24.9 7.7 14.7 2.8 95 NA 83.1 99.2 44.7 45.8 3.2
20220124 90.1 87.8 32.6 23.3 22.6 8.7 28 17 2.5 11 49.2 4.9 39.4 9.6 16.3 2.9 95 NA 86.6 99.2 84.3 46 4.9
20220125 93.8 89.8 36.2 34.4 27.9 11.5 26.4 14.9 3.3 8.9 58.3 4.2 28.3 9.2 16.5 5.8 94.7 NA 83.5 99.6 91.1 55.4 4.2
20220126 95.5 93.5 49.3 46.8 41.6 30.6 32.8 19.5 7.1 11.9 65.4 9.1 50.4 9.4 21.1 11 94.9 NA 92 99.7 91.1 66 9.4
20220127 93 93.9 55.2 52.3 9.6 5.2 31.3 22.8 4 5.5 54.5 9.1 56.6 5.9 13.8 5.5 95 NA 93.7 99.7 86.6 41.2 9.7
20220128 90.2 94 48.2 40 30.7 20.3 28.4 22.8 14.6 11.9 68.1 3.9 42.2 10.4 16.8 7.3 96.6 NA 87.7 100 95.5 59.4 4.9
20220129 95.7 94.1 78.2 58.5 43.7 45.1 32.5 22.8 15.1 24.4 72.3 9.6 66.8 22 17.9 13.1 96.6 NA 90.4 100 95.8 65.1 10.6
20220130 95.7 94.1 89.6 71.9 42.9 22.9 40.4 25.7 6 27.9 87.3 12.7 80.1 20.9 24.5 20.6 96.6 NA 94.3 100 95.8 68.3 16.9
20220131 97.5 96.4 94.7 87.6 40.6 24.7 50.5 24.1 8.9 20 82.4 18.1 80.1 21 27.1 19.7 99.1 NA 95 100 95.9 69.2 15.8
20220201 97.5 94 90.7 81.7 12 17.1 37.5 24.1 10.8 6.7 63.4 17.4 65.8 20.7 22.5 13.4 98.9 NA 90.8 100 76.5 58.7 12.1
20220202 92.5 89 78 47.1 7.5 22.1 28.2 3.7 0.1 4.6 45.5 3.6 42.8 6.5 15.1 3.1 98.9 NA 80.4 100 68.7 48 2.2
20220203 97.5 86.1 64.2 34.3 11.9 11.3 18.8 16.9 10 12.5 61 0 42.8 9.9 17.9 11.9 98.1 NA 80.3 100 91.8 52.2 2.4
20220204 97.5 93.4 81.2 41.8 25.4 37.3 22.6 16.9 11.4 11.1 60.4 0 47 37.3 28.5 20.3 99.6 NA 91.7 100 91.8 74 2.4
20220205 97.8 95.3 90.5 85.2 51 38.1 38.1 18.2 10.5 17.5 86.5 1.8 71.9 62.4 32.3 33.2 99.1 NA 93.5 100 95.9 83.1 15.1
20220206 98.1 91.8 85.1 60.3 32.6 36.3 44 24.7 6.1 8.6 62.1 12.2 75.4 54.9 31.7 30.3 97.5 NA 95.8 100 90.4 80.7 20.1
20220207 95.5 89.2 85.2 45.7 23.7 5.5 41.1 5.7 1.1 7.9 61.9 7.5 65.1 22.6 18.2 13.6 97.6 NA 91.6 100 94.4 46.6 10.8
20220208 97.9 90.8 82.2 36.9 25.5 5.8 38.7 22.5 8.6 14.1 67.3 0.4 41.1 31.6 28 18.8 97.5 NA 82.6 100 96.2 49.6 3.7
20220209 94.4 75.4 76.7 32.5 18.4 5.1 42.9 9.1 1.9 5.4 58.6 0.2 40.4 31.6 26.6 19.6 97.4 NA 94.6 100 93.1 49.5 1.4
20220210 90.7 75.1 75.9 35.7 11.9 5 42.8 0.5 0.1 5.3 55.9 0 35.2 15.7 19.2 9.3 97.4 NA 94.6 100 80.5 43.7 0.4
20220211 91.8 69.7 69.8 30.1 13.9 3.3 16.9 0 0.2 2 57.2 0 35.8 18.3 20.4 15.8 97.4 NA 67.6 100 90.3 43.7 0.1
20220212 96.7 67.7 55.6 41.9 27.8 9.5 12.1 1.2 1.6 7.3 64.7 0 33.3 14.6 17.3 16 97.4 NA 71 100 92.7 48.6 0.1
20220213 97.8 85.4 73.3 49.3 51.7 42.9 37 22.1 4.6 22.3 87.1 0.9 48.1 43.1 37.7 34.2 97.4 NA 88.1 100 94.1 70.7 6.7
20220214 97.8 88.8 83.3 72.9 64.9 44.7 40.4 30.2 13.5 29.4 92.7 1.3 74.5 72.9 46.7 37.4 97.4 NA 90.9 100 96.6 76.8 12.9
20220215 97.8 96.9 95 80.9 63.9 28.3 54.2 30.8 14.6 29.8 87.3 1.1 77.8 58.8 48.5 33.5 99.3 NA 96.2 100 97.2 78.1 10.3
20220216 97.3 90 87.7 72 31.9 17.8 44.6 20.2 1.5 9.4 76 0.3 67.3 70.6 37.1 29.9 99.4 NA 78.8 100 92.2 66 3.1
20220217 97.8 69.6 82.1 67.4 23.5 9.4 31.7 0.2 1 10 67.6 0 31.8 59 34.2 22.9 99.4 NA 74.3 100 96.4 66 0.2
20220218 97.8 89.7 91.7 82.4 38.7 20.2 34.2 5.6 8.2 26.6 76.2 0 32.3 67.1 41.9 33.7 97.6 NA 92.7 100 97.1 72.1 1.2
20220219 86.7 83.7 76.1 51.2 44.8 8.2 38.9 13.6 3.7 18.4 88.7 0 33.4 80.1 36.5 25.5 94.7 NA 86 100 94.7 65.2 2
20220220 95.5 80.3 86 62.1 37.4 15.7 54.9 20.6 4.9 9.4 68.4 0.4 33.4 53.6 38 27.7 93.2 NA 92.1 100 95.4 66.4 0.8
20220221 95.5 68.1 75.5 56.8 20 16.1 29.8 14.4 4.4 8.9 70.5 0 29.4 29.3 30.8 27.1 87.3 NA 82.3 100 97.8 63.8 0.1
20220222 97 68.1 75 58.5 30.2 17.9 32.5 8.4 6.8 17.3 86.9 0 42.5 50.4 35.9 36.7 87 NA 83.5 100 96.8 60 1.7
20220223 97.2 56.1 66 56 55.6 28.8 29.8 0.8 6.7 31.1 88.4 0 44.7 78.4 35.6 36.8 84.9 NA 94.6 100 96.8 76.4 0.9
20220224 98.3 53 71.9 53.8 66.8 44.2 47.9 3.5 5.7 29.8 88.3 0 50.5 90.3 55.9 43.1 95 NA 94.7 100 98.6 86.1 3.7
20220225 98.5 54.6 78 81.5 59.5 40.7 54.7 6.6 7.4 31.8 85.3 0 61.4 92.3 71.4 50.3 90.6 NA 97.4 100 99.3 85.5 6.8
20220226 98.5 78 82 76.8 63.7 39.9 57.2 11.7 13.2 32.7 88.4 0 69.5 90.3 74 46.6 90.9 NA 95.9 100 99.3 86 13.9
20220227 98.5 53.5 76.9 64.8 42.1 3.4 41.3 1.2 0.4 14 75.8 0.5 39.6 69.9 55.4 25.1 68.5 NA 71.2 100 99.3 59.9 2.7
20220228 98.5 67.8 80.1 65 37.4 4.5 41.9 1.2 0.3 12 77.7 0.5 35.6 70.3 65.2 26.3 94.6 NA 84.8 100 99.3 65.3 1.5
20220301 98.5 57.4 79.8 63.2 39.3 29.9 56.1 0 0 9.2 77 0.2 70.7 90.3 69 42.4 94.6 NA 85.6 100 99.5 78.1 8.3
20220302 96.7 54.1 77.6 85.6 38 24.8 57.2 0.3 0.8 13.5 79.1 0 58.9 88.5 67.1 36.3 87.8 NA 95.3 100 99.8 76.1 4.8
20220303 98 54 78.1 74.4 49.5 26.8 54.9 0.9 2.1 23.4 85.6 0 54.9 91.8 76.6 46.1 80.1 NA 95.3 100 99.8 79.9 4.3
20220304 98.5 44.7 71.9 63.4 44.7 21 63.4 0 0 17.8 84.6 0 56 91.1 73.4 45.1 81.5 NA 89.2 100 99.9 79.4 0
20220305 97 43.1 65.1 68 42.7 13.4 61.4 0.7 0.7 22.9 90.1 0 53 90.5 77.5 43.8 76 NA 82.2 100 99.9 77.7 2.3
20220306 97.5 25.5 56.9 60.4 29.5 12.4 51 0 0 9.9 75.8 0 44.9 85.5 63 41.1 76 NA 71.4 100 94.6 74.8 1.4
20220307 91.9 29.5 36 54.3 20.3 5 31.2 0 0 11 70.4 0 40.6 68.5 57.6 40.8 71.5 NA 66.7 100 94.7 62 0.5
20220308 91.3 13.9 17.6 30.1 24.8 6.5 32.9 0 0 10.7 70.5 0 33 60 65.5 40 47.9 NA 71.6 100 98.9 72 0.5
20220309 91.1 10.2 15 27.2 15.4 3.6 21.4 0 0 4.3 69.9 0 28.6 34.9 57 34.2 45.5 NA 67.3 100 99.2 58.4 0
20220310 89.1 9.5 14.8 34.6 18.3 3.7 23.1 0 0 7.8 71 0 29 82.6 63.5 35.9 40.3 NA 68.2 100 99.5 55.5 0
20220311 93.4 10.4 53.4 70.8 12.8 25.4 11.1 0 0 7.9 75.8 0 27.3 82.4 70.4 39.9 43.7 NA 60.4 100 99.5 75.7 0
20220312 83.2 2.6 6.5 30.5 23.3 7.5 17.4 0 0.6 7 65.2 0 31.3 87 72.9 39.9 45.6 NA 69.4 100 99.5 69.7 0
20220313 83.6 0.9 4.9 25.8 27.1 4.4 22.3 0 0.7 7.9 62.3 0 30.1 84.2 73.1 43.5 76.1 NA 74.4 100 99.5 70.7 0.5
20220314 96.2 1.3 7.7 39.4 43.8 5.6 29.6 0 0.2 10.7 89.2 0 26.9 69.6 85.5 57.4 76.5 NA 78.1 100 99.5 69.7 0.1
20220315 96 0.6 3.9 45.4 43.9 22.4 46.4 0 0.3 18.1 92.6 0 27.9 81.6 90.9 67.6 61.5 NA 92.4 100 100 74.4 0.2
20220316 91.9 2 2.8 43.3 37 11.6 40.6 0 0.3 11.5 91.1 0 30.6 72.2 82.7 56.8 61.5 NA 88.3 100 99.8 70.4 0
20220317 90.3 1.8 3 40.1 22.8 6.9 28.1 0 0 4 77.6 0 32.1 61.5 81.5 45.7 50.3 NA 81.6 100 99.6 62.3 0.3
20220318 92.5 2.3 1.8 35.9 13.6 5.9 17.9 0 0 3 76.5 0 32 43.3 73.1 36.2 34.5 NA 79.8 100 99.6 59.5 0
20220319 81.7 3 1.3 35.9 14.1 10.5 8.2 0 0 3.8 72.7 0 26.1 43.6 70.8 33.9 10.4 NA 71.1 100 99.6 59.5 0.2
20220320 77 0 0.6 35.3 7.3 7.8 3.3 0 0 5.3 71 0 31 41 68.3 29.2 0 NA 37.6 100 99.7 60.1 0
20220321 78.4 0 0 10.6 5.9 5.1 3.7 0 0 3.9 70.2 0 17 37.6 70.5 28.9 0 NA 41 100 99.8 54.9 0
20220322 74.2 0 0 7.3 4.5 6.2 3.7 0 0 5.4 68.6 0 18.3 22.7 59.9 29.5 0 NA 41 100 99.8 55.3 0
20220323 64.8 0 0 13.1 4.4 6 5 0 0 7.1 56 0 17.8 17.4 40.7 28.4 0 NA 39.8 100 98.5 55.3 0
20220324 63.9 0 0 11.1 2.5 5.7 3.8 0 0 7.3 48.8 0 21.1 13.1 36.8 25.8 0 NA 20.4 99.4 96.4 52.2 0
20220325 64.4 0 0 10.8 3.5 3.1 0.8 0 0 7.9 44.3 0 10 48.9 37 30.1 0 NA 25 93.1 92.6 54.4 0
20220326 55.1 0 0 3.1 2.3 0.6 0 0 0 5.1 37.3 0 6.5 6.4 27.1 16.5 0 NA 19.6 93.1 94.8 44 0
20220327 60.5 0 0 2.5 1.9 1.5 0 0 0 5 47.5 0 7.4 30.3 17.7 22.9 0 NA 5.2 93.1 95.6 44.1 0
20220328 61 0 0 2.4 1.7 1.5 0 0 0 4.2 44.1 0 6.4 31.9 24 18.8 0 NA 24.3 93.1 95.6 49.7 0
20220329 62.8 0 0 2.1 7 1.5 1.7 0 0 8.5 73.4 0 4.8 34.2 42.9 29 0 NA 25.9 93.5 95.7 46.4 0
20220330 53 0 0 1.9 2.1 1.1 0 0 0 2.7 58.6 0 5.1 19.9 27.2 26.1 0 NA 17.1 92.8 86.1 49.8 0
20220331 58.2 0 0 1.9 1.4 4.3 0.1 0 0 4.8 62.2 0 2.8 12.7 22.3 25.3 0 NA 15.5 92.8 85.4 44.4 0
20220401 50 0 0 1.9 2.9 0.7 0.3 0 0 5.4 47.9 0 2.3 14.8 22.6 24.7 0 NA 14.1 91.2 81.5 46 0
20220402 52.8 0 0 1.9 3.1 0.7 0.2 0 0 5.9 49.8 0 2.3 10.8 20.7 23.8 0 NA 18.4 91.2 82.4 44.5 0
20220403 54.3 0 0 1.9 4.3 0.7 0.4 0 0 1.9 39.1 0 2.3 9.6 19.3 19 0 NA 16.5 91.2 74.4 47.1 0
20220404 44.1 0 0 1.2 3.9 0.1 0.2 0 0 1 36 0 1.6 6.1 14 15.2 0 NA 17.4 91.2 69.6 38.7 0
20220405 45.3 0 0 1.2 2.1 0.9 0 0 0 1.3 36.8 0 1.2 6.2 15.3 17.8 0 NA 0 90.1 85.6 37.4 0
20220406 41.7 0 0 1 1.3 0.9 0 0 0 2.6 39.7 0 0 7.8 16.1 19.7 0 NA 0 90.1 76.7 38.6 0
20220407 35.2 0 0 1 1.6 0.9 0 0 0 1 38.7 0 0 4.3 13.7 20.4 0 NA 0 89.5 70.4 34.6 0
20220408 32.8 0 0 0 2.2 1.1 0 0 0 0.9 38 0 0 5.1 11.3 13.3 0 NA 0 90 75.2 32.3 0
20220409 25.7 0 0 0 2 0.7 0 0 0 0.8 30.8 0 0 4.2 8.9 9.6 0 NA 0 90.2 82.1 32.3 0
20220410 21.7 0 0 0 0.8 0.4 0 0 0 0.9 23.3 0 0 6 10.5 6.2 0 NA 0 85.9 75.2 26.9 0
20220411 22.8 0 0 0 0.8 0.6 0 0 0 0.7 35 0 0 4.8 11.1 10.2 0 NA 0 81.9 75.3 25.5 0
20220412 20.2 0 0 0 1.7 0.3 0 0 0 0 30.7 0 0 5.4 11.1 10.7 0 NA 0 81.9 78.2 24.8 0
20220413 14 0 0 0 2.4 0.3 0 0 0 0 29 0 0 3.2 10.4 9.4 0 NA 0 84.3 69.5 24.8 0
20220414 10.5 0 0 0 1.1 0.1 0 0 0 0 12.7 0 0 5.2 9.4 8.4 0 NA 0 80.2 67.1 24 0
20220415 5.3 0 0 0 1.1 0 0 0 0 0 2 0 0 4.2 8.6 5.3 0 NA 0 71.3 52.9 19.7 0
20220416 5.3 0 0 0 0.2 0 0 0 0 0 2.9 0 0 3.3 6.7 3.5 0 NA 0 71.3 52.9 18.6 0
20220417 4.8 0 0 0 0.5 0 0 0 0 0 4.7 0 0 2.4 7.2 1.6 0 NA 0 56.7 57.5 18.5 0
20220418 4.1 0 0 0 0.2 0 0 0 0 0 3.6 0 0 5.2 6.9 1.1 0 NA 0 55.4 53.8 18.7 0
20220419 5.6 0 0 0 0.2 0 0 0 0 0 3.2 0 0 2 6 0.8 0 NA 0 50.7 47.3 18.1 0
20220420 3.6 0 0 0 0.2 0 0 0 0 0 1.5 0 0 3.2 6.3 0.5 0 NA 0 44 35.3 16.1 0
20220421 3.5 0 0 0 0.1 0 0 0 0 0 0.5 0 0 4.5 5.3 0.7 0 NA 0 38.8 39.1 14 0
20220422 1 0 0 0 0.1 0 0 0 0 0 0.5 0 0 2.5 5.7 0.6 0 NA 0 31.5 28.3 13.3 0
20220423 0.5 0 0 0 0.1 0 0 0 0 0 0.7 0 0 3 4.9 0.6 0 NA 0 28.4 30.3 11.5 0
20220424 0.1 0 0 0 0 0 0 0 0 0 0.7 0 0 1 4.1 1.6 0 NA 0 26.4 22.7 8.2 0
20220425 0.1 0 0 0 0 0 0 0 0 0 0 0 0 1.5 4.2 0.8 0 NA 0 18.7 6.9 4.5 0
20220426 0.1 0 0 0 0 0 0 0 0 0 0 0 0 0.2 3.9 0.6 0 NA 0 18.7 8.5 4.4 0
20220427 0 0 0 0 0 0 0 0 0 0 0 0 0 0.6 4 0.5 0 NA 0 13.8 7.4 1.8 0
20220428 0 0 0 0 0 0 0 0 0 0 0 0 0 0.2 3.7 0.2 0 NA 0 11.6 2 0.9 0
20220429 0 0 0 0 0 0 0 0 0 0 0 0 0 0.1 4.4 0.2 0 NA 0 5.1 2.1 0.4 0
20220430 0 0 0 0 0 0 0 0 0 0 0 0 0 0.2 4.2 0.3 0 NA 0 0.2 1.5 0.3 0
20220501 0 0 0 0 0 0 0 0 0 0 0 0 0 0.2 4.2 0 0 NA 0 0 0 0.3 0
20220502 0 0 0 0 0 0 0 0 0 0 0 0 0 0 3.3 0 0 NA 0 0 0 0 0
20220503 0 0 0 0 0 0 0 0 0 0 0 0 0 0 3.5 0 0 NA 0 0 0 0 0
20220504 0 0 0 0 0 0 0 0 0 0 0 0 0 0 3.4 0 0 NA 0 0 0 0 0
20220505 0 0 0 0 0 0 0 0 0 0 0 0 0 0 3.2 0 0 NA 0 0 0 0 0
20220506 0 0 0 0 0 0 0 0 0 0 0 0 0 0 3.1 0 0 NA 0 0 0 0 0
20220507 0 0 0 0 0 0 0 0 0 0 0 0 0 0 2.9 0 0 NA 0 0 0 0 0
20220508 0 0 0 0 0 0 0 0 0 0 0 0 0 0 2.9 0 0 NA 0 0 0 0 0
20220509 0 0 0 0 0 0 0 0 0 0 0 0 0 0 2.9 0 0 NA 0 0 0 0 0
20220510 0 0 0 0 0 0 0 0 0 0 0 0 0 0 2.4 0 0 NA 0 0 0 0 0
20220511 0 0 0 0 0 0 0 0 0 0 0 0 0 0 2.6 0 0 NA 0 0 0 0 0
20220512 0 0 0 0 0 0 0 0 0 0 0 0 0 0 2.6 0 0 NA 0 0 0 0 0
20220513 0 0 0 0 0 0 0 0 0 0 0 0 0 0 2.2 0 0 NA 0 0 0 0 0
20220514 0 0 0 0 0 0 0 0 0 0 0 0 0 0 1.5 0 0 NA 0 0 0 0 0
20220515 0 0 0 0 0 0 0 0 0 0 0 0 0 0 1.1 0 0 NA 0 0 0 0 0
20220516 0 0 0 0 0 0 0 0 0 0 0 0 0 0 1 0 0 NA 0 0 0 0 0
20220517 0 0 0 0 0 0 0 0 0 0 0 0 0 0 0.7 0 0 NA 0 0 0 0 0
20220518 0 0 0 0 0 0 0 0 0 0 0 0 0 0 0 0 0 NA 0 0 0 0 0
20220519 0 0 0 0 0 0 0 0 0 0 0 0 0 0 0 0 0 NA 0 0 0 0 0
20221119 0 0 0 0 0 0 0 0 0 0 0 0 0 0 1.1 0 0 NA 0 0 0 0 0
20221120 0 0 0 0 0 0 0 0 0 0 0 0 0 0 0.3 0 0 NA 1.5 2.2 0.1 0 0
20221121 0 0 0 0 0 0 0 0 0 0 0 0 0 0 0.6 0 0 NA 1.5 2.2 0.1 0 0
20221122 0 0.4 0 0 0 0 0 0 0 0 0 0 0 0 0.4 0 0.8 NA 1.5 2.2 0 0 0
20221123 1.4 0.7 0 0 0 0 0 0 0 0 0 0 0 0 0.6 0 0.7 NA 2.3 2.4 0 0 0
20221124 0 0.5 0 0 0 0 0 0 0 0 0 0 0 0 0.6 0 1.1 NA 3.2 2.5 0 0.1 0
20221125 0.1 0.5 0 0 0 0 0 0 0 0 0 0 0 0 0.6 0 1.5 NA 2.1 2 0 0.1 0
20221126 0 0.4 0 0 0 0 0 0 0 0 0 0 0 0 0.7 0 1.1 NA 2.4 1.6 0 0 0
20221127 0 0 0 0 0 0 0 0 0 0 0 0 0 0 0.5 0 0 NA 0.4 0 0 0 0
20221128 0 0 0 0 0 0 0 0 0 0 0 0 0 0 0.6 0 0 NA 0.4 0 0 0 0
20221129 0 0 0 0 0 0 0 0 0 0 0 0 0 0 0.5 0 0 NA 0.4 0 0 0 0
20221130 0 0 0 0 0 0 0 0 0 0 0 0 0 0 0.3 0 0 NA 0.4 0 0 0 0
20221201 0 0 0 0 0 0 0 0 0 0 0 0 0 0 0.5 0 0 NA 0.4 0 0 0 0
20221202 0 0 0 0 0 0 0 0 0 0 0 0 0 0 0.8 0 0 NA 0.6 0 0 0 0
20221203 0 0 0 0 0 0 0 0 0 0 0 0 0 0 0.7 0 0 NA 0.6 0 0 0 0
20221204 0.4 0 0 0 0 0 0 0 0 0 0 0 0 0 0.8 0 0 NA 1 0 0 0 0
20221205 3.3 0 0 0 0 0 0 0 0 0 0 0 0 0 1.2 0 0 NA 0.6 0.3 0 0 0
20221206 3.4 0 0 0 0 0 0 0 0 0 0 0 0 0 1.2 0 0 NA 0.6 0.5 0 0 0
20221207 2.4 0 0 0 0 0 0 0 0 0 0 0 0 0 1.8 0 0 NA 0.7 0.5 0.1 0 0
20221208 3 0 0 0 0 0 0 0 0 0 0 0 0 0 2.3 0 0 NA 0.7 0.5 0.1 0 0
20221209 2.9 0 0 0 0 0 0 0 0 0 0 0 0 0 2.1 0.1 0 NA 0 4.1 1.4 0 0
20221210 2.7 0 0 0 0 0 0 0 0 0 0 0 0 0 2.2 0.1 0 NA 0 4.5 1.4 0 0
20221211 3.1 0 0 0 0 0 0 0 0 0 0 0 0 0 2.1 0.1 0 NA 0 7.5 1.3 0 0
20221212 2.9 0 0 0 0 0 0 0 0 0 0 0 0 0 2.2 0.1 0 NA 0 7.5 1.3 0.8 0
20221213 1.6 0 0 0 0 0 0 0 0 0 0 0 0 0 2 0.1 0 NA 0 8.4 1.2 0.4 0
20221214 1.3 0 0 0 0 0 0 0 0 0 0 0 1.7 0 2 0.1 0 NA 0 12.5 0.8 1 0
20221215 0.9 0 0 0 0 0 0 0 0 0 0 0 2.2 0 2 0.1 0 NA 0 5.6 0.2 1.1 0.1
20221216 0.9 0 0 0 0 0 0 0 0 0 0 0 1.9 0 2.1 0.1 0 NA 0 6.9 0.2 1.3 0
20221217 1.8 0 0 0 0 0 0 0 0 0 0 0 1.9 0 2 0.1 0 NA 0 10.9 0.5 1.3 0
20221218 2.6 0 0 0 0 0 0 0 0 0 0 0 2.1 0 2 0.1 0 NA 6.9 14.6 0.8 2 0
20221219 1.7 0 0 0 0 0 0 0 0 0 0 0 2.5 0 2 0.1 0 NA 6.9 14.6 0.8 2 0
20221220 15 0.6 0 1.2 0 0.2 0 0 0 0 0 0 2.9 0 2.3 0.1 3.3 NA 6.9 12.5 0.8 1.5 0
20221221 16.5 0.6 0 1.5 0 0 0 0 0 0 0 0 3 1.7 2.8 0.1 2.6 NA 30.7 10 0.7 0.9 0
20221222 30.2 1.2 0 1.5 0 0.1 0 0 0 0.3 0.7 0 2.7 4 4.1 0.1 1.5 NA 39.1 20.9 2.7 1.4 0.1
20221223 36 1.4 0 1.2 0 0.3 0 0 0 0.6 2 0 2.9 1.8 3.4 0.1 2.5 NA 54.5 22.5 2.8 1.8 0
20221224 34.1 34.2 0.2 3.3 0.2 0.2 0.9 2.6 0.4 1 5.7 0 3.9 2.5 3.8 0.1 90 NA 63.8 21 4.7 2.3 0.2
20221225 40 81.9 6.3 8.1 0.4 0.3 2.6 6.2 0.8 2.8 9.3 0.9 6.2 2.2 4.1 0.2 93.2 NA 50.3 55.2 16.2 4.2 0.6
20221226 42.9 90.6 10.1 7.9 0.6 0.3 4.5 8.7 1.2 2.4 9.4 0.7 5.5 2.2 5.1 0.2 95 NA 53.7 55.9 6.3 4.1 0.7
20221227 43.1 90.6 10.1 4.1 0.9 0.3 4.5 7.4 0.3 1.5 8.4 1.7 4.2 5.4 4.2 0.3 95 NA 53.7 56.9 11 5.6 1.3
20221228 41.2 74.4 12.1 2.9 0.9 1.2 1.8 7.2 0 0.4 3.1 0.6 4 3.2 6.7 0.1 95 NA 46.6 56.9 11 4.6 0.3
20221229 41.9 65.5 2.7 1.8 0.4 1.1 0.5 1.1 0 0 1.5 0 4.8 8.5 6.1 0.1 81 NA 37.1 54.4 3.8 3.4 0.1
20221230 36.2 64.2 0.8 1.8 0.2 1.6 0.7 0 0 0 0.8 0.5 4.6 0.7 3.9 0.1 80.1 NA 34.1 64.8 3.9 3.4 0.3
20221231 38.8 64.9 0.7 1.9 0.5 1.5 0.5 0 0 0 2.4 0 4 3 4.3 0.1 79.5 NA 34.6 65.7 4.1 3 0.2
20230101 37.1 64.4 0.9 1.6 0.6 0.8 0.3 0 0 0.1 2.7 0 3.8 1.3 5.3 0.1 70.4 NA 34.4 67.1 4 3.5 0.1
20230102 31.1 57.7 0.8 1.6 0.6 0.5 0.3 0 0 0.1 1.6 0 3.8 0.7 4.4 0.1 63.1 NA 32.6 67.1 4 4.5 0.1
20230103 31.6 57.8 0.5 1.6 0.2 0.5 0.4 0 0 0.1 2.7 0 3.9 0.4 4.3 0.1 58 NA 34.6 51.4 3.1 2.5 0.2
20230104 37.2 57.8 0.5 3 0.1 0.6 0.7 0 0 0.1 2.4 0 3.6 0.1 3.8 0.1 58 NA 34.6 46 1.8 2.8 0.3
20230105 32.8 50.3 0.1 1.7 0.1 0 0.2 0 0 0 3.6 0 3.6 0 3.6 0.1 44.2 NA 30.1 43.9 1.8 2 0.2
20230106 32.4 27.6 0.6 1.2 0.2 0 0 0 0 0 3 0 3.2 3.1 6.4 0.1 13.9 NA 22.5 51.2 2.6 3.2 0.1
20230107 33.6 19.9 0.9 1.3 0.2 0 0 0 0 0.1 2.4 0 2.6 3.8 7.3 0.1 8.5 NA 13.9 55.4 3.1 3.7 0.1
20230108 39.9 20.8 1.3 0.9 0.1 0 0.1 0 0 0 2.5 0 5.1 4 7.2 0.1 8.7 NA 14.2 78.1 6.8 3.8 0.4
20230109 50.2 18.5 1.6 0.3 0.2 0.1 0.1 0 0 0.2 2.8 0 5 1.2 7 0.1 9.2 NA 17.6 64.4 8 3.7 0.3
20230110 46.8 16.5 1.3 0.4 0.2 0 0 0 0 0.1 5.2 0 3.9 1.1 5 0.1 3.8 NA 20 55.8 6.4 4.7 0.3
20230111 40.4 18.2 0.4 0.4 0.1 0 0 0 0 0 4.4 0 3.2 1.8 5.1 0.1 3.3 NA 22.7 45.4 5.5 5.4 0.1
20230112 40.6 18.7 0.3 0.4 0.6 0 0 0 0 0 4.8 0 3.7 1.3 4.7 0.1 3.3 NA 22.7 62.3 6.7 6.2 0.1
20230113 33.9 12.2 0 0.2 0.6 0 0 0 0 0 7.6 0 3.7 0.2 4.4 0.1 0 NA 22.7 69 6.7 6.4 0.1
20230114 74.4 18.8 0 1.2 1.3 1.5 1.4 0 0 0.5 11.2 0 3.4 4.9 6.8 0.1 1.2 NA 42.9 92.4 9.7 18.5 0.1
20230115 65.1 55.9 0.6 2.2 0.5 1.5 2.9 0 0 0 4.5 0 5.1 5.4 5.9 0.1 37.5 NA 54.5 96.2 7.1 20.8 0.1
20230116 35.3 50 0.7 4.9 0.3 2.3 2.9 0 0 0 2.7 0 8.9 3 5 0.1 59.8 NA 45.5 89 7.1 20.7 0.2
20230117 30 27.4 0 1.6 0.8 0.6 0.6 0 0 0.2 3.2 0 9.5 1.2 4.5 0.1 0.2 NA 42.4 86.7 6.7 12.2 0.1
20230118 39 15.4 0.7 0.6 0.7 0.2 0.3 0 0 0 6.4 0 7.7 0 4 0.1 0.1 NA 36.1 84.4 5 12.1 0.1
20230119 35.5 13.2 1.1 0 0 0.2 0 0 0 0 4.7 0 6.7 0 3.9 0.1 0 NA 29.9 67.3 5.3 10.6 0.1
20230120 43.2 7.2 1.3 0 1.4 0.2 0 0 0 0.2 13.5 0 6.3 1.2 6.1 0.1 0 NA 24.4 79.2 6.9 17.2 0.1
20230121 70 6.2 1.3 0 1.1 0.2 0 0 0 0.7 15.1 0 6.5 1.1 5.5 0.1 0 NA 19.5 75 5.5 14.3 0.1
20230122 79.5 1.7 0 0 1.1 0.3 0 0 0 1.1 16.5 0 6.5 1.8 7 0.1 0 NA 29 90.2 13.6 21.9 0.1
20230123 95.1 1.5 0.1 0 1.8 0.2 0 0 0 1.4 19.2 0 5.9 4.8 8.1 0.2 0 NA 31.3 84.7 9.4 20.8 0.1
20230124 73.7 0.6 0 0 0.4 0.2 0 0 0 0.9 7.8 0 5.9 1.5 5.6 0.1 0 NA 31.3 67.1 7.8 16.2 0.1
20230125 78.1 0.4 0 0 0.3 0.1 0 0 0 0.5 8.1 0 5.9 3.4 6.2 0.1 0 NA 32.2 68 7.8 14.9 0.1
20230126 73.3 0.3 0 0 0.5 0.3 0 0 0 0.3 7.6 0 5.7 1.4 5.7 0.1 0 NA 41.6 69.9 7 17.2 0.1
20230127 79.3 1.3 0.1 0 2.5 0.5 1.3 0 0 0.7 17.2 0 8.2 11.7 8.6 0.1 0.9 NA 42.1 92.9 19.2 24.1 0.2
20230128 78.1 0.5 0 0 1 0.3 1.1 0 0.2 2.8 16.5 0 6.9 6.8 8.2 0.1 1.7 NA 45.8 81.8 12 17.9 0.2
20230129 90.3 0.4 0 0.2 1.2 2 2.2 0.1 0.3 1.9 27.7 0 6.5 10.6 10 0.5 0.9 NA 37.7 85.4 17.5 22.6 0
20230130 93 0.9 0 0.8 2.4 1.3 4.9 0.6 0.6 2.1 32.4 0 5.4 7.8 10.3 1 4.1 NA 58 93.1 22.7 31.8 0
20230131 93.2 35.4 1.4 1.4 7.6 2.8 8.1 5.6 4.9 6.2 24 0 6.9 14.6 12.9 1.2 50.2 NA 62 92.7 32.1 31.8 0
20230201 93.3 58.3 2.2 1.6 7.4 2.8 7.3 3.6 1.6 4 32 0 11.3 10.9 13.6 2.9 59.8 NA 69.1 94.8 37.8 28.5 0.1
20230202 92 77.7 11.7 3.9 6.6 1.1 4.6 5 0.2 1.3 32.7 0 11.3 13.3 12.3 3 71.4 NA 50 90.3 34.7 21.8 0.1
20230203 96.5 80.1 6.1 16.6 12.4 5.3 10.4 7.2 3.2 5 45.4 0 24.2 9 12.4 2.2 87.7 NA 76.6 98.6 39.6 35.4 1.2
20230204 96.7 94.3 25.7 23.3 9.4 4.1 19.5 22.4 7.2 7.3 42.4 5.6 44.3 15.9 19.8 6.9 93.1 NA 80.1 98.2 84.1 40.2 10.4
20230205 95.9 92.7 30.3 25.6 9.8 5.2 21.6 3.9 2.2 3.1 47.1 3.6 28.9 14.3 16.7 8.6 94.6 NA 80.1 96.2 90.7 32.2 6.5
20230206 97.6 82.5 17.7 12.6 9.5 3 8.3 2.7 3.5 5.8 40.7 0 37.6 11.8 19 5.7 92 NA 73.6 95.7 90.8 38.5 5
20230207 84.4 66.4 11.6 11.2 5.1 5.1 6.4 0 0 0.5 41.2 1.7 24.8 17.2 15 3.2 71.4 NA 66.6 96.2 72.3 31.2 1.1
20230208 84.1 43.6 9.6 4.4 3.8 2.3 3.8 0 0 0.9 33.9 0 16.9 9.8 12.3 0.5 64.9 NA 56.3 88.6 60.7 26.7 0.2
20230209 86.7 43.2 8.9 4.5 4.2 2.3 3.5 0 0 0.7 30.5 0 14.7 11.2 12 1.1 64.9 NA 56.3 95.8 53.3 26 0.2
20230210 95.9 37.2 5.1 4 3.8 6.2 3.6 0 0 2.1 34.9 0 22.4 7.6 8.4 0.5 49.4 NA 42.4 99.3 50.7 30.4 0.1
20230211 85.1 7.5 1.8 1.6 5.3 4.9 1.9 0 0 2.5 29.9 0 9.5 6.8 11.4 2 20.1 NA 42.1 98.1 51.3 37 0.1
20230212 76.3 2.3 0.3 0.1 3.1 1.4 0.6 0 0 0.9 16.9 0 7.4 2.3 8.4 0.8 6.4 NA 37.3 90 49.1 26.5 0.1
20230213 72.3 2.3 0.3 0.1 5 1.4 1.2 0 0 0.8 27.7 0 11.8 1.2 7.3 2.3 6.4 NA 36.5 95.6 39.4 26.6 0.1
20230214 72.5 2.9 0.2 0.8 3.2 1.4 0.3 0 0 1.3 22.3 0 6.9 0.6 7.6 1 4.1 NA 31.6 90.7 37.4 24.7 0
20230215 72.2 0.3 0 0.2 2.9 1.7 0.7 0 0 0.2 19 0 7.2 1.2 7.7 0.7 0.7 NA 26.7 89.2 33.9 21.5 0
20230216 70.6 0.4 0 0.2 3.1 1.7 0.8 0 0 0.6 16.2 0 6.7 0.5 7.4 0.2 0 NA 17.1 78.1 32.3 23.5 0.1
20230217 65.7 2.4 0 0 0.9 1.7 0.5 0 0 0.9 29.4 0 5 13.1 10.8 1 0 NA 24.6 95.8 73.3 37.2 0.1
20230218 80 0 0.2 0 1.7 1.3 1.2 0 0 1.5 29 0 4.9 13.2 11.8 3.3 7.7 NA 33 90 74 35 0.1
20230219 80.9 0 0 0 8.4 1.4 3.9 0 0 0.6 22.9 0 4.9 12 11.9 4.1 1.9 NA 54.3 94 71.4 29.5 0.1
20230220 71.5 0 0 0 2.6 1.4 0.3 0 0 0.6 15.6 0 4.4 4.3 9.6 0.7 0 NA 16.3 76.4 41.7 25.9 0.1
20230221 60 0 0 0 2.1 1.4 0.3 0 0 0.8 15.3 0 4.4 3.3 11.4 1.1 0 NA 16.3 96.1 63.5 25.4 0.1
20230222 91.8 0 0 0 2 1.1 0 0 0 1.1 33.6 0 4.1 4.3 10.7 1.9 0 NA 16.5 92.8 79.6 32.7 0.1
20230223 94 0 0 0 7.5 9.6 6.6 0 0 1.5 43.3 0 4.1 5.8 10.7 2.3 0 NA 59 96.8 92.8 45.5 0.1
20230224 93.7 0 0 0 27.3 16.9 12.8 0 0 8.8 62.5 0 26.2 18.5 20.6 15.1 2 NA 74.5 98.2 94.4 56.9 3.5
20230225 93.7 0 0 0 25.6 17.4 11.1 0 0 8.2 64 0 23.3 21.1 18.8 15.4 3.4 NA 88.1 98.4 96.8 56.9 2.7
20230226 91.9 0 0 0 7.4 1 3.1 0 0 1.9 36.8 0 15.8 14.2 11.7 4.8 0 NA 53.9 98.1 96.8 37.9 0.4
20230227 93.3 0 0 0 11.4 8.3 4.3 0 0 0.4 33.2 0 12.2 12.2 15.8 4.8 0 NA 57.5 97.6 91.6 47.8 0.2
20230228 89.2 0 0 0 11.8 10.4 6.7 0 0 0.9 45 0 16.5 7.6 12.1 8.6 0 NA 68.5 98.1 77.8 48 0.3
20230301 91.6 0 0 0 10.5 8.5 5.9 0 0 1.4 41.2 0 20.6 7.5 10.9 8 0 NA 68.5 98.4 92.5 46.3 0.2
20230302 76.4 0 0 0 10.6 6.2 5.5 0 0 2.4 42.6 0 20.6 5.4 10.7 4.5 0 NA 66 98.4 82.4 44 0.2
20230303 88.7 0 0 0 9.7 10.7 3.3 0 0 6 60.9 0 23.5 18.5 15.3 11 0 NA 48.6 98.4 91.5 54 0.3
20230304 92.9 0 0 0 7 4.8 1.8 0 0 0.5 47.7 0 31.1 20.5 13.4 9.8 0 NA 37.2 97.7 93.8 49.7 0.9
20230305 92 0 0 0 4.8 4.1 1.8 0 0 1.4 49.2 0 24.4 14.5 13.5 10.2 0 NA 40.5 99.5 93.7 47.5 0.5
20230306 77.7 0 0 0 2.4 0.8 0.3 0 0 0.1 38.2 0 15.9 12.4 9.4 3.4 0 NA 36.3 99.4 88.5 36.1 0.1
20230307 76.7 0 0 0 2.2 1.1 0.2 0 0 1.5 31.3 0 13.6 4 10.3 4.4 0 NA 21.3 99.1 76.5 35.9 0.1
20230308 72.4 0 0 0 2.9 0.4 0.2 0 0 1.3 31.1 0 12.8 3.3 10.1 4 0 NA 17.5 99 84.9 29.3 0.1
20230309 73.1 0 0 0 1.1 1.1 0.1 0 0 1.7 31.1 0 11 2.9 8.8 2.6 0 NA 14.9 99 77.8 31.5 0.1
20230310 67.6 0 0 0 1.7 1.4 0.1 0 0 2.4 41.7 0 11 2.2 8 5.3 0 NA 21.2 99 87.8 35.4 0.1
20230311 62.1 0 0 0 0.5 0.8 0.1 0 0 1 14.2 0 10.2 2.5 7.5 0.8 0 NA 6.3 98.3 77 24.4 0.1
20230312 63.2 0 0 0 0.5 0.2 0.1 0 0 0.2 12 0 30.8 2.1 7.4 1.1 0 NA 5.8 98.2 69.4 24.6 0.1
20230313 61.4 0 0 0 0.5 0.2 0.1 0 0 0.2 11.2 0 12.5 2.3 6.5 1.3 0 NA 5.6 98.1 79.5 41.6 0
20230314 72.9 0 0 0 1.3 0.3 0.1 0 0 2.5 26.4 0 12.4 5.7 11.6 5.4 0 NA 6 98.3 87.7 41.5 0
20230315 71.7 0 0 0 3.1 0.8 1.4 0 0 0.9 21.2 0 8.7 6.3 8 3.5 0 NA 7 98.7 87.7 47.3 0
20230316 69 0 0 0 2.5 0.2 0.2 0 0 0 12.2 0 8 2.2 6.2 2.2 0 NA 9 98.5 83.1 33.9 0
20230317 63.9 0 0 0 0.7 0.2 0 0 0 0 15.3 0 8.2 1.4 6.3 2.1 0 NA 3.4 97.4 65.9 29.2 0
20230318 67.1 0 0 0 1.8 0.1 0 0 0 1.8 13.7 0 9.5 2.8 9.2 1.9 0 NA 1.2 90.6 76.2 26.9 0
20230319 72.6 0 0 0 3.9 0.3 0.4 0 0 1.6 12.8 0 8.2 3.8 9.7 2.4 3.6 NA 5.9 81.7 68.3 35.1 0
20230320 73.2 0 0 0 1.6 0.3 0 0 0 1 2.8 0 4.2 2.6 8.5 1.9 3 NA 0.9 81.7 45.2 24.7 0
20230321 69.3 0 0 0 1.8 0.2 0 0 0 0.6 19.9 0 4.5 3 7.6 0.6 0 NA 0.3 79.9 56.1 22.7 0
20230322 61 0 0 0 1.1 0.2 0 0 0 0.1 6.7 0 3.9 2 5.3 0.6 0 NA 0.3 79 64.7 24.5 0
20230323 62.4 0 0 0 1 0 0 0 0 0.2 10.2 0 3.3 2.3 6.6 0.8 0 NA 0 78.2 52.5 22.8 0
20230324 80 0 0 0 1.9 0 0 0 0 0.4 8.8 0 3.3 5 9.2 2.7 0 NA 0 79.1 81.1 23.3 0
20230325 55.2 0 0 0 0.3 0 0 0 0 0 5 0 3.3 5.4 8.1 0.8 0 NA 0 73.1 67 23.4 0
20230326 54 0 0 0 0.4 0 0 0 0 0 4.6 0 3.3 4.8 5.9 0.1 0 NA 0 74.4 63.1 19.8 0
20230327 59.1 0 0 0 1.1 0 0 0 0 0.3 3.7 0 2.8 2.5 7 1.2 0 NA 0 77 49.1 20.1 0
20230328 56.9 0 0 0 1.1 0 0 0 0 0.3 5.1 0 1.2 2 5.5 0.1 0 NA 0 69 50.8 20.5 0
20230329 44.9 0 0 0 0.7 0 0 0 0 0.3 1.9 0 1.2 1.9 4.7 0.1 0 NA 0 65.6 38 19.4 0
20230330 38 0 0 0 0.8 0 0 0 0 0.2 1.1 0 0.3 2.9 4.7 0.1 0 NA 0 61.1 30.7 16.9 0
20230331 35.5 0 0 0 0.2 0 0 0 0 0.1 1.1 0 0.3 2.1 4.5 0.1 0 NA 0 60.9 35.4 17.3 0
20230401 36.5 0 0 0 0.2 0 0 0 0 0.1 2.8 0 0.3 0.7 3.6 0.1 0 NA 0 58.7 40.7 16.7 0
20230402 23.3 0 0 0 0.5 0 0 0 0 0 0.6 0 0 1.4 3.8 0.1 0 NA 0 68 42.8 17.6 0
20230403 17.5 0 0 0 0.5 0 0 0 0 0 0.7 0 0 1.6 4.1 0.1 0 NA 0 59.6 49.1 16.1 0
20230404 19.2 0 0 0 0.1 0 0 0 0 0 0.3 0 0 2.3 3.8 0.1 0 NA 0 57 61.1 15.9 0
20230405 19.7 0 0 0 0.1 0 0 0 0 0 0.8 0 0 0.6 3.6 0.1 0 NA 0 52.7 48.3 16.8 0
20230406 4.7 0 0 0 0 0 0 0 0 0 0 0 0 2.8 3.4 0.2 0 NA 0 52.1 37 16.4 0
20230407 3.3 0 0 0 0 0 0 0 0 0 0 0 0 1.8 5.9 0.1 0 NA 0 51.4 28.7 13.3 0
20230408 3.5 0 0 0 0.1 0 0 0 0 0 0 0 0 1.6 8.9 1.4 0 NA 0 45.3 26.1 12.3 0
20230409 8.7 0 0 0 2.3 0.5 0.2 0 0 1.7 5 0 2.9 4.9 6.3 2.4 0 NA 0 46 29.7 15.1 0.2
20230410 3 0 0 0 0 0 0 0 0 0 0 0 0 2.6 3.9 0.1 0 NA 0 43.1 28.5 12.4 0
20230411 1.3 0 0 0 0 0 0 0 0 0 0 0 0 1.5 3.2 0.1 0 NA 0 42.4 34.5 12.5 0
20230412 1.1 0 0 0 0 0 0 0 0 0 0 0 0 1.3 3.2 0.1 0 NA 0 39.5 24.8 12.1 0
20230413 1 0 0 0 0 0 0 0 0 0 0 0 0 1.2 3.2 0.1 0 NA 0 37.1 22.3 11.9 0
20230414 0.8 0 0 0 0 0 0 0 0 0 0 0 0 0.6 3.2 0.1 0 NA 0 36.1 20 11.4 0
20230415 0.7 0 0 0 0 0 0 0 0 0 0 0 0 0.1 3.2 0 0 NA 0 36.7 21 10 0
20230416 0.7 0 0 0 0 0 0 0 0 0 0 0 0 0 3.2 0 0 NA 0 32.3 12.3 10.6 0
20230417 0 0 0 0 0 0 0 0 0 0 0 0 0 0 3.2 0.1 0 NA 0 28.2 7.4 9.6 0
20230418 0 0 0 0 0 0 0 0 0 0 0 0 0 0 3 0 0 NA 0 12.5 2.4 9 0
20230419 0 0 0 0 0 0 0 0 0 0 0 0 0 0 2.6 0 0 NA 0 9.3 2.4 1.7 0
20230420 0 0 0 0 0 0 0 0 0 0 0 0 0 0 2.7 0 0 NA 0 4.5 2.4 1.5 0
20230421 0 0 0 0 0 0 0 0 0 0 0 0 0 0 2.7 0 0 NA 0 2.1 1.1 0.8 0
20230422 0 0 0 0 0 0 0 0 0 0 0 0 0 0 2.6 0 0 NA 0 2 1.5 0.9 0
20230423 0 0 0 0 0 0 0 0 0 0 0 0 0 0 2.7 0 0 NA 0 2 1.4 0.4 0
20230424 0 0 0 0 0 0 0 0 0 0 0 0 0 0 2.5 0 0 NA 0 0.3 0.4 0.4 0
20230425 0 0 0 0 0 0 0 0 0 0 0 0 0 0 2.5 0 0 NA 0 0 0.1 0.4 0
20230426 0 0 0 0 0 0 0 0 0 0 0 0 0 0 2.5 0.1 0 NA 0 0 0.1 0.3 0
20230427 0 0 0 0 0 0 0 0 0 0 0 0 0 0 2.5 0 0 NA 0 0 0 0 0
20230428 0 0 0 0 0 0 0 0 0 0 0 0 0 0 2.4 0 0 NA 0 0 0 0 0
20230429 0 0 0 0 0 0 0 0 0 0 0 0 0 0 2.4 0 0 NA 0 0 0 0 0
20230430 0 0 0 0 0 0 0 0 0 0 0 0 0 0 2.4 0 0 NA 0 0 0 0 0
20230501 0 0 0 0 0 0 0 0 0 0 0 0 0 0 2.3 0 0 NA 0 0 0 0 0
20230502 0 0 0 0 0 0 0 0 0 0 0 0 0 0 2.2 0 0 NA 0 0 0 0 0
20230503 0 0 0 0 0 0 0 0 0 0 0 0 0 0 2.2 0 0 NA 0 0 0 0 0
20230504 0 0 0 0 0 0 0 0 0 0 0 0 0 0 2.2 0 0 NA 0 0 0 0 0
20230505 0 0 0 0 0 0 0 0 0 0 0 0 0 0 2.1 0 0 NA 0 0 0 0 0
20230506 0 0 0 0 0 0 0 0 0 0 0 0 0 0 2.1 0 0 NA 0 0 0 0 0
20230507 0 0 0 0 0 0 0 0 0 0 0 0 0 0 2.1 0 0 NA 0 0 0 0 0
20230508 0 0 0 0 0 0 0 0 0 0 0 0 0 0 2.1 0 0 NA 0 0 0 0 0
20230509 0 0 0 0 0 0 0 0 0 0 0 0 0 0 2.1 0 0 NA 0 0 0 0 0
20230510 0 0 0 0 0 0 0 0 0 0 0 0 0 0 2.1 0 0 NA 0 0 0 0 0
20230511 0 0 0 0 0 0 0 0 0 0 0 0 0 0 2.1 0 0 NA 0 0 0 0 0
20230512 0 0 0 0 0 0 0 0 0 0 0 0 0 0 1.9 0 0 NA 0 0 0 0 0
20230513 0 0 0 0 0 0 0 0 0 0 0 0 0 0 1.6 0 0 NA 0 0 0 0 0
20230514 0 0 0 0 0 0 0 0 0 0 0 0 0 0 1.2 0 0 NA 0 0 0 0 0
20230515 0 0 0 0 0 0 0 0 0 0 0 0 0 0 0.8 0 0 NA 0 0 0 0 0
20230516 0 0 0 0 0 0 0 0 0 0 0 0 0 0 0.1 0 0 NA 0 0 0 0 0
20230517 0 0 0 0 0 0 0 0 0 0 0 0 0 0 0 0 0 NA 0 0 0 0 0
20230518 0 0 0 0 0 0 0 0 0 0 0 0 0 0 0 0 0 NA 0 0 0 0 0
20230519 0 0 0 0 0 0 0 0 0 0 0 0 0 0 0 0 0 NA 0 0 0 0 0
20230520 0 0 0 0 0 0 0 0 0 0 0 0 0 0 0 0 0 NA 0 0 0 0 0
20230521 0 0 0 0 0 0 0 0 0 0 0 0 0 0 0 0 0 NA 0 0 0 0 0
20231125 0 0 0 0 0 0 0 0 0 0 0 0 0 0 0.1 0 0 NA 0 1.7 0 0 0
20231126 0 0 0 0 0 0 0 0 0 0 0 0 0 0 0.4 0 0 NA 0 1.9 0 0 0
20231127 0 0 0 0 0 0 0 0 0 0 0 0 0 0 0.3 0 0 NA 0 1.5 0 0 0
20231128 0 0 0 0 0 0 0 0 0 0 0 0 0 0 0.6 0 0 NA 0 2.6 0.8 0 0
20231129 2.5 0 0 0 0 0 0 0 0 0 0 0 0 0 0.8 0 0.1 NA 0 2.6 0.8 0 0
20231130 2.6 0.1 0 0 0 0 0 0 0 0 0 0 0.1 0 0.9 0 0.1 NA 7.3 3.9 0.3 0 0
20231201 2.6 0.1 0 0 0 0 0 0 0 0 0 0 0.1 0 1.5 0 0.3 NA 3.8 3.8 0.3 0 0
20231202 1.4 0 0 0 0 0 0 0 0 0 0 0 0 0 1.5 0 0.2 NA 3.8 3.8 0.7 0 0
20231203 2.3 0 0 0 0 0 0 0 0 0 0 0 0 0 1.5 0 0.1 NA 3.8 3.8 0.7 0 0
20231204 2.2 0 0 0 0 0 0 0 0 0 0 0 0 0 1.7 0 0 NA 2 5.5 0.9 0 0
20231205 1.8 0 0 0 0 0 0 0 0 0 0 0 0 0 1.2 0 0 NA 2 8.9 0.7 0.1 0
20231206 1.2 0 0 0 0 0 0 0 0 0 0 0 0 0 1.1 0 0 NA 2 9.1 1.7 0.1 0
20231207 0.5 0 0 0 0 0 0 0 0 0 0 0 0 0 1 0 0 NA 2 9.1 1.7 0.1 0
20231208 0.5 0 0 0 0 0 0 0 0 0 0 0 0 0 0.9 0 0 NA 0.4 8.3 0.9 0.1 0
20231209 0.2 0 0 0 0 0 0 0 0 0 0 0 0 0 0.8 0 0 NA 0 4.9 0.7 0 0
20231210 0.2 0 0 0 0 0 0 0 0 0 0 0 0 0 0.8 0 0 NA 0 2.1 0.2 0 0
20231211 0.1 0 0 0 0 0 0 0 0 0 0 0 0 0 0.8 0 0 NA 0 1.8 0.2 0 0
20231212 0.1 0 0 0 0 0 0 0 0 0 0 0 0 0 0.8 0 0 NA 0 0.4 0 0 0
20231213 0.1 0 0 0 0 0 0 0 0 0 0 0 0 0 0.8 0 0 NA 0 0.4 0.3 0 0
20231214 1.3 0 0 0 0 0 0 0 0 0 0 0 0 0 1.8 0 0 NA 0 3.6 0.3 0 0
20231215 0.9 0 0 0 0 0 0 0 0 0 0 0 0 0 1.4 0 0 NA 0 4.1 0.8 0 0
20231216 0.9 0 0 0 0 0 0 0 0 0 0 0 0 0 1.1 0 0 NA 0 0 0 0 0
20231217 1 0 0 0 0 0 0 0 0 0 0 0 0 0 1.1 0 0 NA 0 0 0 0 0
20231218 1.7 0 0 0 0 0 0 0 0 0 0 0 0 0 1.1 0 0 NA 0 0.8 0 0 0
20231219 4.1 0 0 0 0 0 0 0 0 0 0 0 0 0 1.8 0 0 NA 0 3.8 0 0 0
20231220 5.3 0 0 0 0 0 0 0 0 0 0 0 0 0 1.6 0.1 0 NA 0 4.3 0 0 0
20231221 5.1 0 0 0 0 0 0 0 0 0 0 0 0 0 1.8 0.1 0 NA 0 5.7 0.2 0 0
20231222 9.6 0 0 0.2 0.7 0.2 0.1 0 0.2 0.5 1.6 0 2.5 1.8 2.9 0.6 0.2 NA 4.3 11.2 6.4 1.4 0.1
20231223 2 0 0 0 0 0 0 0 0 0 0 0 1.3 0.2 1.7 0 0 NA 0 8.1 2.3 0.3 0
20231224 1.3 0 0 0 0 0 0 0 0 0 0 0 1.1 0 1.5 0 0 NA 0 7.4 1.5 0.2 0
20231225 0.3 0 0 0 0 0 0 0 0 0 0 0 1.1 0 1.7 0 0 NA 0 7.2 0.2 0.3 0
20231226 0.2 0 0 0 0 0 0 0 0 0 0 0 0.2 0 1.3 0 0 NA 0 3.9 0 0 0
20231227 0.1 0 0 0 0 0 0 0 0 0 0 0 0.2 0 1.1 0 0 NA 0 3.9 0 0 0
20231228 0 0 0 0 0 0 0 0 0 0 0 0 0 0 1.1 0 0 NA 0 1.1 0 0 0
20231229 0 0 0 0 0 0 0 0 0 0 0 0 0 0 1.1 0 0 NA 0 0.7 0 0 0
20231230 0 0 0 0 0 0 0 0 0 0 0 0 0 0 1 0 0 NA 0 0.7 0 0 0
20231231 0 0 0 0 0 0 0 0 0 0 0 0 0 0 1 0 0 NA 0 0.7 0 0 0
20240101 0.6 0 0 0 0 0 0 0 0 0 0 0 0 0 2 0 0 NA 0 1.4 0 0 0
20240102 0.5 0 0 0 0 0 0 0 0 0 0 0 0 0 2 0 0 NA 0 1.4 0.1 0.1 0
20240103 0.2 0 0 0 0 0 0 0 0 0 0 0 0 0 1.8 0 0 NA 0 1.4 0.1 0.1 0
20240104 3.7 0 0 0 0 0 0 0 0 0 0 0 0.7 0 2 0 0 NA 0 4.1 0.1 0.1 0
20240105 3 0 0 0 0 0 0 0 0 0 0 0 0.7 0.3 2.3 0 0 NA 2.6 6.3 0.1 2 0
20240106 9.7 0 0 0 0.1 0 0 0 0 0.1 0.6 0 1.6 0.2 2.9 0.1 0 NA 2.7 10.7 2.1 1.8 0
20240107 13.5 0 0 0 0.2 0 0 0 0 0.1 0.8 0 3.7 0.1 2.5 0.2 0 NA 2.7 22.8 5.4 2 0.1
20240108 7.1 0 0 0 0.3 0 0 0 0 0.1 2 0 4 0.2 3.2 0.1 0 NA 1.6 38.7 4.2 8.2 0.1
20240109 7.1 0 0 0 0.3 0 0 0 0 0 0.2 0 4 0 2.7 0.1 0 NA 0.9 25.3 3.1 4.4 0.1
20240110 5.3 0 0 0 0.3 0 0 0 0 0 0 0 3 0 2.5 0.1 0 NA 1 27.8 3.7 4 0.1
20240111 6.6 0 0 0 0.6 0 0 0 0 0 2.3 0 2.4 0 2.4 0.1 0 NA 1 32.4 4.8 5 0
20240112 4.3 0 0 0 0.8 0 0 0 0 0 2.5 0 2.5 0 2.6 0 0 NA 1 34.2 4.1 9.1 0
20240113 21.2 0 0 0 1.8 0 0 0 0 0.7 5.5 0 2.5 0 3.6 0.1 0 NA 3.5 59.2 5.1 10.5 0
20240114 27.9 3.3 0 0 3.4 0.3 0.6 0 0 0.6 8.9 0 4.3 0 3.7 0.1 8.4 NA 28.4 91 9.1 15.8 0.1
20240115 32.3 32.7 0 2.3 1.8 0.1 1 1 0.6 0.9 8.7 0 4.3 3.4 5.1 0.4 70 NA 12.3 64.6 10.3 9.5 0.1
20240116 47.9 63.8 1.3 7.2 2.4 1.5 4.7 5.3 2.3 2.7 12.9 0.7 6.8 2.2 6.3 1.1 94 NA 25.1 71.1 18.3 11.6 0.6
20240117 44.8 72.9 4.5 4.8 3.5 1.9 8 8.4 1.7 1 19.5 0.5 7.2 2.2 8.2 0.9 94.3 NA 66.6 95.4 16.5 15.6 0.2
20240118 55.7 75.5 4.9 3.1 6.2 2.2 7.6 8.2 1.6 1.9 26 0.2 7 3.1 8.6 0.7 94.2 NA 60 88.6 24.1 18.2 0.5
20240119 74.2 80 11.6 6.9 5.7 3.1 9 7.2 1.9 3.2 46.3 1 7.7 5.9 10.6 1.5 93.8 NA 58.5 94.7 25.5 28.5 1.6
20240120 78.3 92.7 14.3 12.3 7.7 2.6 15.4 13.5 3.1 4 50.1 0.9 8.1 5.5 8 1.1 93.9 NA 63.9 97.2 25.7 32.8 1.3
20240121 94.4 86 14.4 13.9 6.3 3.2 10.1 13.2 4.9 6.1 45.7 0 20.7 7.2 9.7 1.4 95.9 NA 67.6 96.2 17.1 30.6 1
20240122 91.9 93.4 25.1 17.9 8.9 3.1 13.5 19.5 7.6 3.6 24 2.4 11.5 7.9 10.7 2.4 97.1 NA 86.1 89.6 22.4 34.2 3.6
20240123 88.4 76.7 18.8 7 8.6 3.1 13.5 9 0.3 1.1 31 0.3 8.8 5.7 9.8 0.4 97.1 NA 86.1 88.9 18.7 20.8 0.7
20240124 86.5 76.7 15.3 7.7 3.2 5.5 9.6 5.2 0.5 0.4 30.9 0.9 8.8 6 9.2 0.9 96.9 NA 86.5 93 24.6 29 0.8
20240125 92.1 73.3 11.6 6.3 2.4 7.8 7.1 4.2 0.5 0.8 25.7 0 8.8 2.1 7.9 0.6 93.6 NA 58.3 98.4 13.7 27.4 0.2
20240126 92.2 67.2 8.5 7.5 2.1 8.3 5.4 3.6 0 1 20.3 0 5.2 2.1 6.9 0.7 85.7 NA 51 98.3 13.8 26.1 0.1
20240127 88.5 83.7 13.6 5.6 4.2 5 3.8 1.9 0.1 0.6 29.5 0 6 1 8.3 0.1 90.9 NA 53.5 98.4 11.4 26.8 0.1
20240128 86.6 77.3 8.3 2.9 5.6 2.3 5.5 0.3 0 0.9 30.6 0 6.3 0.8 7.7 0.1 74.1 NA 58.6 98.4 11.7 27.2 0.1
20240129 87.2 55.5 2.7 2.2 4.3 0.9 1.5 0.1 0 1.5 26.8 0 5.7 0.4 6.5 0.2 54.8 NA 49.1 88.6 10.6 25.5 0.1
20240130 80.3 53 1.5 2 2.2 0.8 0.8 0.3 0 0.6 18 0 7 0 5.7 0.1 55.3 NA 55.3 87.3 10 20.5 0.1
20240131 71.8 55.8 1.7 1.9 1.9 0.8 0.7 0.1 0 1.4 17.3 0 6.6 0 5.4 0.1 46.9 NA 52.9 91.3 8.2 19.5 0.1
20240201 60.3 51.8 1.8 1.6 2.3 0.7 0.7 0.3 0 0.5 17 0 6.5 0 5.2 0.1 48.2 NA 63.5 90.9 9.7 19.1 0.1
20240202 59.7 40.4 1.4 2.1 2 0.9 0 0.4 0 0.6 12.2 0 6.5 0.1 6 0.7 47.9 NA 43.4 90.5 10.9 19.7 0.1
20240203 62.7 35.1 1.1 0.5 3.2 0.7 0.2 0.4 0 1.1 22.4 0 6.4 1.8 9.6 0.2 27.2 NA 34.5 97.8 17.1 26.6 0.1
20240204 92.6 34.1 0 0.5 2.1 0.6 0 0.2 0 2.4 17.9 0 9.2 1.6 9.2 0.2 28.3 NA 39.3 96.2 12.7 30.8 0.1
20240205 82.4 27.6 0 0.6 2.1 0.6 0 0 0 0.9 15.7 0 6.1 0 6.1 0.1 24.6 NA 37.6 88.4 13.7 28.6 0.1
20240206 84.7 20.1 0 0.2 2.1 3.2 0.4 0 0 1.2 15.7 0 6.1 0 5.4 0.1 20.5 NA 37.4 88.4 13.7 30.5 0.1
20240207 79.6 20.5 0 0.2 1.4 0.9 0 0 0 0.7 15.7 0 5.9 0 5.5 0.1 25.4 NA 44.9 89.3 4.8 22 0.1
20240208 53.7 22.3 0 0.2 1 0.4 0 0 0 0.3 13.3 0 6.2 0 4.8 0.1 23.2 NA 39.4 86 4.9 19.8 0.1
20240209 44.8 14.3 0 0.2 1.3 0.4 0 0 0 0.1 11.8 0 6.1 0 3.9 0.1 10.2 NA 38.8 82 5 17 0.1
20240210 28 3.7 0 0.2 0.5 0.2 0 0 0 0 5.2 0 5.2 0 3.7 0.1 0.5 NA 20.2 74.3 4 13.1 0.1
20240211 23.9 0 0 0.2 0.7 0.2 0 0 0 0.6 6.3 0 4.6 0 3.5 0.1 0 NA 13.2 58.1 3.7 12.3 0.1
20240212 24.2 0.5 0 0 0.5 0.1 0 0 0 0.4 7.4 0 3.5 0 4.7 0.1 0 NA 12.5 60.4 3.8 13.2 0
20240213 20.6 0 0 0 0.5 0.1 0 0 0 0.3 12 0 3.5 0 4.8 0.1 0 NA 9.1 60.8 3.8 12.7 0
20240214 19.9 0 0 0 0.6 0.2 0 0 0 0.3 11.2 0 3.5 0.4 5.4 0.1 0 NA 16.9 75.5 4.9 25 0
20240215 23.9 0 0 0 1.5 0.1 0 0 0 0.1 12 0 2.7 0 4.4 0.1 0 NA 10.2 84.4 5.2 17.5 0
20240216 17.9 0 0 0 3 0 0 0 0 0.5 14.2 0 4.2 0 4.2 0.1 0 NA 10.7 81.4 7.8 18.2 0
20240217 37.6 0 0 0 3 0.5 0.1 0 0 0.7 14.7 0 4.2 0 4.3 0.1 0.4 NA 10.7 84.2 7.8 27 0
20240218 54.2 2.3 0 0 3.8 0.5 0.2 0 0 0.9 10.8 0 4.2 0.1 4.2 0.2 23.6 NA 55.1 84.2 26.6 22.3 0
20240219 79.3 16 0.9 0 10.7 1.2 8.1 0 0 3.8 38 0 11.2 9.1 13.6 7.9 26.7 NA 63.7 96.2 63.6 34.1 0
20240220 90.6 0.9 0 1.2 8.1 1.4 5.9 0 0 0.7 32.1 0 5.7 2 6.3 0.7 15.1 NA 63.7 97.9 36.8 34.2 0
20240221 77.1 1.2 0 1.1 3.1 0.5 0.1 0 0 0.2 17.3 0 5.4 0.3 5.2 0.1 1.8 NA 53.5 98.1 36.4 24.4 0
20240222 90.6 0 0 0 2.7 0.5 0.1 0 0 1.8 16.3 0 3.4 1.3 5.9 0.1 1.2 NA 38.1 97.8 37.3 23.1 0
20240223 84.5 0 0 0 1.7 0.5 0 0 0 0.3 15.2 0 2.8 0 5.4 0.1 1.2 NA 31.2 87 9.5 21 0
20240224 73.3 0 0 0.5 3.7 0.5 0.1 0 0 1.3 38.6 0 2.5 2.5 4.9 0.7 1.2 NA 29.5 94.9 44.7 39.9 0
20240225 50 0 0 0 2.7 0.5 0.1 0 0 0.3 22.5 0 2.5 0 4.1 0.2 1.2 NA 18.8 95.8 22.5 25.2 0
20240226 59.1 0 0 0 2.7 0.5 0.1 0 0 0.8 5.4 0 1.9 0 4.1 0.1 0 NA 16.5 90.3 6.8 22.7 0
20240227 60.7 0 0 0 1.2 0.1 0 0 0 0.1 9.4 0 1.7 0.2 3.6 0.1 0 NA 8.1 89.6 7.9 19.2 0
20240228 35.2 0 0 0 1.3 0.1 0 0 0 0.3 9 0 1.6 0 3.4 0.1 0 NA 4.3 73.8 6.9 19.8 0
20240229 76.1 0 0 0 5.5 0.2 0 0 0 1.8 16.1 0 1.6 0.3 6 0.2 0 NA 1.9 91.2 51.5 29.7 0
20240301 58.1 0 0 0 8.1 0.2 0.3 0 0 0.5 21.2 0 1.6 3.2 7.9 0.4 0 NA 1.4 91.2 48.1 29.3 0
20240302 38 0 0 0 2.8 0.3 0 0 0 0.1 9.9 0 0.3 0.4 5.7 0.1 0 NA 0 88.9 15.9 24.5 0
20240303 21.3 0 0 0 2 0.3 0 0 0 0 14.3 0 0.2 0 4.7 0.1 0 NA 0 90.7 8.7 20 0
20240304 32.7 0 0 0 2.6 0 0 0 0 0.2 24.7 0 0.2 0 3.7 0.1 0 NA 0 83.9 12.7 19.3 0
20240305 18.3 0 0 0 0.5 0 0 0 0 0.1 14.5 0 0.2 0 3.6 0.1 0 NA 0 77.2 5.9 14.3 0
20240306 15.6 0 0 0 0.6 0 0 0 0 0 6 0 0 0 3.5 0.1 0 NA 0 51.3 7.2 15.3 0
20240307 17.5 0 0 0 0.2 0 0 0 0 0 5.4 0 0 0 3.2 0.1 0 NA 0 53.9 3.4 13.4 0
20240308 4.2 0 0 0 0.1 0 0 0 0 0 2.7 0 0 0 2.9 0.1 0 NA 0 46.7 2.7 10.3 0
20240309 2.1 0 0 0 0.1 0 0 0 0 0 2.7 0 0 0 3.1 0.1 0 NA 0 42.6 2.3 9.1 0
20240310 1 0 0 0 0.1 0 0 0 0 0 0.3 0 0 0 2.6 0.1 0 NA 0 34.6 2.4 8.1 0
20240311 1 0 0 0 0.1 0 0 0 0 0 0.3 0 0 0 2.6 0.1 0 NA 0 29.5 2.4 7.6 0
20240312 0.9 0 0 0 0.1 0 0 0 0 0 0.3 0 0 0 2.6 0.1 0 NA 0 29.8 2.4 7.3 0
20240313 0.8 0 0 0 0.1 0 0 0 0 0 0.3 0 0 0 2.6 0 0 NA 0 34.1 1.3 7.2 0
20240314 0.5 0 0 0 0.1 0 0 0 0 0 0.3 0 0 0 2.5 0 0 NA 0 32.5 1.8 6.3 0
20240315 0.3 0 0 0 0 0 0 0 0 0 0.2 0 0 0 2.5 0 0 NA 0 20.1 2.3 6.1 0
20240316 0 0 0 0 0 0 0 0 0 0 0.1 0 0 0 2.2 0 0 NA 0 16.6 2.3 6.7 0
20240317 0 0 0 0 0 0 0 0 0 0 0 0 0 0 2.1 0 0 NA 0 5.2 0.7 3.1 0
20240318 0 0 0 0 0.1 0 0 0 0 0 0 0 0 0 2.1 0 0 NA 0 4.1 1.7 2.6 0
20240319 0 0 0 0 0 0 0 0 0 0 0 0 0 0 2 0.1 0 NA 0 10 0.8 2.6 0
20240320 0 0 0 0 0 0 0 0 0 0 0 0 0 0 2 0.1 0 NA 0 10 0.8 1.9 0
20240321 0 0 0 0 0 0 0 0 0 0 0 0 0 0.1 3.5 0.1 0 NA 0 12.4 1.6 1.9 0
20240322 0 0 0 0 0.4 0 0.1 0 0 0 0.7 0 0 0.2 4.4 0.1 0 NA 2.1 23.6 8.7 2.3 0
20240323 0 0 0 0 0.3 0 0 0 0 0 0 0 0 0 2.7 0.1 0 NA 0 27.3 10.1 2.3 0
20240324 0 0 0 0 0.4 0 0 0 0 0 0 0 0 0 4.1 0.1 0 NA 0 27.8 10.2 2.8 0
20240325 0 0 0 0 0 0 0 0 0 0 0 0 0 0 2.4 0 0 NA 0 13 8.2 1.7 0
20240326 0 0 0 0 0 0 0 0 0 0 0 0 0 0 2.3 0 0 NA 0 9.8 1.2 1 0
20240327 0 0 0 0 0 0 0 0 0 0 0 0 0 0 2.5 0 0 NA 0 8.9 0.9 1 0
20240328 0 0 0 0 0 0 0 0 0 0 0 0 0 0 3 0 0 NA 0 5 0.7 0.8 0
20240329 0 0 0 0 0 0 0 0 0 0 0 0 0 0 2.5 0 0 NA 0 4 0.4 0.7 0
20240330 0 0 0 0 0 0 0 0 0 0 0 0 0 0 2.1 0 0 NA 0 0.2 0.5 0.8 0
20240331 0 0 0 0 0 0 0 0 0 0 0 0 0 0 2 0 0 NA 0 0 0.5 0.9 0
20240401 0 0 0 0 0 0 0 0 0 0 0 0 0 0 2 0 0 NA 0 0 0.3 0.7 0
20240402 0 0 0 0 0 0 0 0 0 0 0 0 0 0 2 0 0 NA 0 0 0.3 0.5 0
20240403 0 0 0 0 0 0 0 0 0 0 0 0 0 0 2.1 0.1 0 NA 0 0 0 0 0
20240404 0 0 0 0 0 0 0 0 0 0 0 0 0 0 2 0 0 NA 0 0 0 0 0
20240405 0 0 0 0 0 0 0 0 0 0 0 0 0 0 1.8 0 0 NA 0 0 0 0 0
20240406 0 0 0 0 0 0 0 0 0 0 0 0 0 0 1.8 0 0 NA 0 0 0 0 0
20240407 0 0 0 0 0 0 0 0 0 0 0 0 0 0 1.9 0 0 NA 0 0 0 0 0
20240408 0 0 0 0 0 0 0 0 0 0 0 0 0 0 1.8 0 0 NA 0 0 0 0 0
20240409 0 0 0 0 0 0 0 0 0 0 0 0 0 0 1.7 0 0 NA 0 0 0 0 0
20240410 0 0 0 0 0 0 0 0 0 0 0 0 0 0 1.7 0 0 NA 0 0 0 0 0
20240411 0 0 0 0 0 0 0 0 0 0 0 0 0 0 1.7 0 0 NA 0 0 0 0 0
20240412 0 0 0 0 0 0 0 0 0 0 0 0 0 0 1.8 0 0 NA 0 0 0 0 0
20240413 0 0 0 0 0 0 0 0 0 0 0 0 0 0 1.1 0 0 NA 0 0 0 0 0
20240414 0 0 0 0 0 0 0 0 0 0 0 0 0 0 1.4 0 0 NA 0 0 0 0 0
20240415 0 0 0 0 0 0 0 0 0 0 0 0 0 0 1.5 0 0 NA 0 0 0 0 0
20240416 0 0 0 0 0 0 0 0 0 0 0 0 0 0 0.7 0 0 NA 0 0 0 0 0
20240417 0 0 0 0 0 0 0 0 0 0 0 0 0 0 0.3 0 0 NA 0 0 0 0 0
20240418 0 0 0 0 0 0 0 0 0 0 0 0 0 0 0.2 0 0 NA 0 0 0 0 0
20240419 0 0 0 0 0 0 0 0 0 0 0 0 0 0 0.3 0 0 NA 0 0 0 0 0
20240420 0 0 0 0 0 0 0 0 0 0 0 0 0 0 0.1 0 0 NA 0 0 0 0 0
20240421 0 0 0 0 0 0 0 0 0 0 0 0 0 0 0 0 0 NA 0 0 0 0 0
20240422 0 0 0 0 0 0 0 0 0 0 0 0 0 0 0 0 0 NA 0 0 0 0 0
20240423 0 0 0 0 0 0 0 0 0 0 0 0 0 0 0 0 0 NA 0 0 0 0 0
20240424 0 0 0 0 0 0 0 0 0 0 0 0 0 0 0 0 0 NA 0 0 0 0 0
20240425 0 0 0 0 0 0 0 0 0 0 0 0 0 0 0 0 0 NA 0 0 0 0 0
20241201 1.5 0.4 0 0 0 0 0 0 0 0 0 0 0 0 0.1 0 0.7 NA 0.9 2.5 0.1 0.7 0
20241202 4.7 1.1 0 0 0 0 0 0 0 0 0 0 0 0 0.1 0 0.8 NA 2.3 5.2 0.3 0.5 0
20241203 0.9 1.1 0 0.2 0 0 0 0 0 0 0 0 0 0 0.2 0 3.7 NA 1.8 2.8 0.3 0.6 0
20241204 1.2 0.6 0 0.1 0 0 0 0 0 0.1 0 0 0 0 1.5 0 0.1 NA 3.4 3.3 0.4 0.9 0
20241205 2.6 0.4 0 0 0 0 0 0 0 0.1 0 0 0 0 1 0.1 0 NA 2.1 2.6 0.2 0 0
20241206 6.9 2.9 0 0.3 0 0 0.1 0 0 0 0 0 0.1 0 1.3 0.1 2.2 NA 9.5 10.9 1.2 0.5 0
20241207 9.5 2.2 0 0.4 0 0 0.1 0 0 0 0 0 0.2 0 1.4 0.1 1.8 NA 21.6 14.2 1.9 0.4 0
20241208 6.2 2.4 0 0.4 0 0 0.1 0 0 0 0 0 0.3 0 1.1 0 3.2 NA 11.3 14.4 2.4 0.6 0
20241209 0.9 1.1 0 0.2 0 0 0 0 0 0 0 0 0 0 0.2 0 3.7 NA 1.8 2.8 0.3 0.6 0
20241210 3.3 0.9 0 0 0 0 0 0 0 0 0 0 0.4 0 1.2 0 1 NA 4.8 11.9 0.9 0.3 0
20241211 2.7 0.8 0 0 0 0 0 0 0 0 0 0 0.3 0.1 1.6 0.1 0.4 NA 4.3 12 0.7 0.3 0
20241212 3.6 0.5 0 0 0 0 0 0 0 0 0 0 1.6 0 1.5 0.1 0.7 NA 10.4 11.6 1.4 0.5 0
20241213 28 5.9 0 0.7 0.2 0 0.5 0 0 0 1.2 0 1.6 0.1 2.4 0 25.2 NA 35.8 15.3 2.1 1.2 0.1
20241214 18.6 3.6 0 3 0 0 0.7 0 0 0 0 0 1.4 0 2.6 0.2 40.7 NA 47.1 39.9 2.6 0.7 0
20241215 19 4 0 2.7 0.1 0 0.2 0 0 0 0 0 2.7 0.1 2.6 0.3 43.3 NA 33.5 26.1 2.5 1.1 0.1
20241216 18.6 5.8 0 1.5 0 0 0.2 0 0 0.1 0 0 2.5 0.1 2.3 0.1 11 NA 18.4 16.8 2 0.7 0.1
20241217 19.8 3 0 0.2 0 0.1 0.1 0 0 0.1 0 0 1.8 0 2.1 0.1 1.9 NA 23.7 15.9 1.2 0.2 0.1
20241218 6 1.2 0 0 0 0 0 0 0 0 0 0 1.2 0 2 0.1 0.3 NA 7.2 11.3 0.8 0.2 0
20241219 7.1 0.6 0 0.1 0.1 0 0 0 0 0 0 0 1 0.2 2.5 0.1 0.3 NA 5.7 20.3 1.9 0.6 0
20241220 19.6 0.4 0 0.6 0.2 0 0.1 0 0 0.1 1 0 1.6 0.5 2.5 0.1 0.1 NA 28.9 21.2 6.1 0.9 0.2
20241221 18.4 0.2 0 0.9 0 0.2 0.2 0 0 0.4 1.2 0 1.6 0.1 2.9 0.1 0.5 NA 31.5 22.7 3.8 3.1 0.3
20241222 44.2 5.9 0 1.8 1 0.8 3.1 0 0.6 1.3 2.3 0 3.6 0.1 3 0.2 53.3 NA 49.9 47.7 4.3 7.6 0.2
20241223 33.6 9.8 0 2.2 0.5 0.6 2 0 0.2 0.5 1.5 0 4.9 1.3 3.4 0.3 52.6 NA 46.3 37.2 4.6 4.8 0.3
20241224 25.5 2.7 0 2.2 0.4 0.6 1 0 0 0.2 3.2 0 5.9 0.6 2.8 0.1 22.8 NA 46.6 45.8 4.6 6.4 0.1
20241225 31.6 7.5 0 1.5 0.5 0.8 1.1 0 0 0.2 3.3 0 10.6 0.2 3.1 0.1 37.7 NA 41.6 50.2 5.2 9 0.1
20241226 35.8 1.1 0 1.5 0.3 0.5 1.5 0 0 0.4 0.8 0 12 0.2 2.8 0.3 5.9 NA 53.4 48.3 3.8 6.2 0.4
20241227 27.2 0.8 0 1.1 0.1 0.2 0.4 0 0 0.2 0.3 0 4.8 0 2.3 0.1 1 NA 43.5 40.5 2.1 4.4 0.1
20241228 24.1 0.3 0 0.7 0.1 0.2 0.4 0 0 0.2 0.1 0 4.7 0 2.3 0.1 0.6 NA 35.1 40.5 1.8 4.5 0.1
20241229 20.5 0.2 0 0.1 0.1 0.2 0.1 0 0 0.1 0 0 4.5 0 2.2 0.1 0.4 NA 28.6 27.4 1.8 4.3 0.1
20241230 15.9 0.2 0 0.1 0.1 0.2 0.1 0 0 0 0 0 4.5 0 2.2 0.1 0.1 NA 19.5 23.1 1.3 3.1 0.1
20241231 13.8 0 0 0 0 0 0 0 0 0 0 0 2.2 0 2.4 0.1 0 NA 21.2 19.5 1.3 2.6 0
20250101 13.9 0 0 0 0.2 0 0.2 0 0 0 0.2 0 2.6 0.1 2.4 0.1 0 NA 6.3 23.2 3 3.4 0
20250102 17.3 0.8 0 0.3 0.2 0.3 0.2 0 0 0.2 0.3 0 4.1 0 2.6 0.2 0.4 NA 3.7 19.6 2.8 3.6 0
20250103 23.1 0 0 0 0.3 0 0 0 0 0.1 1.1 0 4.1 0.2 2.6 0.1 0 NA 38 23.2 3.3 2.1 0
20250104 26.2 0 0 0 0.3 0 0 0 0 0.3 1.1 0 4.1 0.2 2.6 0.1 0 NA 35.1 23.2 3.2 2.1 0
20250105 26.6 4.7 0 1 0.3 0 0.6 0 0 0.4 1.6 0 4.1 1.8 3.1 0.1 13.1 NA 46.8 23.2 3.2 2.1 0
20250106 42.6 22.9 0.5 3.5 1.2 0.5 2.8 0.3 0.3 0.7 7 0 6.6 1.7 4.9 0.3 54.6 NA 52 58.1 5.3 10.8 0
20250107 38.2 69.8 0.7 3.3 1.3 0.4 3.9 0.9 1.2 0.7 7.8 0 6.9 1.3 4.1 0.2 91 NA 54.2 58.9 7.3 9.8 0.2
20250108 44.2 68.4 0.4 3 1.4 0.5 4.5 2.3 1.4 0.9 13.1 0 7.5 3.4 5.6 0.2 91.1 NA 56.8 74.1 8.6 14.7 0.4
20250109 51.5 67.8 0.3 2.6 2.1 0.5 6.8 4.2 1.4 1 17.4 0.1 8.5 5.9 7.2 0.6 90.9 NA 62.4 70.5 22.1 15.1 0.4
20250110 51.8 89.6 11.9 8.4 2.9 0.8 13.4 7.2 0.5 0.4 16.5 0 9.1 10.2 8.9 0.4 89.2 NA 70.3 92.6 34.9 25.9 1.1
20250111 42.8 82.6 11.7 8.6 4.5 2 11.8 5.4 0.3 1.3 17.2 3.4 20.4 2.1 5.7 0.6 89.9 NA 78 99.2 24.6 22.4 5.9
20250112 51.8 80.9 7 4 5.1 1.8 9.5 1.6 0.3 1.3 14.9 1.3 12.5 7.7 8.6 0.8 89.7 NA 71.9 97.7 19.9 18 1.8
20250113 50.2 60.8 3 3.2 4.2 1.7 2.8 6.4 0 0.8 9.5 0.5 11.8 3.6 6.4 0.4 84.8 NA 57.7 97.7 10 17.1 1.8
20250114 61 93.2 13.4 6.8 2.8 2.5 8.2 4.6 0.6 3 17.9 0.2 15.5 3.9 6.8 0.5 94.4 NA 65.1 91.3 11.9 15 1.9
20250115 72.8 93.4 15.9 8.5 2.9 1.5 10.6 9.9 2 2.7 25 0.2 11.8 3.4 8.9 0.7 97.8 NA 67 94.3 11.4 18.4 1.6
20250116 74.4 94.1 23.1 18.1 3.6 1.1 10.9 11.6 0.9 1.8 16.6 0.9 32.4 0.7 8.2 0.7 99.8 NA 68.3 85.6 13.1 23.9 3.5
20250117 70.1 78.9 22.1 11.2 1.1 1.4 6.9 6.5 0 0.7 16.5 0.1 22.9 1.7 6.3 0.3 97.8 NA 64.2 72.7 9.2 6.1 1.9
20250118 64 63.7 21.1 11.1 1.6 1.3 3.4 2.1 0 1 13.8 0.3 18.3 2.7 7.1 0.2 97.7 NA 64.7 91.8 9.4 10.3 2.6
20250119 92.1 84.8 22.9 8.4 7.8 1.4 12.5 10.7 0.5 1.9 30.4 0.3 10.2 4 9.6 0.6 96.2 NA 62.1 95.2 24.3 17.9 2.7
20250120 96.1 87.3 31.5 15.2 6.7 4.5 20.7 18.7 0.9 4 37.3 4 17.4 5.9 12.7 2.6 96.1 NA 75 92.5 49.4 31.8 6.3
20250121 95.8 94.5 53.6 38.6 10.3 4 21 19.2 4.3 7.4 45.9 0.5 20.2 9.1 13.4 3.9 99.9 NA 78.4 96.2 38.2 40.5 4.1
20250122 96.4 94.7 82.6 55.7 4.8 3.2 24.2 23.5 2.4 4 44.5 10.6 30.7 9.4 16.2 4.5 99.9 NA 79.8 96.2 41.1 32.2 8.3
20250123 96.7 94.6 89.6 58.2 10.2 5.8 26.5 24.6 2.7 7.2 46.9 10.7 36.6 5.7 11.8 2.2 100 NA 81.7 97.8 58 28.7 7.5
20250124 97.9 83.8 88.6 48.7 12.3 10.2 28.3 17.5 6 8.1 54.1 1.8 37.1 10 14.5 4.3 100 NA 78.1 98.2 54 43.4 4.6
20250125 97.5 93.2 92 58.2 9.4 6 29.1 20.8 2.3 4.2 40.7 2.8 35.9 6.7 16 4.2 100 NA 88.3 96.4 40.8 34.6 6.3
20250126 86.9 78.5 81.3 39.8 4.6 3.5 10.7 13.4 2.1 3.9 37.8 0.4 23.7 3.5 10.2 1.4 100 NA 72.4 93.6 26.6 27.2 2.1
20250127 86.8 80.9 83.4 38.7 2.9 3.6 10.2 16.3 1.2 2.3 34.6 0.3 21 3.6 7.8 1 100 NA 71.2 90.4 24.5 25.8 1.4
20250128 96.6 89.1 89.6 75.6 9.5 3.2 9.5 4.6 0.6 3.7 52 3 35.9 5.8 11.2 0.9 100 NA 70.9 94 58.8 37.2 1.1
20250129 94.1 72.7 81.9 55.8 12.4 4.2 7.8 3.3 0.7 3.6 45.5 1 42.2 3 9.1 1.8 100 NA 62 95.3 72.4 37.5 3.7
20250130 97.1 73.8 86 61.8 10.7 9.6 17.4 8.3 3.8 5.1 50.5 0.9 38 3.7 10.5 3.7 96.9 NA 69.1 99.1 75.7 49.6 2.5
20250131 97.4 65.7 78.8 68.2 9.4 7.5 22.7 7.9 4.5 3.3 60 0.4 35.8 2.5 13.2 1.8 96.9 NA 68.1 99.1 77 38.8 2.2
20250201 93.3 75.7 84.6 68.2 23.4 26 31.9 8.7 3.5 7.6 71.8 1.9 55.8 4.2 14.7 6.5 96.8 NA 80.3 99.1 90.8 59.1 7.3
20250202 92.5 76 87.5 83.6 18.7 29.1 27.5 11.8 1.1 2.8 63.6 14.8 40.3 20 20 8.6 96.8 NA 82.3 99 82.6 66 6.6
20250203 91.4 84.8 86 92.4 4.2 4.2 25.7 4.9 1.5 1.5 43.2 1.5 39.3 4 7.8 1.5 96.8 NA 78.8 99.4 44.6 38.7 3.6
20250204 94.1 70.4 82 93.8 7 4.1 20.9 2.8 1 5.1 58.1 0.6 55.3 2.6 9.1 1.4 86.5 NA 79.3 99.7 85.2 44.3 2.4
20250205 97.1 71.6 81.6 72.6 10.3 6.2 22.5 2 4.8 8.8 57.3 0.7 74.7 6.8 13.1 2.6 93.6 NA 86.7 99.7 91.3 46.3 5.9
20250206 96.2 88 92.1 90.7 8.6 13.4 30.3 3.6 0 1.8 61 4.7 65.3 8 17.1 8.5 96.6 NA 86.4 99.7 89.8 56.5 3.8
20250207 84.7 82.9 90.9 64.7 10.8 3.8 21.3 3.3 0 4.9 47.4 5.6 52.5 8.4 12.8 3.6 87.9 NA 80.9 99.6 71.9 39.8 2.8
20250208 97 91.2 93.8 63.7 7.9 6 31.3 1.5 2 4.8 46.4 0.6 35.4 5.4 11.2 5 95.9 NA 86.5 99.6 78.5 37.8 0.8
20250209 96.1 91.1 92.7 90.3 9.5 4.6 35.3 1.7 2.9 3.7 56.5 1.8 56.4 3.9 10.8 3.9 96 NA 89.2 99.7 92.7 38 2.1
20250210 96.3 86.4 88.4 86.8 8.6 7.3 40.5 7.4 0.6 3.4 60.8 0.9 60.2 5.9 13.2 9.7 94.1 NA 91 99.6 90 45.7 2.1
20250211 97.7 84.8 91.6 94.6 6.3 5.3 41.8 12.8 2.4 2.4 49.5 3.1 49.7 6.2 13.2 6.4 95.5 NA 89.8 99.8 93.8 44.6 2.6
20250212 98 93.6 91.9 95.5 21.2 18.5 35.3 10.3 4.4 7.9 81.8 1.6 72.7 8.4 18.3 14 97.1 NA 93 100 96.1 50.4 2.9
20250213 100 88.5 90.4 82.3 17.7 18.2 28.3 14.3 3.7 8.8 89.1 6.5 60.8 5.8 21.5 24.7 96.9 NA 84.3 100 96 62.6 4.2
20250214 99.4 74 86.2 82.4 12.4 4 31.4 17.3 4.3 7 63 2.4 58.9 9 18.1 17.5 97.6 NA 80.2 100 97 60.3 2.1
20250215 99.1 85.6 89.5 81.4 10.6 6.5 42.8 22.4 1.4 2.6 60.8 2.4 58.9 9.5 21 21.2 97.6 NA 87.9 100 97 53.3 2.1
20250216 99.1 91 92.6 91.7 13.7 13.5 33.7 19.8 0.7 5.1 66.3 3.1 60.4 3.9 13.8 19 97.6 NA 89.7 100 97 56.1 2.1
20250217 97.6 78.6 87.5 88.9 26.4 18.1 39.7 19.7 5.9 7.5 72.5 4.6 62.5 11 15.2 21.7 97.6 NA 94 100 97.1 78.6 3.2
20250218 99.7 95.9 94.4 95 24.2 10.9 53.9 23.4 8.9 16.4 80.1 4.9 65.8 24.1 21.3 22.8 100 NA 93.1 100 97.8 72.9 6.6
20250219 99.2 93.1 92.6 94.7 24.3 15.1 60.7 26 11 17.6 79.3 7.4 74.6 40.4 24.1 23.2 99.7 NA 97 100 97.8 78.9 12.7
20250220 99.6 97.8 95.2 95.9 37.8 23.5 67.8 25.7 8.6 21.6 95 5.4 84.6 36.8 27.4 31.3 100 NA 97.9 100 99.9 87.4 14.4
20250221 99.4 94.6 95.2 96 43.5 42.8 73.5 29.1 11.2 20 89.9 1.9 87 66.4 44.3 40.3 99.8 NA 97.9 100 99.9 95.3 11.5
20250222 98.9 94.5 94.3 95.2 16.7 6.5 63.6 23 9.1 7.3 64.7 8.4 67.8 32.6 25.4 22 99.8 NA 84.2 100 99.9 82.7 9.9
20250223 98.6 74.8 88.7 88.7 15.5 4.5 55.1 19.4 7.7 6.7 66.4 2.3 60.2 20.8 23.1 20.6 99.9 NA 76.8 100 99.9 66.9 5.6
20250224 97.8 74 85.1 88.4 17.3 5.6 55.6 12.6 0.5 2.1 56.9 1.1 51 13 20.3 22.8 99.8 NA 69.1 100 99.9 72.1 1.3
20250225 99.1 73.5 81.2 87.7 11.3 6.4 48.1 7.4 0.2 2.4 53.7 0.7 55.8 3 19.8 17.1 100 NA 72.4 100 99.4 60.1 1.1
20250226 98.6 66.2 79 87 9 7.2 48.3 11.2 1.6 5.9 73.9 0.6 54.1 5 14.3 21.1 97.1 NA 94.9 100 99.8 57.9 0.9
20250227 98 69.5 80.2 90.1 8.2 7.7 35.2 9.2 0.9 1.2 51.8 0.3 49.9 2.3 11.8 12.5 97.2 NA 61.6 100 99.3 56.8 0.2
20250228 97.2 58.6 68.9 87.3 5.7 5.6 20.8 4.6 0 1 50.8 0.6 48.7 1.8 9.3 9.9 91.8 NA 56.2 100 96.5 55.1 0.3
20250301 86.1 49 69 84 6.5 4.6 21.9 0.9 0 3.8 48.9 0.2 43.7 1.5 10.6 13.5 91.8 NA 54 99.7 95.5 61.4 0.3
20250302 85.8 40.9 65.2 87.1 9.5 13 18.1 5.8 2.2 5 56.7 0.4 62.2 13 20.1 20.6 82 NA 68.8 99.7 98.8 72.6 2.5
20250303 89.9 40.7 68.9 91.5 28 33.5 50.5 7.8 0 1.1 55.9 1.4 60.6 10.2 18.1 21.1 89.7 NA 91.7 99.7 98.8 73.7 3
20250304 87.7 42.2 65 87.2 5.9 12.6 26.8 4.8 0 0.6 47.7 0.6 56 8.8 17.7 18.6 84.8 NA 69 99.7 99.2 65.6 0.8
20250305 84.8 42.3 63.4 87.8 4.3 12.5 25.6 5 0.9 0.4 52.9 0.7 53.6 4.3 8 12.9 84.8 NA 67.2 99.7 91.7 62.8 0.6
20250306 90.1 26.2 47.5 79.9 3.6 13.3 11.5 0.3 0 3.9 55.7 0.5 53.1 2.2 10.5 17.2 67 NA 47 99.7 98.5 56.8 0.3
20250307 82.5 15.4 34 75.9 5 4.8 5.8 0.7 0 2.5 49.1 0.5 42.6 4.6 10.9 13.2 54.3 NA 47.3 99.7 99.2 42.8 0.4
20250308 79.4 14.5 30.5 77.3 6.9 5.9 8.1 1 0.3 2.1 55.3 0.5 38.8 16.6 17.5 15.9 53.7 NA 43.4 99.7 99.2 51.5 0.4
20250309 94.2 14.3 26.3 78.8 6.9 6.3 7.6 0.6 0 2.3 44.7 0.5 38.9 5.2 13 14.2 50.3 NA 39.8 99.4 99.2 48.5 0.2
20250310 80.2 9.9 26.3 80.1 6.7 6.5 6.8 0.8 0 1.7 44.3 0.5 38.5 3 12.3 17.9 46.7 NA 43.9 99.4 98.8 42.7 0.2
20250311 75.3 5.6 18.5 80 2.5 5.5 6.1 0.6 0.1 1.4 39 0.5 36.3 0.7 8.1 6.9 30.7 NA 38.2 99.3 98 38.7 0.2
20250312 74 9.2 17.5 76.5 2.5 5.1 6.4 0.5 0.1 0.9 34 0.3 44.3 0.4 7.6 4.1 28.8 NA 31.6 99.3 96.4 39.4 0.2
20250313 78.4 4.7 21.5 69.6 2.3 11.1 8.6 4 1.1 0.4 45.6 0 56.1 2.3 10.1 10.9 19 NA 26 99.5 94.7 40.2 0.4
20250314 74.7 0 22.7 74.6 2.1 11.6 12.4 3.8 1.7 0.2 48 1 60.3 1.7 9.9 10.3 14.2 NA 25.3 99.5 96.6 43.6 1.4
20250315 58.3 0 22.1 76.6 2.5 14.3 13.9 3.6 3.9 0.1 52.9 0 66.6 2.1 11.1 10.3 3.9 NA 16.5 99.5 90.8 44.5 1.6
20250316 59.1 0 16.8 67.7 4.8 11.9 8.6 3.3 2.9 0.8 44.3 0 53.5 1.1 8.1 7.6 0 NA 14.7 99.5 87.5 41.6 0.8
20250317 63.6 0 9.9 68.7 3.5 8.9 6.8 0.3 0.2 1.2 41.4 0 37.1 1.4 9.4 10.6 0 NA 0 99.5 91.1 37 0
20250318 50.1 0 9.3 70.1 2.7 3.8 3.3 0 0 0.5 37.9 0 27.3 3.1 7.8 5.6 0 NA 0 99.1 73.9 35.9 0.1
20250319 34.5 0 5.4 66.4 1.3 6.1 2.7 0 0 0.1 29.2 0 24.9 2.6 6.8 4.9 0 NA 0 98 73.4 36.7 0.2
20250320 11 0 4.4 65.3 2 6.6 2.2 0 0 0.1 32 0 11.8 1 5.1 4.2 0 NA 0 97.3 73.4 37.8 0.1
20250321 8.3 0 2.3 58.5 1.9 5.6 0.3 0 0 0.2 29.9 0 4.3 2.2 5.6 2.7 0 NA 0 90 67 39.1 0.2
20250322 6.5 0 0.3 52.1 1 2.9 0 0 0 0.2 17.2 0 4.8 0 3.8 1.5 0 NA 0 88.6 69.9 28.9 0.1
20250323 14 0 2.2 57.7 11.2 7.4 0 0 0 0.2 39.9 0 4.8 0 7.7 14.3 0 NA 0 92.1 77.9 44.9 0.1
20250324 10.4 0 1.8 48.5 2.6 3.9 0.1 0 0 0.1 35.9 0 4.1 1.4 7.1 9.6 0 NA 0 93 75.2 37.6 0.1
20250325 9.4 0 0 28.5 2 2.4 0.3 0 0 0.1 22.3 0 0.2 2.5 5.4 4.5 0 NA 0 94.5 72.2 27.8 0
20250326 8.8 0 0 18.5 1.7 2.4 0 0 0 0.4 16.2 0 0.2 13.8 6.8 4.7 0 NA 0 94.6 74.2 24.4 0
20250327 6.3 0 0 17.1 2 2.5 0 0 0 0.1 13.9 0 0.3 0 5.2 2.3 0 NA 0 89.2 74.5 23.9 0
20250328 7.8 0 0 16.7 2.4 2.5 0 0 0 0.1 16.8 0 0.4 0.3 4.3 0.9 0 NA 0 86.1 77.1 25.1 0
20250329 8 0 0 16.5 1.7 6.6 0 0 0 0.1 15.1 0 2.6 0 3.8 1 0 NA 0 86.1 68.1 29.2 0
20250330 7.1 0 0 20.5 1.6 5.2 0 0 0 0.7 15.6 0 0 0 3.5 0.6 0 NA 0 86.1 62.7 25.6 0
20250331 8.9 0 0 17.9 1.8 4.2 0 0 0 1 10.2 0 0 0 3.5 1 0 NA 0 83.9 68.5 24.8 0
20250401 18.3 0 0 12 0.9 1.8 0 0 0 0.4 8.5 0 0 0 4.8 3 0 NA 0 84.2 79.7 22.9 0
20250402 8.4 0 0 16.7 0.7 1.7 0 0 0 0 5.5 0 0 0 3.6 1.6 0 NA 0 87.8 66.6 23.8 0
20250403 2.8 0 0 14.1 0.5 0.8 0 0 0 0.1 5.2 0 0 0 3.3 2 0 NA 0 85.8 69.5 24 0
20250404 3.9 0 0 11.8 3.2 0.4 0 0 0 0.1 5.8 0 0 0 5.1 1.5 0 NA 0 87.4 74.6 23.3 0
20250405 3.2 0 0 11.8 1 0.4 0 0 0 0 4.5 0 0 0 5.1 0.6 0 NA 0 88.3 80.8 23.7 0
20250406 2.3 0 0 9.9 1.2 0.1 0 0 0 0 0.8 0 0 0 3.2 0.1 0 NA 0 84.2 59 20.4 0
20250407 0.8 0 0 10.1 0.1 0 0 0 0 0 0.1 0 0 0 2.8 0.1 0 NA 0 80.6 61 19.3 0
20250408 0.7 0 0 9.1 0.4 0 0 0 0 0 0.1 0 0 0 3.2 0.4 0 NA 0 78.1 42.3 16 0
20250409 1.8 0 0 6.8 0.3 0 0 0 0 0 0.1 0 0 0 3.6 1 0 NA 0 77.5 42.1 17.2 0
20250410 1.7 0 0 5.5 0.1 0 0 0 0 0 0.3 0 0 0 2.6 1.7 0 NA 0 81.1 60.7 17 0
20250411 2 0 0 7.9 0.3 0 0 0 0 0 0 0 0 0 2.7 0.8 0 NA 0 78 60.3 19.2 0
20250412 1.5 0 0 5 0.5 0 0 0 0 0 0 0 0 0 2.7 0.1 0 NA 0 81.8 48.4 17.3 0
20250413 0.6 0 0 5.1 0.2 0 0 0 0 0 0.1 0 0 0 2.8 0.1 0 NA 0 81.7 60.8 17.5 0
20250414 0.5 0 0 4.9 0.1 0 0 0 0 0 0.1 0 0 0 2.7 0.1 0 NA 0 81.7 63.5 17.6 0
20250415 0 0 0 2.6 0.1 0 0 0 0 0 0 0 0 0 2.7 0.1 0 NA 0 81.4 52.1 17.6 0
20250416 0.1 0 0 2.3 0.1 0 0 0 0 0 0 0 0 0 2.6 0.1 0 NA 0 56.8 17.2 13.6 0
20250417 0 0 0 0.9 0.1 0 0 0 0 0 0 0 0 0 2.5 0.1 0 NA 0 46.5 23.5 11.7 0
20250418 0 0 0 0.7 0.1 0 0 0 0 0 0 0.9 0 0 2.4 0.1 0 NA 0 47.2 24.1 12.5 0.5
20250419 0 0 0 0.4 0.2 0 0 0 0 0 0 0 0 0 2.6 0.1 0 NA 0 46.9 36.7 11.9 0.3
20250420 0 0 0 0.4 0.1 0 0 0 0 0 0 0 0 0 2.6 0.1 0 NA 0 34.3 26.9 8 0
20250421 0 0 0 0.4 0 0 0 0 0 0 0 0 0 0 2.3 0.1 0 NA 0 21.1 33.4 4.4 0
20250422 0 0 0 0.3 0 0 0 0 0 0 0 0 0 0 2.2 0.1 0 NA 0 13.9 7.3 3.9 0
20250423 0 0 0 0 0 0 0 0 0 0 0 0 0 0 2.2 0 0 NA 0 11.5 6.7 2 0
20250424 0 0 0 0 0 0 0 0 0 0 0 0 0 0 2.2 0 0 NA 0 6.2 3.6 1.5 0
20250425 0 0 0 0 0 0 0 0 0 0 0 0 0 0 0 0 0 NA 0 0 0.5 0 0
20250426 0 0 0 0 0 0 0 0 0 0 0 0 0 0 2.2 0 0 NA 0 3 1 1.5 0
20250427 0 0 0 0 0 0 0 0 0 0 0 0 0 0 2.2 0 0 NA 0 1.2 2.4 0.7 0
20250428 0 0 0 0 0 0 0 0 0 0 0 0 0 0 2.2 0 0 NA 0 1.3 0.5 0.1 0
20250429 0 0 0 0 0 0 0 0 0 0 0 0 0 0 2.2 0 0 NA 0 1.8 0.4 0 0
20250430 0 0 0 0 0 0 0 0 0 0 0 0 0 0 2.1 0 0 NA 0 0.8 0 0 0
20250501 0 0 0 0 0 0 0 0 0 0 0 0 0 0 2.1 0 0 NA 0 0.7 0 0 0
20250502 0 0 0 0 0 0 0 0 0 0 0 0 0 0 2.1 0 0 NA 0 0 0 0 0
20250503 0 0 0 0 0 0 0 0 0 0 0 0 0 0 2.1 0 0 NA 0 0 0 0 0
20250504 0 0 0 0 0 0 0 0 0 0 0 0 0 0 2 0 0 NA 0 0 0 0 0
20250505 0 0 0 0 0 0 0 0 0 0 0 0 0 0 2.1 0 0 NA 0 0 0 0 0
20250506 0 0 0 0 0 0 0 0 0 0 0 0 0 0 2 0 0 NA 0 0 0 0 0
20250507 0 0 0 0 0 0 0 0 0 0 0 0 0 0 1.8 0 0 NA 0 0 0 0 0
20250508 0 0 0 0 0 0 0 0 0 0 0 0 0 0 1.3 0 0 NA 0 1.6 0.1 0 0
20250509 0 0 0 0 0 0 0 0 0 0 0 0 0 0 0.9 0 0 NA 0 0 0 0 0
20250510 0 0 0 0 0 0 0 0 0 0 0 0 0 0 0.2 0 0 NA 0 0 0 0 0
20250511 0 0 0 0 0 0 0 0 0 0 0 0 0 0 0 0 0 NA 0 0 0 0 0
20250512 0 0 0 0 0 0 0 0 0 0 0 0 0 0 0 0 0 NA 0 0 0 0 0
20250513 0 0 0 0 0 0 0 0 0 0 0 0 0 0 0 0 0 NA 0 0 0 0 0
20250514 0 0 0 0 0 0 0 0 0 0 0 0 0 0 0 0 0 NA 0 0 0 0 0
20250515 0 0 0 0 0 0 0 0 0 0 0 0 0 0 0 0 0 NA 0 0 0 0 0
